
> react-kavia@0.1.0 start
> react-scripts start

Attempting to bind to HOST environment variable: 0.0.0.0
If this was unintentional, check that you haven't mistakenly set it in your shell.
Learn more here: https://cra.link/advanced-config

(node:609) [DEP_WEBPACK_DEV_SERVER_ON_AFTER_SETUP_MIDDLEWARE] DeprecationWarning: 'onAfterSetupMiddleware' option is deprecated. Please use the 'setupMiddlewares' option.
(Use `node --trace-deprecation ...` to show where the warning was created)
(node:609) [DEP_WEBPACK_DEV_SERVER_ON_BEFORE_SETUP_MIDDLEWARE] DeprecationWarning: 'onBeforeSetupMiddleware' option is deprecated. Please use the 'setupMiddlewares' option.
Starting the development server...

Compiled successfully!

You can now view react-kavia in the browser.

  Local:            http://localhost:3000
  On Your Network:  http://172.17.0.2:3000

Note that the development build is not optimized.
To create a production build, use npm run build.

webpack compiled successfully
Compiling...
Compiled successfully!
webpack compiled successfully
Compiling...
Failed to compile.

Attempted import error: './App' does not contain a default export (imported as 'App').
WARNING in [eslint] 
src/App.js
  Line 1:8:   'React' is defined but never used      no-unused-vars
  Line 1:17:  'useState' is defined but never used   no-unused-vars
  Line 1:27:  'useEffect' is defined but never used  no-unused-vars

ERROR in ./src/index.js 11:33-36
export 'default' (imported as 'App') was not found in './App' (module has no exports)

webpack compiled with 1 error and 1 warning
Compiling...
Failed to compile.

Attempted import error: './App' does not contain a default export (imported as 'App').
WARNING in [eslint] 
src/App.js
  Line 1:8:   'React' is defined but never used      no-unused-vars
  Line 1:17:  'useState' is defined but never used   no-unused-vars
  Line 1:27:  'useEffect' is defined but never used  no-unused-vars

ERROR in ./src/index.js 11:33-36
export 'default' (imported as 'App') was not found in './App' (module has no exports)

webpack compiled with 1 error and 1 warning
Compiling...
Compiled successfully!
webpack compiled successfully
Compiling...
Failed to compile.

Attempted import error: './App' does not contain a default export (imported as 'App').
WARNING in [eslint] 
src/App.js
  Line 1:8:   'React' is defined but never used      no-unused-vars
  Line 1:17:  'useState' is defined but never used   no-unused-vars
  Line 1:27:  'useEffect' is defined but never used  no-unused-vars

ERROR in ./src/index.js 11:33-36
export 'default' (imported as 'App') was not found in './App' (module has no exports)

webpack compiled with 1 error and 1 warning
Compiling...
Failed to compile.

Attempted import error: './App' does not contain a default export (imported as 'App').
WARNING in [eslint] 
src/App.js
  Line 1:8:   'React' is defined but never used                  no-unused-vars
  Line 1:17:  'useState' is defined but never used               no-unused-vars
  Line 1:27:  'useEffect' is defined but never used              no-unused-vars
  Line 5:7:   'API_BASE_URL' is assigned a value but never used  no-unused-vars

ERROR in ./src/index.js 11:33-36
export 'default' (imported as 'App') was not found in './App' (module has no exports)

webpack compiled with 1 error and 1 warning
Compiling...
Failed to compile.

[eslint] 
src/App.js
Syntax error: Unexpected token (9:0) (9:undefined)
ERROR in ./src/App.js
Module build failed (from ./node_modules/babel-loader/lib/index.js):
SyntaxError: /tmp/kavia/workspace/code-generation/tictactoeweb-620896-aa8990a6/tic_tac_toe_frontend/src/App.js: Unexpected token (9:0)

  7 | // PUBLIC_INTERFACE
  8 | function App() {
> 9 |
    | ^
    at constructor (/tmp/kavia/workspace/code-generation/tictactoeweb-620896-aa8990a6/tic_tac_toe_frontend/node_modules/@babel/parser/lib/index.js:360:19)
    at FlowParserMixin.raise (/tmp/kavia/workspace/code-generation/tictactoeweb-620896-aa8990a6/tic_tac_toe_frontend/node_modules/@babel/parser/lib/index.js:3327:19)
    at FlowParserMixin.unexpected (/tmp/kavia/workspace/code-generation/tictactoeweb-620896-aa8990a6/tic_tac_toe_frontend/node_modules/@babel/parser/lib/index.js:3347:16)
    at FlowParserMixin.parseExprAtom (/tmp/kavia/workspace/code-generation/tictactoeweb-620896-aa8990a6/tic_tac_toe_frontend/node_modules/@babel/parser/lib/index.js:11126:16)
    at FlowParserMixin.parseExprAtom (/tmp/kavia/workspace/code-generation/tictactoeweb-620896-aa8990a6/tic_tac_toe_frontend/node_modules/@babel/parser/lib/index.js:6937:20)
    at FlowParserMixin.parseExprSubscripts (/tmp/kavia/workspace/code-generation/tictactoeweb-620896-aa8990a6/tic_tac_toe_frontend/node_modules/@babel/parser/lib/index.js:10758:23)
    at FlowParserMixin.parseUpdate (/tmp/kavia/workspace/code-generation/tictactoeweb-620896-aa8990a6/tic_tac_toe_frontend/node_modules/@babel/parser/lib/index.js:10743:21)
    at FlowParserMixin.parseMaybeUnary (/tmp/kavia/workspace/code-generation/tictactoeweb-620896-aa8990a6/tic_tac_toe_frontend/node_modules/@babel/parser/lib/index.js:10723:23)
    at FlowParserMixin.parseMaybeUnaryOrPrivate (/tmp/kavia/workspace/code-generation/tictactoeweb-620896-aa8990a6/tic_tac_toe_frontend/node_modules/@babel/parser/lib/index.js:10576:61)
    at FlowParserMixin.parseExprOps (/tmp/kavia/workspace/code-generation/tictactoeweb-620896-aa8990a6/tic_tac_toe_frontend/node_modules/@babel/parser/lib/index.js:10581:23)
    at FlowParserMixin.parseMaybeConditional (/tmp/kavia/workspace/code-generation/tictactoeweb-620896-aa8990a6/tic_tac_toe_frontend/node_modules/@babel/parser/lib/index.js:10558:23)
    at FlowParserMixin.parseMaybeAssign (/tmp/kavia/workspace/code-generation/tictactoeweb-620896-aa8990a6/tic_tac_toe_frontend/node_modules/@babel/parser/lib/index.js:10521:21)
    at FlowParserMixin.parseMaybeAssign (/tmp/kavia/workspace/code-generation/tictactoeweb-620896-aa8990a6/tic_tac_toe_frontend/node_modules/@babel/parser/lib/index.js:5773:18)
    at FlowParserMixin.parseExpressionBase (/tmp/kavia/workspace/code-generation/tictactoeweb-620896-aa8990a6/tic_tac_toe_frontend/node_modules/@babel/parser/lib/index.js:10475:23)
    at /tmp/kavia/workspace/code-generation/tictactoeweb-620896-aa8990a6/tic_tac_toe_frontend/node_modules/@babel/parser/lib/index.js:10471:39
    at FlowParserMixin.allowInAnd (/tmp/kavia/workspace/code-generation/tictactoeweb-620896-aa8990a6/tic_tac_toe_frontend/node_modules/@babel/parser/lib/index.js:12095:16)
    at FlowParserMixin.parseExpression (/tmp/kavia/workspace/code-generation/tictactoeweb-620896-aa8990a6/tic_tac_toe_frontend/node_modules/@babel/parser/lib/index.js:10471:17)
    at FlowParserMixin.parseStatementContent (/tmp/kavia/workspace/code-generation/tictactoeweb-620896-aa8990a6/tic_tac_toe_frontend/node_modules/@babel/parser/lib/index.js:12539:23)
    at FlowParserMixin.parseStatementLike (/tmp/kavia/workspace/code-generation/tictactoeweb-620896-aa8990a6/tic_tac_toe_frontend/node_modules/@babel/parser/lib/index.js:12406:17)
    at FlowParserMixin.parseStatementLike (/tmp/kavia/workspace/code-generation/tictactoeweb-620896-aa8990a6/tic_tac_toe_frontend/node_modules/@babel/parser/lib/index.js:5140:24)
    at FlowParserMixin.parseStatementListItem (/tmp/kavia/workspace/code-generation/tictactoeweb-620896-aa8990a6/tic_tac_toe_frontend/node_modules/@babel/parser/lib/index.js:12386:17)
    at FlowParserMixin.parseBlockOrModuleBlockBody (/tmp/kavia/workspace/code-generation/tictactoeweb-620896-aa8990a6/tic_tac_toe_frontend/node_modules/@babel/parser/lib/index.js:12960:61)
    at FlowParserMixin.parseBlockBody (/tmp/kavia/workspace/code-generation/tictactoeweb-620896-aa8990a6/tic_tac_toe_frontend/node_modules/@babel/parser/lib/index.js:12953:10)
    at FlowParserMixin.parseBlock (/tmp/kavia/workspace/code-generation/tictactoeweb-620896-aa8990a6/tic_tac_toe_frontend/node_modules/@babel/parser/lib/index.js:12941:10)
    at FlowParserMixin.parseFunctionBody (/tmp/kavia/workspace/code-generation/tictactoeweb-620896-aa8990a6/tic_tac_toe_frontend/node_modules/@babel/parser/lib/index.js:11783:24)
    at FlowParserMixin.parseFunctionBody (/tmp/kavia/workspace/code-generation/tictactoeweb-620896-aa8990a6/tic_tac_toe_frontend/node_modules/@babel/parser/lib/index.js:5117:11)
    at FlowParserMixin.parseFunctionBodyAndFinish (/tmp/kavia/workspace/code-generation/tictactoeweb-620896-aa8990a6/tic_tac_toe_frontend/node_modules/@babel/parser/lib/index.js:11769:10)
    at FlowParserMixin.parseFunctionBodyAndFinish (/tmp/kavia/workspace/code-generation/tictactoeweb-620896-aa8990a6/tic_tac_toe_frontend/node_modules/@babel/parser/lib/index.js:5125:18)
    at /tmp/kavia/workspace/code-generation/tictactoeweb-620896-aa8990a6/tic_tac_toe_frontend/node_modules/@babel/parser/lib/index.js:13085:12
    at FlowParserMixin.withSmartMixTopicForbiddingContext (/tmp/kavia/workspace/code-generation/tictactoeweb-620896-aa8990a6/tic_tac_toe_frontend/node_modules/@babel/parser/lib/index.js:12077:14)
    at FlowParserMixin.parseFunction (/tmp/kavia/workspace/code-generation/tictactoeweb-620896-aa8990a6/tic_tac_toe_frontend/node_modules/@babel/parser/lib/index.js:13084:10)
    at FlowParserMixin.parseFunctionStatement (/tmp/kavia/workspace/code-generation/tictactoeweb-620896-aa8990a6/tic_tac_toe_frontend/node_modules/@babel/parser/lib/index.js:12769:17)
    at FlowParserMixin.parseStatementContent (/tmp/kavia/workspace/code-generation/tictactoeweb-620896-aa8990a6/tic_tac_toe_frontend/node_modules/@babel/parser/lib/index.js:12430:21)
    at FlowParserMixin.parseStatementLike (/tmp/kavia/workspace/code-generation/tictactoeweb-620896-aa8990a6/tic_tac_toe_frontend/node_modules/@babel/parser/lib/index.js:12406:17)
    at FlowParserMixin.parseStatementLike (/tmp/kavia/workspace/code-generation/tictactoeweb-620896-aa8990a6/tic_tac_toe_frontend/node_modules/@babel/parser/lib/index.js:5140:24)
    at FlowParserMixin.parseModuleItem (/tmp/kavia/workspace/code-generation/tictactoeweb-620896-aa8990a6/tic_tac_toe_frontend/node_modules/@babel/parser/lib/index.js:12383:17)
    at FlowParserMixin.parseBlockOrModuleBlockBody (/tmp/kavia/workspace/code-generation/tictactoeweb-620896-aa8990a6/tic_tac_toe_frontend/node_modules/@babel/parser/lib/index.js:12960:36)
    at FlowParserMixin.parseBlockBody (/tmp/kavia/workspace/code-generation/tictactoeweb-620896-aa8990a6/tic_tac_toe_frontend/node_modules/@babel/parser/lib/index.js:12953:10)
    at FlowParserMixin.parseProgram (/tmp/kavia/workspace/code-generation/tictactoeweb-620896-aa8990a6/tic_tac_toe_frontend/node_modules/@babel/parser/lib/index.js:12280:10)
    at FlowParserMixin.parseTopLevel (/tmp/kavia/workspace/code-generation/tictactoeweb-620896-aa8990a6/tic_tac_toe_frontend/node_modules/@babel/parser/lib/index.js:12270:25)
    at FlowParserMixin.parseTopLevel (/tmp/kavia/workspace/code-generation/tictactoeweb-620896-aa8990a6/tic_tac_toe_frontend/node_modules/@babel/parser/lib/index.js:5909:28)
    at FlowParserMixin.parse (/tmp/kavia/workspace/code-generation/tictactoeweb-620896-aa8990a6/tic_tac_toe_frontend/node_modules/@babel/parser/lib/index.js:14120:10)
    at parse (/tmp/kavia/workspace/code-generation/tictactoeweb-620896-aa8990a6/tic_tac_toe_frontend/node_modules/@babel/parser/lib/index.js:14154:38)
    at parser (/tmp/kavia/workspace/code-generation/tictactoeweb-620896-aa8990a6/tic_tac_toe_frontend/node_modules/@babel/core/lib/parser/index.js:41:34)
    at parser.next (<anonymous>)
    at normalizeFile (/tmp/kavia/workspace/code-generation/tictactoeweb-620896-aa8990a6/tic_tac_toe_frontend/node_modules/@babel/core/lib/transformation/normalize-file.js:64:37)
    at normalizeFile.next (<anonymous>)
    at run (/tmp/kavia/workspace/code-generation/tictactoeweb-620896-aa8990a6/tic_tac_toe_frontend/node_modules/@babel/core/lib/transformation/index.js:22:50)
    at run.next (<anonymous>)
    at transform (/tmp/kavia/workspace/code-generation/tictactoeweb-620896-aa8990a6/tic_tac_toe_frontend/node_modules/@babel/core/lib/transform.js:22:33)

ERROR in [eslint] 
src/App.js
  Line 9:  Parsing error: Unexpected token (9:0)

webpack compiled with 2 errors
Compiling...
Failed to compile.

[eslint] 
src/App.js
Syntax error: Unexpected token (11:0) (11:undefined)
ERROR in ./src/App.js
Module build failed (from ./node_modules/babel-loader/lib/index.js):
SyntaxError: /tmp/kavia/workspace/code-generation/tictactoeweb-620896-aa8990a6/tic_tac_toe_frontend/src/App.js: Unexpected token (10:0)

   8 | function App() {
   9 |   // State variables for board, current player, status, etc.
> 10 |
     | ^
    at constructor (/tmp/kavia/workspace/code-generation/tictactoeweb-620896-aa8990a6/tic_tac_toe_frontend/node_modules/@babel/parser/lib/index.js:360:19)
    at FlowParserMixin.raise (/tmp/kavia/workspace/code-generation/tictactoeweb-620896-aa8990a6/tic_tac_toe_frontend/node_modules/@babel/parser/lib/index.js:3327:19)
    at FlowParserMixin.unexpected (/tmp/kavia/workspace/code-generation/tictactoeweb-620896-aa8990a6/tic_tac_toe_frontend/node_modules/@babel/parser/lib/index.js:3347:16)
    at FlowParserMixin.parseExprAtom (/tmp/kavia/workspace/code-generation/tictactoeweb-620896-aa8990a6/tic_tac_toe_frontend/node_modules/@babel/parser/lib/index.js:11126:16)
    at FlowParserMixin.parseExprAtom (/tmp/kavia/workspace/code-generation/tictactoeweb-620896-aa8990a6/tic_tac_toe_frontend/node_modules/@babel/parser/lib/index.js:6937:20)
    at FlowParserMixin.parseExprSubscripts (/tmp/kavia/workspace/code-generation/tictactoeweb-620896-aa8990a6/tic_tac_toe_frontend/node_modules/@babel/parser/lib/index.js:10758:23)
    at FlowParserMixin.parseUpdate (/tmp/kavia/workspace/code-generation/tictactoeweb-620896-aa8990a6/tic_tac_toe_frontend/node_modules/@babel/parser/lib/index.js:10743:21)
    at FlowParserMixin.parseMaybeUnary (/tmp/kavia/workspace/code-generation/tictactoeweb-620896-aa8990a6/tic_tac_toe_frontend/node_modules/@babel/parser/lib/index.js:10723:23)
    at FlowParserMixin.parseMaybeUnaryOrPrivate (/tmp/kavia/workspace/code-generation/tictactoeweb-620896-aa8990a6/tic_tac_toe_frontend/node_modules/@babel/parser/lib/index.js:10576:61)
    at FlowParserMixin.parseExprOps (/tmp/kavia/workspace/code-generation/tictactoeweb-620896-aa8990a6/tic_tac_toe_frontend/node_modules/@babel/parser/lib/index.js:10581:23)
    at FlowParserMixin.parseMaybeConditional (/tmp/kavia/workspace/code-generation/tictactoeweb-620896-aa8990a6/tic_tac_toe_frontend/node_modules/@babel/parser/lib/index.js:10558:23)
    at FlowParserMixin.parseMaybeAssign (/tmp/kavia/workspace/code-generation/tictactoeweb-620896-aa8990a6/tic_tac_toe_frontend/node_modules/@babel/parser/lib/index.js:10521:21)
    at FlowParserMixin.parseMaybeAssign (/tmp/kavia/workspace/code-generation/tictactoeweb-620896-aa8990a6/tic_tac_toe_frontend/node_modules/@babel/parser/lib/index.js:5773:18)
    at FlowParserMixin.parseExpressionBase (/tmp/kavia/workspace/code-generation/tictactoeweb-620896-aa8990a6/tic_tac_toe_frontend/node_modules/@babel/parser/lib/index.js:10475:23)
    at /tmp/kavia/workspace/code-generation/tictactoeweb-620896-aa8990a6/tic_tac_toe_frontend/node_modules/@babel/parser/lib/index.js:10471:39
    at FlowParserMixin.allowInAnd (/tmp/kavia/workspace/code-generation/tictactoeweb-620896-aa8990a6/tic_tac_toe_frontend/node_modules/@babel/parser/lib/index.js:12095:16)
    at FlowParserMixin.parseExpression (/tmp/kavia/workspace/code-generation/tictactoeweb-620896-aa8990a6/tic_tac_toe_frontend/node_modules/@babel/parser/lib/index.js:10471:17)
    at FlowParserMixin.parseStatementContent (/tmp/kavia/workspace/code-generation/tictactoeweb-620896-aa8990a6/tic_tac_toe_frontend/node_modules/@babel/parser/lib/index.js:12539:23)
    at FlowParserMixin.parseStatementLike (/tmp/kavia/workspace/code-generation/tictactoeweb-620896-aa8990a6/tic_tac_toe_frontend/node_modules/@babel/parser/lib/index.js:12406:17)
    at FlowParserMixin.parseStatementLike (/tmp/kavia/workspace/code-generation/tictactoeweb-620896-aa8990a6/tic_tac_toe_frontend/node_modules/@babel/parser/lib/index.js:5140:24)
    at FlowParserMixin.parseStatementListItem (/tmp/kavia/workspace/code-generation/tictactoeweb-620896-aa8990a6/tic_tac_toe_frontend/node_modules/@babel/parser/lib/index.js:12386:17)
    at FlowParserMixin.parseBlockOrModuleBlockBody (/tmp/kavia/workspace/code-generation/tictactoeweb-620896-aa8990a6/tic_tac_toe_frontend/node_modules/@babel/parser/lib/index.js:12960:61)
    at FlowParserMixin.parseBlockBody (/tmp/kavia/workspace/code-generation/tictactoeweb-620896-aa8990a6/tic_tac_toe_frontend/node_modules/@babel/parser/lib/index.js:12953:10)
    at FlowParserMixin.parseBlock (/tmp/kavia/workspace/code-generation/tictactoeweb-620896-aa8990a6/tic_tac_toe_frontend/node_modules/@babel/parser/lib/index.js:12941:10)
    at FlowParserMixin.parseFunctionBody (/tmp/kavia/workspace/code-generation/tictactoeweb-620896-aa8990a6/tic_tac_toe_frontend/node_modules/@babel/parser/lib/index.js:11783:24)
    at FlowParserMixin.parseFunctionBody (/tmp/kavia/workspace/code-generation/tictactoeweb-620896-aa8990a6/tic_tac_toe_frontend/node_modules/@babel/parser/lib/index.js:5117:11)
    at FlowParserMixin.parseFunctionBodyAndFinish (/tmp/kavia/workspace/code-generation/tictactoeweb-620896-aa8990a6/tic_tac_toe_frontend/node_modules/@babel/parser/lib/index.js:11769:10)
    at FlowParserMixin.parseFunctionBodyAndFinish (/tmp/kavia/workspace/code-generation/tictactoeweb-620896-aa8990a6/tic_tac_toe_frontend/node_modules/@babel/parser/lib/index.js:5125:18)
    at /tmp/kavia/workspace/code-generation/tictactoeweb-620896-aa8990a6/tic_tac_toe_frontend/node_modules/@babel/parser/lib/index.js:13085:12
    at FlowParserMixin.withSmartMixTopicForbiddingContext (/tmp/kavia/workspace/code-generation/tictactoeweb-620896-aa8990a6/tic_tac_toe_frontend/node_modules/@babel/parser/lib/index.js:12077:14)
    at FlowParserMixin.parseFunction (/tmp/kavia/workspace/code-generation/tictactoeweb-620896-aa8990a6/tic_tac_toe_frontend/node_modules/@babel/parser/lib/index.js:13084:10)
    at FlowParserMixin.parseFunctionStatement (/tmp/kavia/workspace/code-generation/tictactoeweb-620896-aa8990a6/tic_tac_toe_frontend/node_modules/@babel/parser/lib/index.js:12769:17)
    at FlowParserMixin.parseStatementContent (/tmp/kavia/workspace/code-generation/tictactoeweb-620896-aa8990a6/tic_tac_toe_frontend/node_modules/@babel/parser/lib/index.js:12430:21)
    at FlowParserMixin.parseStatementLike (/tmp/kavia/workspace/code-generation/tictactoeweb-620896-aa8990a6/tic_tac_toe_frontend/node_modules/@babel/parser/lib/index.js:12406:17)
    at FlowParserMixin.parseStatementLike (/tmp/kavia/workspace/code-generation/tictactoeweb-620896-aa8990a6/tic_tac_toe_frontend/node_modules/@babel/parser/lib/index.js:5140:24)
    at FlowParserMixin.parseModuleItem (/tmp/kavia/workspace/code-generation/tictactoeweb-620896-aa8990a6/tic_tac_toe_frontend/node_modules/@babel/parser/lib/index.js:12383:17)
    at FlowParserMixin.parseBlockOrModuleBlockBody (/tmp/kavia/workspace/code-generation/tictactoeweb-620896-aa8990a6/tic_tac_toe_frontend/node_modules/@babel/parser/lib/index.js:12960:36)
    at FlowParserMixin.parseBlockBody (/tmp/kavia/workspace/code-generation/tictactoeweb-620896-aa8990a6/tic_tac_toe_frontend/node_modules/@babel/parser/lib/index.js:12953:10)
    at FlowParserMixin.parseProgram (/tmp/kavia/workspace/code-generation/tictactoeweb-620896-aa8990a6/tic_tac_toe_frontend/node_modules/@babel/parser/lib/index.js:12280:10)
    at FlowParserMixin.parseTopLevel (/tmp/kavia/workspace/code-generation/tictactoeweb-620896-aa8990a6/tic_tac_toe_frontend/node_modules/@babel/parser/lib/index.js:12270:25)
    at FlowParserMixin.parseTopLevel (/tmp/kavia/workspace/code-generation/tictactoeweb-620896-aa8990a6/tic_tac_toe_frontend/node_modules/@babel/parser/lib/index.js:5909:28)
    at FlowParserMixin.parse (/tmp/kavia/workspace/code-generation/tictactoeweb-620896-aa8990a6/tic_tac_toe_frontend/node_modules/@babel/parser/lib/index.js:14120:10)
    at parse (/tmp/kavia/workspace/code-generation/tictactoeweb-620896-aa8990a6/tic_tac_toe_frontend/node_modules/@babel/parser/lib/index.js:14154:38)
    at parser (/tmp/kavia/workspace/code-generation/tictactoeweb-620896-aa8990a6/tic_tac_toe_frontend/node_modules/@babel/core/lib/parser/index.js:41:34)
    at parser.next (<anonymous>)
    at normalizeFile (/tmp/kavia/workspace/code-generation/tictactoeweb-620896-aa8990a6/tic_tac_toe_frontend/node_modules/@babel/core/lib/transformation/normalize-file.js:64:37)
    at normalizeFile.next (<anonymous>)
    at run (/tmp/kavia/workspace/code-generation/tictactoeweb-620896-aa8990a6/tic_tac_toe_frontend/node_modules/@babel/core/lib/transformation/index.js:22:50)
    at run.next (<anonymous>)
    at transform (/tmp/kavia/workspace/code-generation/tictactoeweb-620896-aa8990a6/tic_tac_toe_frontend/node_modules/@babel/core/lib/transform.js:22:33)

ERROR in [eslint] 
src/App.js
  Line 11:  Parsing error: Unexpected token (11:0)

webpack compiled with 2 errors
Compiling...
Failed to compile.

[eslint] 
src/App.js
Syntax error: Unexpected token (13:0) (13:undefined)
ERROR in ./src/App.js
Module build failed (from ./node_modules/babel-loader/lib/index.js):
SyntaxError: /tmp/kavia/workspace/code-generation/tictactoeweb-620896-aa8990a6/tic_tac_toe_frontend/src/App.js: Unexpected token (13:0)

  11 |   const [isXsTurn, setIsXsTurn] = useState(true);
  12 |   const [status, setStatus] = useState("Welcome to Tic Tac Toe!");
> 13 |
     | ^
    at constructor (/tmp/kavia/workspace/code-generation/tictactoeweb-620896-aa8990a6/tic_tac_toe_frontend/node_modules/@babel/parser/lib/index.js:360:19)
    at FlowParserMixin.raise (/tmp/kavia/workspace/code-generation/tictactoeweb-620896-aa8990a6/tic_tac_toe_frontend/node_modules/@babel/parser/lib/index.js:3327:19)
    at FlowParserMixin.unexpected (/tmp/kavia/workspace/code-generation/tictactoeweb-620896-aa8990a6/tic_tac_toe_frontend/node_modules/@babel/parser/lib/index.js:3347:16)
    at FlowParserMixin.parseExprAtom (/tmp/kavia/workspace/code-generation/tictactoeweb-620896-aa8990a6/tic_tac_toe_frontend/node_modules/@babel/parser/lib/index.js:11126:16)
    at FlowParserMixin.parseExprAtom (/tmp/kavia/workspace/code-generation/tictactoeweb-620896-aa8990a6/tic_tac_toe_frontend/node_modules/@babel/parser/lib/index.js:6937:20)
    at FlowParserMixin.parseExprSubscripts (/tmp/kavia/workspace/code-generation/tictactoeweb-620896-aa8990a6/tic_tac_toe_frontend/node_modules/@babel/parser/lib/index.js:10758:23)
    at FlowParserMixin.parseUpdate (/tmp/kavia/workspace/code-generation/tictactoeweb-620896-aa8990a6/tic_tac_toe_frontend/node_modules/@babel/parser/lib/index.js:10743:21)
    at FlowParserMixin.parseMaybeUnary (/tmp/kavia/workspace/code-generation/tictactoeweb-620896-aa8990a6/tic_tac_toe_frontend/node_modules/@babel/parser/lib/index.js:10723:23)
    at FlowParserMixin.parseMaybeUnaryOrPrivate (/tmp/kavia/workspace/code-generation/tictactoeweb-620896-aa8990a6/tic_tac_toe_frontend/node_modules/@babel/parser/lib/index.js:10576:61)
    at FlowParserMixin.parseExprOps (/tmp/kavia/workspace/code-generation/tictactoeweb-620896-aa8990a6/tic_tac_toe_frontend/node_modules/@babel/parser/lib/index.js:10581:23)
    at FlowParserMixin.parseMaybeConditional (/tmp/kavia/workspace/code-generation/tictactoeweb-620896-aa8990a6/tic_tac_toe_frontend/node_modules/@babel/parser/lib/index.js:10558:23)
    at FlowParserMixin.parseMaybeAssign (/tmp/kavia/workspace/code-generation/tictactoeweb-620896-aa8990a6/tic_tac_toe_frontend/node_modules/@babel/parser/lib/index.js:10521:21)
    at FlowParserMixin.parseMaybeAssign (/tmp/kavia/workspace/code-generation/tictactoeweb-620896-aa8990a6/tic_tac_toe_frontend/node_modules/@babel/parser/lib/index.js:5773:18)
    at FlowParserMixin.parseExpressionBase (/tmp/kavia/workspace/code-generation/tictactoeweb-620896-aa8990a6/tic_tac_toe_frontend/node_modules/@babel/parser/lib/index.js:10475:23)
    at /tmp/kavia/workspace/code-generation/tictactoeweb-620896-aa8990a6/tic_tac_toe_frontend/node_modules/@babel/parser/lib/index.js:10471:39
    at FlowParserMixin.allowInAnd (/tmp/kavia/workspace/code-generation/tictactoeweb-620896-aa8990a6/tic_tac_toe_frontend/node_modules/@babel/parser/lib/index.js:12095:16)
    at FlowParserMixin.parseExpression (/tmp/kavia/workspace/code-generation/tictactoeweb-620896-aa8990a6/tic_tac_toe_frontend/node_modules/@babel/parser/lib/index.js:10471:17)
    at FlowParserMixin.parseStatementContent (/tmp/kavia/workspace/code-generation/tictactoeweb-620896-aa8990a6/tic_tac_toe_frontend/node_modules/@babel/parser/lib/index.js:12539:23)
    at FlowParserMixin.parseStatementLike (/tmp/kavia/workspace/code-generation/tictactoeweb-620896-aa8990a6/tic_tac_toe_frontend/node_modules/@babel/parser/lib/index.js:12406:17)
    at FlowParserMixin.parseStatementLike (/tmp/kavia/workspace/code-generation/tictactoeweb-620896-aa8990a6/tic_tac_toe_frontend/node_modules/@babel/parser/lib/index.js:5140:24)
    at FlowParserMixin.parseStatementListItem (/tmp/kavia/workspace/code-generation/tictactoeweb-620896-aa8990a6/tic_tac_toe_frontend/node_modules/@babel/parser/lib/index.js:12386:17)
    at FlowParserMixin.parseBlockOrModuleBlockBody (/tmp/kavia/workspace/code-generation/tictactoeweb-620896-aa8990a6/tic_tac_toe_frontend/node_modules/@babel/parser/lib/index.js:12960:61)
    at FlowParserMixin.parseBlockBody (/tmp/kavia/workspace/code-generation/tictactoeweb-620896-aa8990a6/tic_tac_toe_frontend/node_modules/@babel/parser/lib/index.js:12953:10)
    at FlowParserMixin.parseBlock (/tmp/kavia/workspace/code-generation/tictactoeweb-620896-aa8990a6/tic_tac_toe_frontend/node_modules/@babel/parser/lib/index.js:12941:10)
    at FlowParserMixin.parseFunctionBody (/tmp/kavia/workspace/code-generation/tictactoeweb-620896-aa8990a6/tic_tac_toe_frontend/node_modules/@babel/parser/lib/index.js:11783:24)
    at FlowParserMixin.parseFunctionBody (/tmp/kavia/workspace/code-generation/tictactoeweb-620896-aa8990a6/tic_tac_toe_frontend/node_modules/@babel/parser/lib/index.js:5117:11)
    at FlowParserMixin.parseFunctionBodyAndFinish (/tmp/kavia/workspace/code-generation/tictactoeweb-620896-aa8990a6/tic_tac_toe_frontend/node_modules/@babel/parser/lib/index.js:11769:10)
    at FlowParserMixin.parseFunctionBodyAndFinish (/tmp/kavia/workspace/code-generation/tictactoeweb-620896-aa8990a6/tic_tac_toe_frontend/node_modules/@babel/parser/lib/index.js:5125:18)
    at /tmp/kavia/workspace/code-generation/tictactoeweb-620896-aa8990a6/tic_tac_toe_frontend/node_modules/@babel/parser/lib/index.js:13085:12
    at FlowParserMixin.withSmartMixTopicForbiddingContext (/tmp/kavia/workspace/code-generation/tictactoeweb-620896-aa8990a6/tic_tac_toe_frontend/node_modules/@babel/parser/lib/index.js:12077:14)
    at FlowParserMixin.parseFunction (/tmp/kavia/workspace/code-generation/tictactoeweb-620896-aa8990a6/tic_tac_toe_frontend/node_modules/@babel/parser/lib/index.js:13084:10)
    at FlowParserMixin.parseFunctionStatement (/tmp/kavia/workspace/code-generation/tictactoeweb-620896-aa8990a6/tic_tac_toe_frontend/node_modules/@babel/parser/lib/index.js:12769:17)
    at FlowParserMixin.parseStatementContent (/tmp/kavia/workspace/code-generation/tictactoeweb-620896-aa8990a6/tic_tac_toe_frontend/node_modules/@babel/parser/lib/index.js:12430:21)
    at FlowParserMixin.parseStatementLike (/tmp/kavia/workspace/code-generation/tictactoeweb-620896-aa8990a6/tic_tac_toe_frontend/node_modules/@babel/parser/lib/index.js:12406:17)
    at FlowParserMixin.parseStatementLike (/tmp/kavia/workspace/code-generation/tictactoeweb-620896-aa8990a6/tic_tac_toe_frontend/node_modules/@babel/parser/lib/index.js:5140:24)
    at FlowParserMixin.parseModuleItem (/tmp/kavia/workspace/code-generation/tictactoeweb-620896-aa8990a6/tic_tac_toe_frontend/node_modules/@babel/parser/lib/index.js:12383:17)
    at FlowParserMixin.parseBlockOrModuleBlockBody (/tmp/kavia/workspace/code-generation/tictactoeweb-620896-aa8990a6/tic_tac_toe_frontend/node_modules/@babel/parser/lib/index.js:12960:36)
    at FlowParserMixin.parseBlockBody (/tmp/kavia/workspace/code-generation/tictactoeweb-620896-aa8990a6/tic_tac_toe_frontend/node_modules/@babel/parser/lib/index.js:12953:10)
    at FlowParserMixin.parseProgram (/tmp/kavia/workspace/code-generation/tictactoeweb-620896-aa8990a6/tic_tac_toe_frontend/node_modules/@babel/parser/lib/index.js:12280:10)
    at FlowParserMixin.parseTopLevel (/tmp/kavia/workspace/code-generation/tictactoeweb-620896-aa8990a6/tic_tac_toe_frontend/node_modules/@babel/parser/lib/index.js:12270:25)
    at FlowParserMixin.parseTopLevel (/tmp/kavia/workspace/code-generation/tictactoeweb-620896-aa8990a6/tic_tac_toe_frontend/node_modules/@babel/parser/lib/index.js:5909:28)
    at FlowParserMixin.parse (/tmp/kavia/workspace/code-generation/tictactoeweb-620896-aa8990a6/tic_tac_toe_frontend/node_modules/@babel/parser/lib/index.js:14120:10)
    at parse (/tmp/kavia/workspace/code-generation/tictactoeweb-620896-aa8990a6/tic_tac_toe_frontend/node_modules/@babel/parser/lib/index.js:14154:38)
    at parser (/tmp/kavia/workspace/code-generation/tictactoeweb-620896-aa8990a6/tic_tac_toe_frontend/node_modules/@babel/core/lib/parser/index.js:41:34)
    at parser.next (<anonymous>)
    at normalizeFile (/tmp/kavia/workspace/code-generation/tictactoeweb-620896-aa8990a6/tic_tac_toe_frontend/node_modules/@babel/core/lib/transformation/normalize-file.js:64:37)
    at normalizeFile.next (<anonymous>)
    at run (/tmp/kavia/workspace/code-generation/tictactoeweb-620896-aa8990a6/tic_tac_toe_frontend/node_modules/@babel/core/lib/transformation/index.js:22:50)
    at run.next (<anonymous>)
    at transform (/tmp/kavia/workspace/code-generation/tictactoeweb-620896-aa8990a6/tic_tac_toe_frontend/node_modules/@babel/core/lib/transform.js:22:33)

ERROR in [eslint] 
src/App.js
  Line 13:  Parsing error: Unexpected token (13:0)

webpack compiled with 2 errors
Compiling...
Failed to compile.

[eslint] 
src/App.js
Syntax error: Unexpected token (9:0) (9:undefined)
ERROR in ./src/App.js
Module build failed (from ./node_modules/babel-loader/lib/index.js):
SyntaxError: /tmp/kavia/workspace/code-generation/tictactoeweb-620896-aa8990a6/tic_tac_toe_frontend/src/App.js: Unexpected token (9:0)

  7 | // PUBLIC_INTERFACE
  8 | function App() {
> 9 |
    | ^
    at constructor (/tmp/kavia/workspace/code-generation/tictactoeweb-620896-aa8990a6/tic_tac_toe_frontend/node_modules/@babel/parser/lib/index.js:360:19)
    at FlowParserMixin.raise (/tmp/kavia/workspace/code-generation/tictactoeweb-620896-aa8990a6/tic_tac_toe_frontend/node_modules/@babel/parser/lib/index.js:3327:19)
    at FlowParserMixin.unexpected (/tmp/kavia/workspace/code-generation/tictactoeweb-620896-aa8990a6/tic_tac_toe_frontend/node_modules/@babel/parser/lib/index.js:3347:16)
    at FlowParserMixin.parseExprAtom (/tmp/kavia/workspace/code-generation/tictactoeweb-620896-aa8990a6/tic_tac_toe_frontend/node_modules/@babel/parser/lib/index.js:11126:16)
    at FlowParserMixin.parseExprAtom (/tmp/kavia/workspace/code-generation/tictactoeweb-620896-aa8990a6/tic_tac_toe_frontend/node_modules/@babel/parser/lib/index.js:6937:20)
    at FlowParserMixin.parseExprSubscripts (/tmp/kavia/workspace/code-generation/tictactoeweb-620896-aa8990a6/tic_tac_toe_frontend/node_modules/@babel/parser/lib/index.js:10758:23)
    at FlowParserMixin.parseUpdate (/tmp/kavia/workspace/code-generation/tictactoeweb-620896-aa8990a6/tic_tac_toe_frontend/node_modules/@babel/parser/lib/index.js:10743:21)
    at FlowParserMixin.parseMaybeUnary (/tmp/kavia/workspace/code-generation/tictactoeweb-620896-aa8990a6/tic_tac_toe_frontend/node_modules/@babel/parser/lib/index.js:10723:23)
    at FlowParserMixin.parseMaybeUnaryOrPrivate (/tmp/kavia/workspace/code-generation/tictactoeweb-620896-aa8990a6/tic_tac_toe_frontend/node_modules/@babel/parser/lib/index.js:10576:61)
    at FlowParserMixin.parseExprOps (/tmp/kavia/workspace/code-generation/tictactoeweb-620896-aa8990a6/tic_tac_toe_frontend/node_modules/@babel/parser/lib/index.js:10581:23)
    at FlowParserMixin.parseMaybeConditional (/tmp/kavia/workspace/code-generation/tictactoeweb-620896-aa8990a6/tic_tac_toe_frontend/node_modules/@babel/parser/lib/index.js:10558:23)
    at FlowParserMixin.parseMaybeAssign (/tmp/kavia/workspace/code-generation/tictactoeweb-620896-aa8990a6/tic_tac_toe_frontend/node_modules/@babel/parser/lib/index.js:10521:21)
    at FlowParserMixin.parseMaybeAssign (/tmp/kavia/workspace/code-generation/tictactoeweb-620896-aa8990a6/tic_tac_toe_frontend/node_modules/@babel/parser/lib/index.js:5773:18)
    at FlowParserMixin.parseExpressionBase (/tmp/kavia/workspace/code-generation/tictactoeweb-620896-aa8990a6/tic_tac_toe_frontend/node_modules/@babel/parser/lib/index.js:10475:23)
    at /tmp/kavia/workspace/code-generation/tictactoeweb-620896-aa8990a6/tic_tac_toe_frontend/node_modules/@babel/parser/lib/index.js:10471:39
    at FlowParserMixin.allowInAnd (/tmp/kavia/workspace/code-generation/tictactoeweb-620896-aa8990a6/tic_tac_toe_frontend/node_modules/@babel/parser/lib/index.js:12095:16)
    at FlowParserMixin.parseExpression (/tmp/kavia/workspace/code-generation/tictactoeweb-620896-aa8990a6/tic_tac_toe_frontend/node_modules/@babel/parser/lib/index.js:10471:17)
    at FlowParserMixin.parseStatementContent (/tmp/kavia/workspace/code-generation/tictactoeweb-620896-aa8990a6/tic_tac_toe_frontend/node_modules/@babel/parser/lib/index.js:12539:23)
    at FlowParserMixin.parseStatementLike (/tmp/kavia/workspace/code-generation/tictactoeweb-620896-aa8990a6/tic_tac_toe_frontend/node_modules/@babel/parser/lib/index.js:12406:17)
    at FlowParserMixin.parseStatementLike (/tmp/kavia/workspace/code-generation/tictactoeweb-620896-aa8990a6/tic_tac_toe_frontend/node_modules/@babel/parser/lib/index.js:5140:24)
    at FlowParserMixin.parseStatementListItem (/tmp/kavia/workspace/code-generation/tictactoeweb-620896-aa8990a6/tic_tac_toe_frontend/node_modules/@babel/parser/lib/index.js:12386:17)
    at FlowParserMixin.parseBlockOrModuleBlockBody (/tmp/kavia/workspace/code-generation/tictactoeweb-620896-aa8990a6/tic_tac_toe_frontend/node_modules/@babel/parser/lib/index.js:12960:61)
    at FlowParserMixin.parseBlockBody (/tmp/kavia/workspace/code-generation/tictactoeweb-620896-aa8990a6/tic_tac_toe_frontend/node_modules/@babel/parser/lib/index.js:12953:10)
    at FlowParserMixin.parseBlock (/tmp/kavia/workspace/code-generation/tictactoeweb-620896-aa8990a6/tic_tac_toe_frontend/node_modules/@babel/parser/lib/index.js:12941:10)
    at FlowParserMixin.parseFunctionBody (/tmp/kavia/workspace/code-generation/tictactoeweb-620896-aa8990a6/tic_tac_toe_frontend/node_modules/@babel/parser/lib/index.js:11783:24)
    at FlowParserMixin.parseFunctionBody (/tmp/kavia/workspace/code-generation/tictactoeweb-620896-aa8990a6/tic_tac_toe_frontend/node_modules/@babel/parser/lib/index.js:5117:11)
    at FlowParserMixin.parseFunctionBodyAndFinish (/tmp/kavia/workspace/code-generation/tictactoeweb-620896-aa8990a6/tic_tac_toe_frontend/node_modules/@babel/parser/lib/index.js:11769:10)
    at FlowParserMixin.parseFunctionBodyAndFinish (/tmp/kavia/workspace/code-generation/tictactoeweb-620896-aa8990a6/tic_tac_toe_frontend/node_modules/@babel/parser/lib/index.js:5125:18)
    at /tmp/kavia/workspace/code-generation/tictactoeweb-620896-aa8990a6/tic_tac_toe_frontend/node_modules/@babel/parser/lib/index.js:13085:12
    at FlowParserMixin.withSmartMixTopicForbiddingContext (/tmp/kavia/workspace/code-generation/tictactoeweb-620896-aa8990a6/tic_tac_toe_frontend/node_modules/@babel/parser/lib/index.js:12077:14)
    at FlowParserMixin.parseFunction (/tmp/kavia/workspace/code-generation/tictactoeweb-620896-aa8990a6/tic_tac_toe_frontend/node_modules/@babel/parser/lib/index.js:13084:10)
    at FlowParserMixin.parseFunctionStatement (/tmp/kavia/workspace/code-generation/tictactoeweb-620896-aa8990a6/tic_tac_toe_frontend/node_modules/@babel/parser/lib/index.js:12769:17)
    at FlowParserMixin.parseStatementContent (/tmp/kavia/workspace/code-generation/tictactoeweb-620896-aa8990a6/tic_tac_toe_frontend/node_modules/@babel/parser/lib/index.js:12430:21)
    at FlowParserMixin.parseStatementLike (/tmp/kavia/workspace/code-generation/tictactoeweb-620896-aa8990a6/tic_tac_toe_frontend/node_modules/@babel/parser/lib/index.js:12406:17)
    at FlowParserMixin.parseStatementLike (/tmp/kavia/workspace/code-generation/tictactoeweb-620896-aa8990a6/tic_tac_toe_frontend/node_modules/@babel/parser/lib/index.js:5140:24)
    at FlowParserMixin.parseModuleItem (/tmp/kavia/workspace/code-generation/tictactoeweb-620896-aa8990a6/tic_tac_toe_frontend/node_modules/@babel/parser/lib/index.js:12383:17)
    at FlowParserMixin.parseBlockOrModuleBlockBody (/tmp/kavia/workspace/code-generation/tictactoeweb-620896-aa8990a6/tic_tac_toe_frontend/node_modules/@babel/parser/lib/index.js:12960:36)
    at FlowParserMixin.parseBlockBody (/tmp/kavia/workspace/code-generation/tictactoeweb-620896-aa8990a6/tic_tac_toe_frontend/node_modules/@babel/parser/lib/index.js:12953:10)
    at FlowParserMixin.parseProgram (/tmp/kavia/workspace/code-generation/tictactoeweb-620896-aa8990a6/tic_tac_toe_frontend/node_modules/@babel/parser/lib/index.js:12280:10)
    at FlowParserMixin.parseTopLevel (/tmp/kavia/workspace/code-generation/tictactoeweb-620896-aa8990a6/tic_tac_toe_frontend/node_modules/@babel/parser/lib/index.js:12270:25)
    at FlowParserMixin.parseTopLevel (/tmp/kavia/workspace/code-generation/tictactoeweb-620896-aa8990a6/tic_tac_toe_frontend/node_modules/@babel/parser/lib/index.js:5909:28)
    at FlowParserMixin.parse (/tmp/kavia/workspace/code-generation/tictactoeweb-620896-aa8990a6/tic_tac_toe_frontend/node_modules/@babel/parser/lib/index.js:14120:10)
    at parse (/tmp/kavia/workspace/code-generation/tictactoeweb-620896-aa8990a6/tic_tac_toe_frontend/node_modules/@babel/parser/lib/index.js:14154:38)
    at parser (/tmp/kavia/workspace/code-generation/tictactoeweb-620896-aa8990a6/tic_tac_toe_frontend/node_modules/@babel/core/lib/parser/index.js:41:34)
    at parser.next (<anonymous>)
    at normalizeFile (/tmp/kavia/workspace/code-generation/tictactoeweb-620896-aa8990a6/tic_tac_toe_frontend/node_modules/@babel/core/lib/transformation/normalize-file.js:64:37)
    at normalizeFile.next (<anonymous>)
    at run (/tmp/kavia/workspace/code-generation/tictactoeweb-620896-aa8990a6/tic_tac_toe_frontend/node_modules/@babel/core/lib/transformation/index.js:22:50)
    at run.next (<anonymous>)
    at transform (/tmp/kavia/workspace/code-generation/tictactoeweb-620896-aa8990a6/tic_tac_toe_frontend/node_modules/@babel/core/lib/transform.js:22:33)

ERROR in [eslint] 
src/App.js
  Line 9:  Parsing error: Unexpected token (9:0)

webpack compiled with 2 errors
Compiling...
Failed to compile.

[eslint] 
src/App.js
Syntax error: Unexpected token (9:0) (9:undefined)
ERROR in ./src/App.js
Module build failed (from ./node_modules/babel-loader/lib/index.js):
SyntaxError: /tmp/kavia/workspace/code-generation/tictactoeweb-620896-aa8990a6/tic_tac_toe_frontend/src/App.js: Unexpected token (9:0)

  7 | // PUBLIC_INTERFACE
  8 | function App() {
> 9 |
    | ^
    at constructor (/tmp/kavia/workspace/code-generation/tictactoeweb-620896-aa8990a6/tic_tac_toe_frontend/node_modules/@babel/parser/lib/index.js:360:19)
    at FlowParserMixin.raise (/tmp/kavia/workspace/code-generation/tictactoeweb-620896-aa8990a6/tic_tac_toe_frontend/node_modules/@babel/parser/lib/index.js:3327:19)
    at FlowParserMixin.unexpected (/tmp/kavia/workspace/code-generation/tictactoeweb-620896-aa8990a6/tic_tac_toe_frontend/node_modules/@babel/parser/lib/index.js:3347:16)
    at FlowParserMixin.parseExprAtom (/tmp/kavia/workspace/code-generation/tictactoeweb-620896-aa8990a6/tic_tac_toe_frontend/node_modules/@babel/parser/lib/index.js:11126:16)
    at FlowParserMixin.parseExprAtom (/tmp/kavia/workspace/code-generation/tictactoeweb-620896-aa8990a6/tic_tac_toe_frontend/node_modules/@babel/parser/lib/index.js:6937:20)
    at FlowParserMixin.parseExprSubscripts (/tmp/kavia/workspace/code-generation/tictactoeweb-620896-aa8990a6/tic_tac_toe_frontend/node_modules/@babel/parser/lib/index.js:10758:23)
    at FlowParserMixin.parseUpdate (/tmp/kavia/workspace/code-generation/tictactoeweb-620896-aa8990a6/tic_tac_toe_frontend/node_modules/@babel/parser/lib/index.js:10743:21)
    at FlowParserMixin.parseMaybeUnary (/tmp/kavia/workspace/code-generation/tictactoeweb-620896-aa8990a6/tic_tac_toe_frontend/node_modules/@babel/parser/lib/index.js:10723:23)
    at FlowParserMixin.parseMaybeUnaryOrPrivate (/tmp/kavia/workspace/code-generation/tictactoeweb-620896-aa8990a6/tic_tac_toe_frontend/node_modules/@babel/parser/lib/index.js:10576:61)
    at FlowParserMixin.parseExprOps (/tmp/kavia/workspace/code-generation/tictactoeweb-620896-aa8990a6/tic_tac_toe_frontend/node_modules/@babel/parser/lib/index.js:10581:23)
    at FlowParserMixin.parseMaybeConditional (/tmp/kavia/workspace/code-generation/tictactoeweb-620896-aa8990a6/tic_tac_toe_frontend/node_modules/@babel/parser/lib/index.js:10558:23)
    at FlowParserMixin.parseMaybeAssign (/tmp/kavia/workspace/code-generation/tictactoeweb-620896-aa8990a6/tic_tac_toe_frontend/node_modules/@babel/parser/lib/index.js:10521:21)
    at FlowParserMixin.parseMaybeAssign (/tmp/kavia/workspace/code-generation/tictactoeweb-620896-aa8990a6/tic_tac_toe_frontend/node_modules/@babel/parser/lib/index.js:5773:18)
    at FlowParserMixin.parseExpressionBase (/tmp/kavia/workspace/code-generation/tictactoeweb-620896-aa8990a6/tic_tac_toe_frontend/node_modules/@babel/parser/lib/index.js:10475:23)
    at /tmp/kavia/workspace/code-generation/tictactoeweb-620896-aa8990a6/tic_tac_toe_frontend/node_modules/@babel/parser/lib/index.js:10471:39
    at FlowParserMixin.allowInAnd (/tmp/kavia/workspace/code-generation/tictactoeweb-620896-aa8990a6/tic_tac_toe_frontend/node_modules/@babel/parser/lib/index.js:12095:16)
    at FlowParserMixin.parseExpression (/tmp/kavia/workspace/code-generation/tictactoeweb-620896-aa8990a6/tic_tac_toe_frontend/node_modules/@babel/parser/lib/index.js:10471:17)
    at FlowParserMixin.parseStatementContent (/tmp/kavia/workspace/code-generation/tictactoeweb-620896-aa8990a6/tic_tac_toe_frontend/node_modules/@babel/parser/lib/index.js:12539:23)
    at FlowParserMixin.parseStatementLike (/tmp/kavia/workspace/code-generation/tictactoeweb-620896-aa8990a6/tic_tac_toe_frontend/node_modules/@babel/parser/lib/index.js:12406:17)
    at FlowParserMixin.parseStatementLike (/tmp/kavia/workspace/code-generation/tictactoeweb-620896-aa8990a6/tic_tac_toe_frontend/node_modules/@babel/parser/lib/index.js:5140:24)
    at FlowParserMixin.parseStatementListItem (/tmp/kavia/workspace/code-generation/tictactoeweb-620896-aa8990a6/tic_tac_toe_frontend/node_modules/@babel/parser/lib/index.js:12386:17)
    at FlowParserMixin.parseBlockOrModuleBlockBody (/tmp/kavia/workspace/code-generation/tictactoeweb-620896-aa8990a6/tic_tac_toe_frontend/node_modules/@babel/parser/lib/index.js:12960:61)
    at FlowParserMixin.parseBlockBody (/tmp/kavia/workspace/code-generation/tictactoeweb-620896-aa8990a6/tic_tac_toe_frontend/node_modules/@babel/parser/lib/index.js:12953:10)
    at FlowParserMixin.parseBlock (/tmp/kavia/workspace/code-generation/tictactoeweb-620896-aa8990a6/tic_tac_toe_frontend/node_modules/@babel/parser/lib/index.js:12941:10)
    at FlowParserMixin.parseFunctionBody (/tmp/kavia/workspace/code-generation/tictactoeweb-620896-aa8990a6/tic_tac_toe_frontend/node_modules/@babel/parser/lib/index.js:11783:24)
    at FlowParserMixin.parseFunctionBody (/tmp/kavia/workspace/code-generation/tictactoeweb-620896-aa8990a6/tic_tac_toe_frontend/node_modules/@babel/parser/lib/index.js:5117:11)
    at FlowParserMixin.parseFunctionBodyAndFinish (/tmp/kavia/workspace/code-generation/tictactoeweb-620896-aa8990a6/tic_tac_toe_frontend/node_modules/@babel/parser/lib/index.js:11769:10)
    at FlowParserMixin.parseFunctionBodyAndFinish (/tmp/kavia/workspace/code-generation/tictactoeweb-620896-aa8990a6/tic_tac_toe_frontend/node_modules/@babel/parser/lib/index.js:5125:18)
    at /tmp/kavia/workspace/code-generation/tictactoeweb-620896-aa8990a6/tic_tac_toe_frontend/node_modules/@babel/parser/lib/index.js:13085:12
    at FlowParserMixin.withSmartMixTopicForbiddingContext (/tmp/kavia/workspace/code-generation/tictactoeweb-620896-aa8990a6/tic_tac_toe_frontend/node_modules/@babel/parser/lib/index.js:12077:14)
    at FlowParserMixin.parseFunction (/tmp/kavia/workspace/code-generation/tictactoeweb-620896-aa8990a6/tic_tac_toe_frontend/node_modules/@babel/parser/lib/index.js:13084:10)
    at FlowParserMixin.parseFunctionStatement (/tmp/kavia/workspace/code-generation/tictactoeweb-620896-aa8990a6/tic_tac_toe_frontend/node_modules/@babel/parser/lib/index.js:12769:17)
    at FlowParserMixin.parseStatementContent (/tmp/kavia/workspace/code-generation/tictactoeweb-620896-aa8990a6/tic_tac_toe_frontend/node_modules/@babel/parser/lib/index.js:12430:21)
    at FlowParserMixin.parseStatementLike (/tmp/kavia/workspace/code-generation/tictactoeweb-620896-aa8990a6/tic_tac_toe_frontend/node_modules/@babel/parser/lib/index.js:12406:17)
    at FlowParserMixin.parseStatementLike (/tmp/kavia/workspace/code-generation/tictactoeweb-620896-aa8990a6/tic_tac_toe_frontend/node_modules/@babel/parser/lib/index.js:5140:24)
    at FlowParserMixin.parseModuleItem (/tmp/kavia/workspace/code-generation/tictactoeweb-620896-aa8990a6/tic_tac_toe_frontend/node_modules/@babel/parser/lib/index.js:12383:17)
    at FlowParserMixin.parseBlockOrModuleBlockBody (/tmp/kavia/workspace/code-generation/tictactoeweb-620896-aa8990a6/tic_tac_toe_frontend/node_modules/@babel/parser/lib/index.js:12960:36)
    at FlowParserMixin.parseBlockBody (/tmp/kavia/workspace/code-generation/tictactoeweb-620896-aa8990a6/tic_tac_toe_frontend/node_modules/@babel/parser/lib/index.js:12953:10)
    at FlowParserMixin.parseProgram (/tmp/kavia/workspace/code-generation/tictactoeweb-620896-aa8990a6/tic_tac_toe_frontend/node_modules/@babel/parser/lib/index.js:12280:10)
    at FlowParserMixin.parseTopLevel (/tmp/kavia/workspace/code-generation/tictactoeweb-620896-aa8990a6/tic_tac_toe_frontend/node_modules/@babel/parser/lib/index.js:12270:25)
    at FlowParserMixin.parseTopLevel (/tmp/kavia/workspace/code-generation/tictactoeweb-620896-aa8990a6/tic_tac_toe_frontend/node_modules/@babel/parser/lib/index.js:5909:28)
    at FlowParserMixin.parse (/tmp/kavia/workspace/code-generation/tictactoeweb-620896-aa8990a6/tic_tac_toe_frontend/node_modules/@babel/parser/lib/index.js:14120:10)
    at parse (/tmp/kavia/workspace/code-generation/tictactoeweb-620896-aa8990a6/tic_tac_toe_frontend/node_modules/@babel/parser/lib/index.js:14154:38)
    at parser (/tmp/kavia/workspace/code-generation/tictactoeweb-620896-aa8990a6/tic_tac_toe_frontend/node_modules/@babel/core/lib/parser/index.js:41:34)
    at parser.next (<anonymous>)
    at normalizeFile (/tmp/kavia/workspace/code-generation/tictactoeweb-620896-aa8990a6/tic_tac_toe_frontend/node_modules/@babel/core/lib/transformation/normalize-file.js:64:37)
    at normalizeFile.next (<anonymous>)
    at run (/tmp/kavia/workspace/code-generation/tictactoeweb-620896-aa8990a6/tic_tac_toe_frontend/node_modules/@babel/core/lib/transformation/index.js:22:50)
    at run.next (<anonymous>)
    at transform (/tmp/kavia/workspace/code-generation/tictactoeweb-620896-aa8990a6/tic_tac_toe_frontend/node_modules/@babel/core/lib/transform.js:22:33)

ERROR in [eslint] 
src/App.js
  Line 9:  Parsing error: Unexpected token (9:0)

webpack compiled with 2 errors
Compiling...
Failed to compile.

[eslint] 
src/App.js
Syntax error: Unexpected token (10:0) (10:undefined)
ERROR in ./src/App.js
Module build failed (from ./node_modules/babel-loader/lib/index.js):
SyntaxError: /tmp/kavia/workspace/code-generation/tictactoeweb-620896-aa8990a6/tic_tac_toe_frontend/src/App.js: Unexpected token (10:0)

   8 | function App() {
   9 |   // State variables for board, current player, status, etc.
> 10 |
     | ^
    at constructor (/tmp/kavia/workspace/code-generation/tictactoeweb-620896-aa8990a6/tic_tac_toe_frontend/node_modules/@babel/parser/lib/index.js:360:19)
    at FlowParserMixin.raise (/tmp/kavia/workspace/code-generation/tictactoeweb-620896-aa8990a6/tic_tac_toe_frontend/node_modules/@babel/parser/lib/index.js:3327:19)
    at FlowParserMixin.unexpected (/tmp/kavia/workspace/code-generation/tictactoeweb-620896-aa8990a6/tic_tac_toe_frontend/node_modules/@babel/parser/lib/index.js:3347:16)
    at FlowParserMixin.parseExprAtom (/tmp/kavia/workspace/code-generation/tictactoeweb-620896-aa8990a6/tic_tac_toe_frontend/node_modules/@babel/parser/lib/index.js:11126:16)
    at FlowParserMixin.parseExprAtom (/tmp/kavia/workspace/code-generation/tictactoeweb-620896-aa8990a6/tic_tac_toe_frontend/node_modules/@babel/parser/lib/index.js:6937:20)
    at FlowParserMixin.parseExprSubscripts (/tmp/kavia/workspace/code-generation/tictactoeweb-620896-aa8990a6/tic_tac_toe_frontend/node_modules/@babel/parser/lib/index.js:10758:23)
    at FlowParserMixin.parseUpdate (/tmp/kavia/workspace/code-generation/tictactoeweb-620896-aa8990a6/tic_tac_toe_frontend/node_modules/@babel/parser/lib/index.js:10743:21)
    at FlowParserMixin.parseMaybeUnary (/tmp/kavia/workspace/code-generation/tictactoeweb-620896-aa8990a6/tic_tac_toe_frontend/node_modules/@babel/parser/lib/index.js:10723:23)
    at FlowParserMixin.parseMaybeUnaryOrPrivate (/tmp/kavia/workspace/code-generation/tictactoeweb-620896-aa8990a6/tic_tac_toe_frontend/node_modules/@babel/parser/lib/index.js:10576:61)
    at FlowParserMixin.parseExprOps (/tmp/kavia/workspace/code-generation/tictactoeweb-620896-aa8990a6/tic_tac_toe_frontend/node_modules/@babel/parser/lib/index.js:10581:23)
    at FlowParserMixin.parseMaybeConditional (/tmp/kavia/workspace/code-generation/tictactoeweb-620896-aa8990a6/tic_tac_toe_frontend/node_modules/@babel/parser/lib/index.js:10558:23)
    at FlowParserMixin.parseMaybeAssign (/tmp/kavia/workspace/code-generation/tictactoeweb-620896-aa8990a6/tic_tac_toe_frontend/node_modules/@babel/parser/lib/index.js:10521:21)
    at FlowParserMixin.parseMaybeAssign (/tmp/kavia/workspace/code-generation/tictactoeweb-620896-aa8990a6/tic_tac_toe_frontend/node_modules/@babel/parser/lib/index.js:5773:18)
    at FlowParserMixin.parseExpressionBase (/tmp/kavia/workspace/code-generation/tictactoeweb-620896-aa8990a6/tic_tac_toe_frontend/node_modules/@babel/parser/lib/index.js:10475:23)
    at /tmp/kavia/workspace/code-generation/tictactoeweb-620896-aa8990a6/tic_tac_toe_frontend/node_modules/@babel/parser/lib/index.js:10471:39
    at FlowParserMixin.allowInAnd (/tmp/kavia/workspace/code-generation/tictactoeweb-620896-aa8990a6/tic_tac_toe_frontend/node_modules/@babel/parser/lib/index.js:12095:16)
    at FlowParserMixin.parseExpression (/tmp/kavia/workspace/code-generation/tictactoeweb-620896-aa8990a6/tic_tac_toe_frontend/node_modules/@babel/parser/lib/index.js:10471:17)
    at FlowParserMixin.parseStatementContent (/tmp/kavia/workspace/code-generation/tictactoeweb-620896-aa8990a6/tic_tac_toe_frontend/node_modules/@babel/parser/lib/index.js:12539:23)
    at FlowParserMixin.parseStatementLike (/tmp/kavia/workspace/code-generation/tictactoeweb-620896-aa8990a6/tic_tac_toe_frontend/node_modules/@babel/parser/lib/index.js:12406:17)
    at FlowParserMixin.parseStatementLike (/tmp/kavia/workspace/code-generation/tictactoeweb-620896-aa8990a6/tic_tac_toe_frontend/node_modules/@babel/parser/lib/index.js:5140:24)
    at FlowParserMixin.parseStatementListItem (/tmp/kavia/workspace/code-generation/tictactoeweb-620896-aa8990a6/tic_tac_toe_frontend/node_modules/@babel/parser/lib/index.js:12386:17)
    at FlowParserMixin.parseBlockOrModuleBlockBody (/tmp/kavia/workspace/code-generation/tictactoeweb-620896-aa8990a6/tic_tac_toe_frontend/node_modules/@babel/parser/lib/index.js:12960:61)
    at FlowParserMixin.parseBlockBody (/tmp/kavia/workspace/code-generation/tictactoeweb-620896-aa8990a6/tic_tac_toe_frontend/node_modules/@babel/parser/lib/index.js:12953:10)
    at FlowParserMixin.parseBlock (/tmp/kavia/workspace/code-generation/tictactoeweb-620896-aa8990a6/tic_tac_toe_frontend/node_modules/@babel/parser/lib/index.js:12941:10)
    at FlowParserMixin.parseFunctionBody (/tmp/kavia/workspace/code-generation/tictactoeweb-620896-aa8990a6/tic_tac_toe_frontend/node_modules/@babel/parser/lib/index.js:11783:24)
    at FlowParserMixin.parseFunctionBody (/tmp/kavia/workspace/code-generation/tictactoeweb-620896-aa8990a6/tic_tac_toe_frontend/node_modules/@babel/parser/lib/index.js:5117:11)
    at FlowParserMixin.parseFunctionBodyAndFinish (/tmp/kavia/workspace/code-generation/tictactoeweb-620896-aa8990a6/tic_tac_toe_frontend/node_modules/@babel/parser/lib/index.js:11769:10)
    at FlowParserMixin.parseFunctionBodyAndFinish (/tmp/kavia/workspace/code-generation/tictactoeweb-620896-aa8990a6/tic_tac_toe_frontend/node_modules/@babel/parser/lib/index.js:5125:18)
    at /tmp/kavia/workspace/code-generation/tictactoeweb-620896-aa8990a6/tic_tac_toe_frontend/node_modules/@babel/parser/lib/index.js:13085:12
    at FlowParserMixin.withSmartMixTopicForbiddingContext (/tmp/kavia/workspace/code-generation/tictactoeweb-620896-aa8990a6/tic_tac_toe_frontend/node_modules/@babel/parser/lib/index.js:12077:14)
    at FlowParserMixin.parseFunction (/tmp/kavia/workspace/code-generation/tictactoeweb-620896-aa8990a6/tic_tac_toe_frontend/node_modules/@babel/parser/lib/index.js:13084:10)
    at FlowParserMixin.parseFunctionStatement (/tmp/kavia/workspace/code-generation/tictactoeweb-620896-aa8990a6/tic_tac_toe_frontend/node_modules/@babel/parser/lib/index.js:12769:17)
    at FlowParserMixin.parseStatementContent (/tmp/kavia/workspace/code-generation/tictactoeweb-620896-aa8990a6/tic_tac_toe_frontend/node_modules/@babel/parser/lib/index.js:12430:21)
    at FlowParserMixin.parseStatementLike (/tmp/kavia/workspace/code-generation/tictactoeweb-620896-aa8990a6/tic_tac_toe_frontend/node_modules/@babel/parser/lib/index.js:12406:17)
    at FlowParserMixin.parseStatementLike (/tmp/kavia/workspace/code-generation/tictactoeweb-620896-aa8990a6/tic_tac_toe_frontend/node_modules/@babel/parser/lib/index.js:5140:24)
    at FlowParserMixin.parseModuleItem (/tmp/kavia/workspace/code-generation/tictactoeweb-620896-aa8990a6/tic_tac_toe_frontend/node_modules/@babel/parser/lib/index.js:12383:17)
    at FlowParserMixin.parseBlockOrModuleBlockBody (/tmp/kavia/workspace/code-generation/tictactoeweb-620896-aa8990a6/tic_tac_toe_frontend/node_modules/@babel/parser/lib/index.js:12960:36)
    at FlowParserMixin.parseBlockBody (/tmp/kavia/workspace/code-generation/tictactoeweb-620896-aa8990a6/tic_tac_toe_frontend/node_modules/@babel/parser/lib/index.js:12953:10)
    at FlowParserMixin.parseProgram (/tmp/kavia/workspace/code-generation/tictactoeweb-620896-aa8990a6/tic_tac_toe_frontend/node_modules/@babel/parser/lib/index.js:12280:10)
    at FlowParserMixin.parseTopLevel (/tmp/kavia/workspace/code-generation/tictactoeweb-620896-aa8990a6/tic_tac_toe_frontend/node_modules/@babel/parser/lib/index.js:12270:25)
    at FlowParserMixin.parseTopLevel (/tmp/kavia/workspace/code-generation/tictactoeweb-620896-aa8990a6/tic_tac_toe_frontend/node_modules/@babel/parser/lib/index.js:5909:28)
    at FlowParserMixin.parse (/tmp/kavia/workspace/code-generation/tictactoeweb-620896-aa8990a6/tic_tac_toe_frontend/node_modules/@babel/parser/lib/index.js:14120:10)
    at parse (/tmp/kavia/workspace/code-generation/tictactoeweb-620896-aa8990a6/tic_tac_toe_frontend/node_modules/@babel/parser/lib/index.js:14154:38)
    at parser (/tmp/kavia/workspace/code-generation/tictactoeweb-620896-aa8990a6/tic_tac_toe_frontend/node_modules/@babel/core/lib/parser/index.js:41:34)
    at parser.next (<anonymous>)
    at normalizeFile (/tmp/kavia/workspace/code-generation/tictactoeweb-620896-aa8990a6/tic_tac_toe_frontend/node_modules/@babel/core/lib/transformation/normalize-file.js:64:37)
    at normalizeFile.next (<anonymous>)
    at run (/tmp/kavia/workspace/code-generation/tictactoeweb-620896-aa8990a6/tic_tac_toe_frontend/node_modules/@babel/core/lib/transformation/index.js:22:50)
    at run.next (<anonymous>)
    at transform (/tmp/kavia/workspace/code-generation/tictactoeweb-620896-aa8990a6/tic_tac_toe_frontend/node_modules/@babel/core/lib/transform.js:22:33)

ERROR in [eslint] 
src/App.js
  Line 10:  Parsing error: Unexpected token (10:0)

webpack compiled with 2 errors
Compiling...
Failed to compile.

[eslint] 
src/App.js
Syntax error: Unexpected token (11:0) (11:undefined)
ERROR in ./src/App.js
Module build failed (from ./node_modules/babel-loader/lib/index.js):
SyntaxError: /tmp/kavia/workspace/code-generation/tictactoeweb-620896-aa8990a6/tic_tac_toe_frontend/src/App.js: Unexpected token (11:0)

   9 |   // State variables for board, current player, status, etc.
  10 |   const [board, setBoard] = useState(Array(9).fill(""));
> 11 |
     | ^
    at constructor (/tmp/kavia/workspace/code-generation/tictactoeweb-620896-aa8990a6/tic_tac_toe_frontend/node_modules/@babel/parser/lib/index.js:360:19)
    at FlowParserMixin.raise (/tmp/kavia/workspace/code-generation/tictactoeweb-620896-aa8990a6/tic_tac_toe_frontend/node_modules/@babel/parser/lib/index.js:3327:19)
    at FlowParserMixin.unexpected (/tmp/kavia/workspace/code-generation/tictactoeweb-620896-aa8990a6/tic_tac_toe_frontend/node_modules/@babel/parser/lib/index.js:3347:16)
    at FlowParserMixin.parseExprAtom (/tmp/kavia/workspace/code-generation/tictactoeweb-620896-aa8990a6/tic_tac_toe_frontend/node_modules/@babel/parser/lib/index.js:11126:16)
    at FlowParserMixin.parseExprAtom (/tmp/kavia/workspace/code-generation/tictactoeweb-620896-aa8990a6/tic_tac_toe_frontend/node_modules/@babel/parser/lib/index.js:6937:20)
    at FlowParserMixin.parseExprSubscripts (/tmp/kavia/workspace/code-generation/tictactoeweb-620896-aa8990a6/tic_tac_toe_frontend/node_modules/@babel/parser/lib/index.js:10758:23)
    at FlowParserMixin.parseUpdate (/tmp/kavia/workspace/code-generation/tictactoeweb-620896-aa8990a6/tic_tac_toe_frontend/node_modules/@babel/parser/lib/index.js:10743:21)
    at FlowParserMixin.parseMaybeUnary (/tmp/kavia/workspace/code-generation/tictactoeweb-620896-aa8990a6/tic_tac_toe_frontend/node_modules/@babel/parser/lib/index.js:10723:23)
    at FlowParserMixin.parseMaybeUnaryOrPrivate (/tmp/kavia/workspace/code-generation/tictactoeweb-620896-aa8990a6/tic_tac_toe_frontend/node_modules/@babel/parser/lib/index.js:10576:61)
    at FlowParserMixin.parseExprOps (/tmp/kavia/workspace/code-generation/tictactoeweb-620896-aa8990a6/tic_tac_toe_frontend/node_modules/@babel/parser/lib/index.js:10581:23)
    at FlowParserMixin.parseMaybeConditional (/tmp/kavia/workspace/code-generation/tictactoeweb-620896-aa8990a6/tic_tac_toe_frontend/node_modules/@babel/parser/lib/index.js:10558:23)
    at FlowParserMixin.parseMaybeAssign (/tmp/kavia/workspace/code-generation/tictactoeweb-620896-aa8990a6/tic_tac_toe_frontend/node_modules/@babel/parser/lib/index.js:10521:21)
    at FlowParserMixin.parseMaybeAssign (/tmp/kavia/workspace/code-generation/tictactoeweb-620896-aa8990a6/tic_tac_toe_frontend/node_modules/@babel/parser/lib/index.js:5773:18)
    at FlowParserMixin.parseExpressionBase (/tmp/kavia/workspace/code-generation/tictactoeweb-620896-aa8990a6/tic_tac_toe_frontend/node_modules/@babel/parser/lib/index.js:10475:23)
    at /tmp/kavia/workspace/code-generation/tictactoeweb-620896-aa8990a6/tic_tac_toe_frontend/node_modules/@babel/parser/lib/index.js:10471:39
    at FlowParserMixin.allowInAnd (/tmp/kavia/workspace/code-generation/tictactoeweb-620896-aa8990a6/tic_tac_toe_frontend/node_modules/@babel/parser/lib/index.js:12095:16)
    at FlowParserMixin.parseExpression (/tmp/kavia/workspace/code-generation/tictactoeweb-620896-aa8990a6/tic_tac_toe_frontend/node_modules/@babel/parser/lib/index.js:10471:17)
    at FlowParserMixin.parseStatementContent (/tmp/kavia/workspace/code-generation/tictactoeweb-620896-aa8990a6/tic_tac_toe_frontend/node_modules/@babel/parser/lib/index.js:12539:23)
    at FlowParserMixin.parseStatementLike (/tmp/kavia/workspace/code-generation/tictactoeweb-620896-aa8990a6/tic_tac_toe_frontend/node_modules/@babel/parser/lib/index.js:12406:17)
    at FlowParserMixin.parseStatementLike (/tmp/kavia/workspace/code-generation/tictactoeweb-620896-aa8990a6/tic_tac_toe_frontend/node_modules/@babel/parser/lib/index.js:5140:24)
    at FlowParserMixin.parseStatementListItem (/tmp/kavia/workspace/code-generation/tictactoeweb-620896-aa8990a6/tic_tac_toe_frontend/node_modules/@babel/parser/lib/index.js:12386:17)
    at FlowParserMixin.parseBlockOrModuleBlockBody (/tmp/kavia/workspace/code-generation/tictactoeweb-620896-aa8990a6/tic_tac_toe_frontend/node_modules/@babel/parser/lib/index.js:12960:61)
    at FlowParserMixin.parseBlockBody (/tmp/kavia/workspace/code-generation/tictactoeweb-620896-aa8990a6/tic_tac_toe_frontend/node_modules/@babel/parser/lib/index.js:12953:10)
    at FlowParserMixin.parseBlock (/tmp/kavia/workspace/code-generation/tictactoeweb-620896-aa8990a6/tic_tac_toe_frontend/node_modules/@babel/parser/lib/index.js:12941:10)
    at FlowParserMixin.parseFunctionBody (/tmp/kavia/workspace/code-generation/tictactoeweb-620896-aa8990a6/tic_tac_toe_frontend/node_modules/@babel/parser/lib/index.js:11783:24)
    at FlowParserMixin.parseFunctionBody (/tmp/kavia/workspace/code-generation/tictactoeweb-620896-aa8990a6/tic_tac_toe_frontend/node_modules/@babel/parser/lib/index.js:5117:11)
    at FlowParserMixin.parseFunctionBodyAndFinish (/tmp/kavia/workspace/code-generation/tictactoeweb-620896-aa8990a6/tic_tac_toe_frontend/node_modules/@babel/parser/lib/index.js:11769:10)
    at FlowParserMixin.parseFunctionBodyAndFinish (/tmp/kavia/workspace/code-generation/tictactoeweb-620896-aa8990a6/tic_tac_toe_frontend/node_modules/@babel/parser/lib/index.js:5125:18)
    at /tmp/kavia/workspace/code-generation/tictactoeweb-620896-aa8990a6/tic_tac_toe_frontend/node_modules/@babel/parser/lib/index.js:13085:12
    at FlowParserMixin.withSmartMixTopicForbiddingContext (/tmp/kavia/workspace/code-generation/tictactoeweb-620896-aa8990a6/tic_tac_toe_frontend/node_modules/@babel/parser/lib/index.js:12077:14)
    at FlowParserMixin.parseFunction (/tmp/kavia/workspace/code-generation/tictactoeweb-620896-aa8990a6/tic_tac_toe_frontend/node_modules/@babel/parser/lib/index.js:13084:10)
    at FlowParserMixin.parseFunctionStatement (/tmp/kavia/workspace/code-generation/tictactoeweb-620896-aa8990a6/tic_tac_toe_frontend/node_modules/@babel/parser/lib/index.js:12769:17)
    at FlowParserMixin.parseStatementContent (/tmp/kavia/workspace/code-generation/tictactoeweb-620896-aa8990a6/tic_tac_toe_frontend/node_modules/@babel/parser/lib/index.js:12430:21)
    at FlowParserMixin.parseStatementLike (/tmp/kavia/workspace/code-generation/tictactoeweb-620896-aa8990a6/tic_tac_toe_frontend/node_modules/@babel/parser/lib/index.js:12406:17)
    at FlowParserMixin.parseStatementLike (/tmp/kavia/workspace/code-generation/tictactoeweb-620896-aa8990a6/tic_tac_toe_frontend/node_modules/@babel/parser/lib/index.js:5140:24)
    at FlowParserMixin.parseModuleItem (/tmp/kavia/workspace/code-generation/tictactoeweb-620896-aa8990a6/tic_tac_toe_frontend/node_modules/@babel/parser/lib/index.js:12383:17)
    at FlowParserMixin.parseBlockOrModuleBlockBody (/tmp/kavia/workspace/code-generation/tictactoeweb-620896-aa8990a6/tic_tac_toe_frontend/node_modules/@babel/parser/lib/index.js:12960:36)
    at FlowParserMixin.parseBlockBody (/tmp/kavia/workspace/code-generation/tictactoeweb-620896-aa8990a6/tic_tac_toe_frontend/node_modules/@babel/parser/lib/index.js:12953:10)
    at FlowParserMixin.parseProgram (/tmp/kavia/workspace/code-generation/tictactoeweb-620896-aa8990a6/tic_tac_toe_frontend/node_modules/@babel/parser/lib/index.js:12280:10)
    at FlowParserMixin.parseTopLevel (/tmp/kavia/workspace/code-generation/tictactoeweb-620896-aa8990a6/tic_tac_toe_frontend/node_modules/@babel/parser/lib/index.js:12270:25)
    at FlowParserMixin.parseTopLevel (/tmp/kavia/workspace/code-generation/tictactoeweb-620896-aa8990a6/tic_tac_toe_frontend/node_modules/@babel/parser/lib/index.js:5909:28)
    at FlowParserMixin.parse (/tmp/kavia/workspace/code-generation/tictactoeweb-620896-aa8990a6/tic_tac_toe_frontend/node_modules/@babel/parser/lib/index.js:14120:10)
    at parse (/tmp/kavia/workspace/code-generation/tictactoeweb-620896-aa8990a6/tic_tac_toe_frontend/node_modules/@babel/parser/lib/index.js:14154:38)
    at parser (/tmp/kavia/workspace/code-generation/tictactoeweb-620896-aa8990a6/tic_tac_toe_frontend/node_modules/@babel/core/lib/parser/index.js:41:34)
    at parser.next (<anonymous>)
    at normalizeFile (/tmp/kavia/workspace/code-generation/tictactoeweb-620896-aa8990a6/tic_tac_toe_frontend/node_modules/@babel/core/lib/transformation/normalize-file.js:64:37)
    at normalizeFile.next (<anonymous>)
    at run (/tmp/kavia/workspace/code-generation/tictactoeweb-620896-aa8990a6/tic_tac_toe_frontend/node_modules/@babel/core/lib/transformation/index.js:22:50)
    at run.next (<anonymous>)
    at transform (/tmp/kavia/workspace/code-generation/tictactoeweb-620896-aa8990a6/tic_tac_toe_frontend/node_modules/@babel/core/lib/transform.js:22:33)

ERROR in [eslint] 
src/App.js
  Line 11:  Parsing error: Unexpected token (11:0)

webpack compiled with 2 errors
Compiling...
Failed to compile.

[eslint] 
src/App.js
Syntax error: Unexpected token (12:0) (12:undefined)
ERROR in ./src/App.js
Module build failed (from ./node_modules/babel-loader/lib/index.js):
SyntaxError: /tmp/kavia/workspace/code-generation/tictactoeweb-620896-aa8990a6/tic_tac_toe_frontend/src/App.js: Unexpected token (12:0)

  10 |   const [board, setBoard] = useState(Array(9).fill(""));
  11 |   const [isXsTurn, setIsXsTurn] = useState(true);
> 12 |
     | ^
    at constructor (/tmp/kavia/workspace/code-generation/tictactoeweb-620896-aa8990a6/tic_tac_toe_frontend/node_modules/@babel/parser/lib/index.js:360:19)
    at FlowParserMixin.raise (/tmp/kavia/workspace/code-generation/tictactoeweb-620896-aa8990a6/tic_tac_toe_frontend/node_modules/@babel/parser/lib/index.js:3327:19)
    at FlowParserMixin.unexpected (/tmp/kavia/workspace/code-generation/tictactoeweb-620896-aa8990a6/tic_tac_toe_frontend/node_modules/@babel/parser/lib/index.js:3347:16)
    at FlowParserMixin.parseExprAtom (/tmp/kavia/workspace/code-generation/tictactoeweb-620896-aa8990a6/tic_tac_toe_frontend/node_modules/@babel/parser/lib/index.js:11126:16)
    at FlowParserMixin.parseExprAtom (/tmp/kavia/workspace/code-generation/tictactoeweb-620896-aa8990a6/tic_tac_toe_frontend/node_modules/@babel/parser/lib/index.js:6937:20)
    at FlowParserMixin.parseExprSubscripts (/tmp/kavia/workspace/code-generation/tictactoeweb-620896-aa8990a6/tic_tac_toe_frontend/node_modules/@babel/parser/lib/index.js:10758:23)
    at FlowParserMixin.parseUpdate (/tmp/kavia/workspace/code-generation/tictactoeweb-620896-aa8990a6/tic_tac_toe_frontend/node_modules/@babel/parser/lib/index.js:10743:21)
    at FlowParserMixin.parseMaybeUnary (/tmp/kavia/workspace/code-generation/tictactoeweb-620896-aa8990a6/tic_tac_toe_frontend/node_modules/@babel/parser/lib/index.js:10723:23)
    at FlowParserMixin.parseMaybeUnaryOrPrivate (/tmp/kavia/workspace/code-generation/tictactoeweb-620896-aa8990a6/tic_tac_toe_frontend/node_modules/@babel/parser/lib/index.js:10576:61)
    at FlowParserMixin.parseExprOps (/tmp/kavia/workspace/code-generation/tictactoeweb-620896-aa8990a6/tic_tac_toe_frontend/node_modules/@babel/parser/lib/index.js:10581:23)
    at FlowParserMixin.parseMaybeConditional (/tmp/kavia/workspace/code-generation/tictactoeweb-620896-aa8990a6/tic_tac_toe_frontend/node_modules/@babel/parser/lib/index.js:10558:23)
    at FlowParserMixin.parseMaybeAssign (/tmp/kavia/workspace/code-generation/tictactoeweb-620896-aa8990a6/tic_tac_toe_frontend/node_modules/@babel/parser/lib/index.js:10521:21)
    at FlowParserMixin.parseMaybeAssign (/tmp/kavia/workspace/code-generation/tictactoeweb-620896-aa8990a6/tic_tac_toe_frontend/node_modules/@babel/parser/lib/index.js:5773:18)
    at FlowParserMixin.parseExpressionBase (/tmp/kavia/workspace/code-generation/tictactoeweb-620896-aa8990a6/tic_tac_toe_frontend/node_modules/@babel/parser/lib/index.js:10475:23)
    at /tmp/kavia/workspace/code-generation/tictactoeweb-620896-aa8990a6/tic_tac_toe_frontend/node_modules/@babel/parser/lib/index.js:10471:39
    at FlowParserMixin.allowInAnd (/tmp/kavia/workspace/code-generation/tictactoeweb-620896-aa8990a6/tic_tac_toe_frontend/node_modules/@babel/parser/lib/index.js:12095:16)
    at FlowParserMixin.parseExpression (/tmp/kavia/workspace/code-generation/tictactoeweb-620896-aa8990a6/tic_tac_toe_frontend/node_modules/@babel/parser/lib/index.js:10471:17)
    at FlowParserMixin.parseStatementContent (/tmp/kavia/workspace/code-generation/tictactoeweb-620896-aa8990a6/tic_tac_toe_frontend/node_modules/@babel/parser/lib/index.js:12539:23)
    at FlowParserMixin.parseStatementLike (/tmp/kavia/workspace/code-generation/tictactoeweb-620896-aa8990a6/tic_tac_toe_frontend/node_modules/@babel/parser/lib/index.js:12406:17)
    at FlowParserMixin.parseStatementLike (/tmp/kavia/workspace/code-generation/tictactoeweb-620896-aa8990a6/tic_tac_toe_frontend/node_modules/@babel/parser/lib/index.js:5140:24)
    at FlowParserMixin.parseStatementListItem (/tmp/kavia/workspace/code-generation/tictactoeweb-620896-aa8990a6/tic_tac_toe_frontend/node_modules/@babel/parser/lib/index.js:12386:17)
    at FlowParserMixin.parseBlockOrModuleBlockBody (/tmp/kavia/workspace/code-generation/tictactoeweb-620896-aa8990a6/tic_tac_toe_frontend/node_modules/@babel/parser/lib/index.js:12960:61)
    at FlowParserMixin.parseBlockBody (/tmp/kavia/workspace/code-generation/tictactoeweb-620896-aa8990a6/tic_tac_toe_frontend/node_modules/@babel/parser/lib/index.js:12953:10)
    at FlowParserMixin.parseBlock (/tmp/kavia/workspace/code-generation/tictactoeweb-620896-aa8990a6/tic_tac_toe_frontend/node_modules/@babel/parser/lib/index.js:12941:10)
    at FlowParserMixin.parseFunctionBody (/tmp/kavia/workspace/code-generation/tictactoeweb-620896-aa8990a6/tic_tac_toe_frontend/node_modules/@babel/parser/lib/index.js:11783:24)
    at FlowParserMixin.parseFunctionBody (/tmp/kavia/workspace/code-generation/tictactoeweb-620896-aa8990a6/tic_tac_toe_frontend/node_modules/@babel/parser/lib/index.js:5117:11)
    at FlowParserMixin.parseFunctionBodyAndFinish (/tmp/kavia/workspace/code-generation/tictactoeweb-620896-aa8990a6/tic_tac_toe_frontend/node_modules/@babel/parser/lib/index.js:11769:10)
    at FlowParserMixin.parseFunctionBodyAndFinish (/tmp/kavia/workspace/code-generation/tictactoeweb-620896-aa8990a6/tic_tac_toe_frontend/node_modules/@babel/parser/lib/index.js:5125:18)
    at /tmp/kavia/workspace/code-generation/tictactoeweb-620896-aa8990a6/tic_tac_toe_frontend/node_modules/@babel/parser/lib/index.js:13085:12
    at FlowParserMixin.withSmartMixTopicForbiddingContext (/tmp/kavia/workspace/code-generation/tictactoeweb-620896-aa8990a6/tic_tac_toe_frontend/node_modules/@babel/parser/lib/index.js:12077:14)
    at FlowParserMixin.parseFunction (/tmp/kavia/workspace/code-generation/tictactoeweb-620896-aa8990a6/tic_tac_toe_frontend/node_modules/@babel/parser/lib/index.js:13084:10)
    at FlowParserMixin.parseFunctionStatement (/tmp/kavia/workspace/code-generation/tictactoeweb-620896-aa8990a6/tic_tac_toe_frontend/node_modules/@babel/parser/lib/index.js:12769:17)
    at FlowParserMixin.parseStatementContent (/tmp/kavia/workspace/code-generation/tictactoeweb-620896-aa8990a6/tic_tac_toe_frontend/node_modules/@babel/parser/lib/index.js:12430:21)
    at FlowParserMixin.parseStatementLike (/tmp/kavia/workspace/code-generation/tictactoeweb-620896-aa8990a6/tic_tac_toe_frontend/node_modules/@babel/parser/lib/index.js:12406:17)
    at FlowParserMixin.parseStatementLike (/tmp/kavia/workspace/code-generation/tictactoeweb-620896-aa8990a6/tic_tac_toe_frontend/node_modules/@babel/parser/lib/index.js:5140:24)
    at FlowParserMixin.parseModuleItem (/tmp/kavia/workspace/code-generation/tictactoeweb-620896-aa8990a6/tic_tac_toe_frontend/node_modules/@babel/parser/lib/index.js:12383:17)
    at FlowParserMixin.parseBlockOrModuleBlockBody (/tmp/kavia/workspace/code-generation/tictactoeweb-620896-aa8990a6/tic_tac_toe_frontend/node_modules/@babel/parser/lib/index.js:12960:36)
    at FlowParserMixin.parseBlockBody (/tmp/kavia/workspace/code-generation/tictactoeweb-620896-aa8990a6/tic_tac_toe_frontend/node_modules/@babel/parser/lib/index.js:12953:10)
    at FlowParserMixin.parseProgram (/tmp/kavia/workspace/code-generation/tictactoeweb-620896-aa8990a6/tic_tac_toe_frontend/node_modules/@babel/parser/lib/index.js:12280:10)
    at FlowParserMixin.parseTopLevel (/tmp/kavia/workspace/code-generation/tictactoeweb-620896-aa8990a6/tic_tac_toe_frontend/node_modules/@babel/parser/lib/index.js:12270:25)
    at FlowParserMixin.parseTopLevel (/tmp/kavia/workspace/code-generation/tictactoeweb-620896-aa8990a6/tic_tac_toe_frontend/node_modules/@babel/parser/lib/index.js:5909:28)
    at FlowParserMixin.parse (/tmp/kavia/workspace/code-generation/tictactoeweb-620896-aa8990a6/tic_tac_toe_frontend/node_modules/@babel/parser/lib/index.js:14120:10)
    at parse (/tmp/kavia/workspace/code-generation/tictactoeweb-620896-aa8990a6/tic_tac_toe_frontend/node_modules/@babel/parser/lib/index.js:14154:38)
    at parser (/tmp/kavia/workspace/code-generation/tictactoeweb-620896-aa8990a6/tic_tac_toe_frontend/node_modules/@babel/core/lib/parser/index.js:41:34)
    at parser.next (<anonymous>)
    at normalizeFile (/tmp/kavia/workspace/code-generation/tictactoeweb-620896-aa8990a6/tic_tac_toe_frontend/node_modules/@babel/core/lib/transformation/normalize-file.js:64:37)
    at normalizeFile.next (<anonymous>)
    at run (/tmp/kavia/workspace/code-generation/tictactoeweb-620896-aa8990a6/tic_tac_toe_frontend/node_modules/@babel/core/lib/transformation/index.js:22:50)
    at run.next (<anonymous>)
    at transform (/tmp/kavia/workspace/code-generation/tictactoeweb-620896-aa8990a6/tic_tac_toe_frontend/node_modules/@babel/core/lib/transform.js:22:33)

ERROR in [eslint] 
src/App.js
  Line 12:  Parsing error: Unexpected token (12:0)

webpack compiled with 2 errors
Compiling...
Failed to compile.

[eslint] 
src/App.js
Syntax error: Unexpected token (13:0) (13:undefined)
ERROR in ./src/App.js
Module build failed (from ./node_modules/babel-loader/lib/index.js):
SyntaxError: /tmp/kavia/workspace/code-generation/tictactoeweb-620896-aa8990a6/tic_tac_toe_frontend/src/App.js: Unexpected token (13:0)

  11 |   const [isXsTurn, setIsXsTurn] = useState(true);
  12 |   const [status, setStatus] = useState("Welcome to Tic Tac Toe!");
> 13 |
     | ^
    at constructor (/tmp/kavia/workspace/code-generation/tictactoeweb-620896-aa8990a6/tic_tac_toe_frontend/node_modules/@babel/parser/lib/index.js:360:19)
    at FlowParserMixin.raise (/tmp/kavia/workspace/code-generation/tictactoeweb-620896-aa8990a6/tic_tac_toe_frontend/node_modules/@babel/parser/lib/index.js:3327:19)
    at FlowParserMixin.unexpected (/tmp/kavia/workspace/code-generation/tictactoeweb-620896-aa8990a6/tic_tac_toe_frontend/node_modules/@babel/parser/lib/index.js:3347:16)
    at FlowParserMixin.parseExprAtom (/tmp/kavia/workspace/code-generation/tictactoeweb-620896-aa8990a6/tic_tac_toe_frontend/node_modules/@babel/parser/lib/index.js:11126:16)
    at FlowParserMixin.parseExprAtom (/tmp/kavia/workspace/code-generation/tictactoeweb-620896-aa8990a6/tic_tac_toe_frontend/node_modules/@babel/parser/lib/index.js:6937:20)
    at FlowParserMixin.parseExprSubscripts (/tmp/kavia/workspace/code-generation/tictactoeweb-620896-aa8990a6/tic_tac_toe_frontend/node_modules/@babel/parser/lib/index.js:10758:23)
    at FlowParserMixin.parseUpdate (/tmp/kavia/workspace/code-generation/tictactoeweb-620896-aa8990a6/tic_tac_toe_frontend/node_modules/@babel/parser/lib/index.js:10743:21)
    at FlowParserMixin.parseMaybeUnary (/tmp/kavia/workspace/code-generation/tictactoeweb-620896-aa8990a6/tic_tac_toe_frontend/node_modules/@babel/parser/lib/index.js:10723:23)
    at FlowParserMixin.parseMaybeUnaryOrPrivate (/tmp/kavia/workspace/code-generation/tictactoeweb-620896-aa8990a6/tic_tac_toe_frontend/node_modules/@babel/parser/lib/index.js:10576:61)
    at FlowParserMixin.parseExprOps (/tmp/kavia/workspace/code-generation/tictactoeweb-620896-aa8990a6/tic_tac_toe_frontend/node_modules/@babel/parser/lib/index.js:10581:23)
    at FlowParserMixin.parseMaybeConditional (/tmp/kavia/workspace/code-generation/tictactoeweb-620896-aa8990a6/tic_tac_toe_frontend/node_modules/@babel/parser/lib/index.js:10558:23)
    at FlowParserMixin.parseMaybeAssign (/tmp/kavia/workspace/code-generation/tictactoeweb-620896-aa8990a6/tic_tac_toe_frontend/node_modules/@babel/parser/lib/index.js:10521:21)
    at FlowParserMixin.parseMaybeAssign (/tmp/kavia/workspace/code-generation/tictactoeweb-620896-aa8990a6/tic_tac_toe_frontend/node_modules/@babel/parser/lib/index.js:5773:18)
    at FlowParserMixin.parseExpressionBase (/tmp/kavia/workspace/code-generation/tictactoeweb-620896-aa8990a6/tic_tac_toe_frontend/node_modules/@babel/parser/lib/index.js:10475:23)
    at /tmp/kavia/workspace/code-generation/tictactoeweb-620896-aa8990a6/tic_tac_toe_frontend/node_modules/@babel/parser/lib/index.js:10471:39
    at FlowParserMixin.allowInAnd (/tmp/kavia/workspace/code-generation/tictactoeweb-620896-aa8990a6/tic_tac_toe_frontend/node_modules/@babel/parser/lib/index.js:12095:16)
    at FlowParserMixin.parseExpression (/tmp/kavia/workspace/code-generation/tictactoeweb-620896-aa8990a6/tic_tac_toe_frontend/node_modules/@babel/parser/lib/index.js:10471:17)
    at FlowParserMixin.parseStatementContent (/tmp/kavia/workspace/code-generation/tictactoeweb-620896-aa8990a6/tic_tac_toe_frontend/node_modules/@babel/parser/lib/index.js:12539:23)
    at FlowParserMixin.parseStatementLike (/tmp/kavia/workspace/code-generation/tictactoeweb-620896-aa8990a6/tic_tac_toe_frontend/node_modules/@babel/parser/lib/index.js:12406:17)
    at FlowParserMixin.parseStatementLike (/tmp/kavia/workspace/code-generation/tictactoeweb-620896-aa8990a6/tic_tac_toe_frontend/node_modules/@babel/parser/lib/index.js:5140:24)
    at FlowParserMixin.parseStatementListItem (/tmp/kavia/workspace/code-generation/tictactoeweb-620896-aa8990a6/tic_tac_toe_frontend/node_modules/@babel/parser/lib/index.js:12386:17)
    at FlowParserMixin.parseBlockOrModuleBlockBody (/tmp/kavia/workspace/code-generation/tictactoeweb-620896-aa8990a6/tic_tac_toe_frontend/node_modules/@babel/parser/lib/index.js:12960:61)
    at FlowParserMixin.parseBlockBody (/tmp/kavia/workspace/code-generation/tictactoeweb-620896-aa8990a6/tic_tac_toe_frontend/node_modules/@babel/parser/lib/index.js:12953:10)
    at FlowParserMixin.parseBlock (/tmp/kavia/workspace/code-generation/tictactoeweb-620896-aa8990a6/tic_tac_toe_frontend/node_modules/@babel/parser/lib/index.js:12941:10)
    at FlowParserMixin.parseFunctionBody (/tmp/kavia/workspace/code-generation/tictactoeweb-620896-aa8990a6/tic_tac_toe_frontend/node_modules/@babel/parser/lib/index.js:11783:24)
    at FlowParserMixin.parseFunctionBody (/tmp/kavia/workspace/code-generation/tictactoeweb-620896-aa8990a6/tic_tac_toe_frontend/node_modules/@babel/parser/lib/index.js:5117:11)
    at FlowParserMixin.parseFunctionBodyAndFinish (/tmp/kavia/workspace/code-generation/tictactoeweb-620896-aa8990a6/tic_tac_toe_frontend/node_modules/@babel/parser/lib/index.js:11769:10)
    at FlowParserMixin.parseFunctionBodyAndFinish (/tmp/kavia/workspace/code-generation/tictactoeweb-620896-aa8990a6/tic_tac_toe_frontend/node_modules/@babel/parser/lib/index.js:5125:18)
    at /tmp/kavia/workspace/code-generation/tictactoeweb-620896-aa8990a6/tic_tac_toe_frontend/node_modules/@babel/parser/lib/index.js:13085:12
    at FlowParserMixin.withSmartMixTopicForbiddingContext (/tmp/kavia/workspace/code-generation/tictactoeweb-620896-aa8990a6/tic_tac_toe_frontend/node_modules/@babel/parser/lib/index.js:12077:14)
    at FlowParserMixin.parseFunction (/tmp/kavia/workspace/code-generation/tictactoeweb-620896-aa8990a6/tic_tac_toe_frontend/node_modules/@babel/parser/lib/index.js:13084:10)
    at FlowParserMixin.parseFunctionStatement (/tmp/kavia/workspace/code-generation/tictactoeweb-620896-aa8990a6/tic_tac_toe_frontend/node_modules/@babel/parser/lib/index.js:12769:17)
    at FlowParserMixin.parseStatementContent (/tmp/kavia/workspace/code-generation/tictactoeweb-620896-aa8990a6/tic_tac_toe_frontend/node_modules/@babel/parser/lib/index.js:12430:21)
    at FlowParserMixin.parseStatementLike (/tmp/kavia/workspace/code-generation/tictactoeweb-620896-aa8990a6/tic_tac_toe_frontend/node_modules/@babel/parser/lib/index.js:12406:17)
    at FlowParserMixin.parseStatementLike (/tmp/kavia/workspace/code-generation/tictactoeweb-620896-aa8990a6/tic_tac_toe_frontend/node_modules/@babel/parser/lib/index.js:5140:24)
    at FlowParserMixin.parseModuleItem (/tmp/kavia/workspace/code-generation/tictactoeweb-620896-aa8990a6/tic_tac_toe_frontend/node_modules/@babel/parser/lib/index.js:12383:17)
    at FlowParserMixin.parseBlockOrModuleBlockBody (/tmp/kavia/workspace/code-generation/tictactoeweb-620896-aa8990a6/tic_tac_toe_frontend/node_modules/@babel/parser/lib/index.js:12960:36)
    at FlowParserMixin.parseBlockBody (/tmp/kavia/workspace/code-generation/tictactoeweb-620896-aa8990a6/tic_tac_toe_frontend/node_modules/@babel/parser/lib/index.js:12953:10)
    at FlowParserMixin.parseProgram (/tmp/kavia/workspace/code-generation/tictactoeweb-620896-aa8990a6/tic_tac_toe_frontend/node_modules/@babel/parser/lib/index.js:12280:10)
    at FlowParserMixin.parseTopLevel (/tmp/kavia/workspace/code-generation/tictactoeweb-620896-aa8990a6/tic_tac_toe_frontend/node_modules/@babel/parser/lib/index.js:12270:25)
    at FlowParserMixin.parseTopLevel (/tmp/kavia/workspace/code-generation/tictactoeweb-620896-aa8990a6/tic_tac_toe_frontend/node_modules/@babel/parser/lib/index.js:5909:28)
    at FlowParserMixin.parse (/tmp/kavia/workspace/code-generation/tictactoeweb-620896-aa8990a6/tic_tac_toe_frontend/node_modules/@babel/parser/lib/index.js:14120:10)
    at parse (/tmp/kavia/workspace/code-generation/tictactoeweb-620896-aa8990a6/tic_tac_toe_frontend/node_modules/@babel/parser/lib/index.js:14154:38)
    at parser (/tmp/kavia/workspace/code-generation/tictactoeweb-620896-aa8990a6/tic_tac_toe_frontend/node_modules/@babel/core/lib/parser/index.js:41:34)
    at parser.next (<anonymous>)
    at normalizeFile (/tmp/kavia/workspace/code-generation/tictactoeweb-620896-aa8990a6/tic_tac_toe_frontend/node_modules/@babel/core/lib/transformation/normalize-file.js:64:37)
    at normalizeFile.next (<anonymous>)
    at run (/tmp/kavia/workspace/code-generation/tictactoeweb-620896-aa8990a6/tic_tac_toe_frontend/node_modules/@babel/core/lib/transformation/index.js:22:50)
    at run.next (<anonymous>)
    at transform (/tmp/kavia/workspace/code-generation/tictactoeweb-620896-aa8990a6/tic_tac_toe_frontend/node_modules/@babel/core/lib/transform.js:22:33)

ERROR in [eslint] 
src/App.js
  Line 13:  Parsing error: Unexpected token (13:0)

webpack compiled with 2 errors
Compiling...
Failed to compile.

[eslint] 
src/App.js
Syntax error: Unexpected token (14:0) (14:undefined)
ERROR in ./src/App.js
Module build failed (from ./node_modules/babel-loader/lib/index.js):
SyntaxError: /tmp/kavia/workspace/code-generation/tictactoeweb-620896-aa8990a6/tic_tac_toe_frontend/src/App.js: Unexpected token (14:0)

  12 |   const [status, setStatus] = useState("Welcome to Tic Tac Toe!");
  13 |   const [gameId, setGameId] = useState(null);
> 14 |
     | ^
    at constructor (/tmp/kavia/workspace/code-generation/tictactoeweb-620896-aa8990a6/tic_tac_toe_frontend/node_modules/@babel/parser/lib/index.js:360:19)
    at FlowParserMixin.raise (/tmp/kavia/workspace/code-generation/tictactoeweb-620896-aa8990a6/tic_tac_toe_frontend/node_modules/@babel/parser/lib/index.js:3327:19)
    at FlowParserMixin.unexpected (/tmp/kavia/workspace/code-generation/tictactoeweb-620896-aa8990a6/tic_tac_toe_frontend/node_modules/@babel/parser/lib/index.js:3347:16)
    at FlowParserMixin.parseExprAtom (/tmp/kavia/workspace/code-generation/tictactoeweb-620896-aa8990a6/tic_tac_toe_frontend/node_modules/@babel/parser/lib/index.js:11126:16)
    at FlowParserMixin.parseExprAtom (/tmp/kavia/workspace/code-generation/tictactoeweb-620896-aa8990a6/tic_tac_toe_frontend/node_modules/@babel/parser/lib/index.js:6937:20)
    at FlowParserMixin.parseExprSubscripts (/tmp/kavia/workspace/code-generation/tictactoeweb-620896-aa8990a6/tic_tac_toe_frontend/node_modules/@babel/parser/lib/index.js:10758:23)
    at FlowParserMixin.parseUpdate (/tmp/kavia/workspace/code-generation/tictactoeweb-620896-aa8990a6/tic_tac_toe_frontend/node_modules/@babel/parser/lib/index.js:10743:21)
    at FlowParserMixin.parseMaybeUnary (/tmp/kavia/workspace/code-generation/tictactoeweb-620896-aa8990a6/tic_tac_toe_frontend/node_modules/@babel/parser/lib/index.js:10723:23)
    at FlowParserMixin.parseMaybeUnaryOrPrivate (/tmp/kavia/workspace/code-generation/tictactoeweb-620896-aa8990a6/tic_tac_toe_frontend/node_modules/@babel/parser/lib/index.js:10576:61)
    at FlowParserMixin.parseExprOps (/tmp/kavia/workspace/code-generation/tictactoeweb-620896-aa8990a6/tic_tac_toe_frontend/node_modules/@babel/parser/lib/index.js:10581:23)
    at FlowParserMixin.parseMaybeConditional (/tmp/kavia/workspace/code-generation/tictactoeweb-620896-aa8990a6/tic_tac_toe_frontend/node_modules/@babel/parser/lib/index.js:10558:23)
    at FlowParserMixin.parseMaybeAssign (/tmp/kavia/workspace/code-generation/tictactoeweb-620896-aa8990a6/tic_tac_toe_frontend/node_modules/@babel/parser/lib/index.js:10521:21)
    at FlowParserMixin.parseMaybeAssign (/tmp/kavia/workspace/code-generation/tictactoeweb-620896-aa8990a6/tic_tac_toe_frontend/node_modules/@babel/parser/lib/index.js:5773:18)
    at FlowParserMixin.parseExpressionBase (/tmp/kavia/workspace/code-generation/tictactoeweb-620896-aa8990a6/tic_tac_toe_frontend/node_modules/@babel/parser/lib/index.js:10475:23)
    at /tmp/kavia/workspace/code-generation/tictactoeweb-620896-aa8990a6/tic_tac_toe_frontend/node_modules/@babel/parser/lib/index.js:10471:39
    at FlowParserMixin.allowInAnd (/tmp/kavia/workspace/code-generation/tictactoeweb-620896-aa8990a6/tic_tac_toe_frontend/node_modules/@babel/parser/lib/index.js:12095:16)
    at FlowParserMixin.parseExpression (/tmp/kavia/workspace/code-generation/tictactoeweb-620896-aa8990a6/tic_tac_toe_frontend/node_modules/@babel/parser/lib/index.js:10471:17)
    at FlowParserMixin.parseStatementContent (/tmp/kavia/workspace/code-generation/tictactoeweb-620896-aa8990a6/tic_tac_toe_frontend/node_modules/@babel/parser/lib/index.js:12539:23)
    at FlowParserMixin.parseStatementLike (/tmp/kavia/workspace/code-generation/tictactoeweb-620896-aa8990a6/tic_tac_toe_frontend/node_modules/@babel/parser/lib/index.js:12406:17)
    at FlowParserMixin.parseStatementLike (/tmp/kavia/workspace/code-generation/tictactoeweb-620896-aa8990a6/tic_tac_toe_frontend/node_modules/@babel/parser/lib/index.js:5140:24)
    at FlowParserMixin.parseStatementListItem (/tmp/kavia/workspace/code-generation/tictactoeweb-620896-aa8990a6/tic_tac_toe_frontend/node_modules/@babel/parser/lib/index.js:12386:17)
    at FlowParserMixin.parseBlockOrModuleBlockBody (/tmp/kavia/workspace/code-generation/tictactoeweb-620896-aa8990a6/tic_tac_toe_frontend/node_modules/@babel/parser/lib/index.js:12960:61)
    at FlowParserMixin.parseBlockBody (/tmp/kavia/workspace/code-generation/tictactoeweb-620896-aa8990a6/tic_tac_toe_frontend/node_modules/@babel/parser/lib/index.js:12953:10)
    at FlowParserMixin.parseBlock (/tmp/kavia/workspace/code-generation/tictactoeweb-620896-aa8990a6/tic_tac_toe_frontend/node_modules/@babel/parser/lib/index.js:12941:10)
    at FlowParserMixin.parseFunctionBody (/tmp/kavia/workspace/code-generation/tictactoeweb-620896-aa8990a6/tic_tac_toe_frontend/node_modules/@babel/parser/lib/index.js:11783:24)
    at FlowParserMixin.parseFunctionBody (/tmp/kavia/workspace/code-generation/tictactoeweb-620896-aa8990a6/tic_tac_toe_frontend/node_modules/@babel/parser/lib/index.js:5117:11)
    at FlowParserMixin.parseFunctionBodyAndFinish (/tmp/kavia/workspace/code-generation/tictactoeweb-620896-aa8990a6/tic_tac_toe_frontend/node_modules/@babel/parser/lib/index.js:11769:10)
    at FlowParserMixin.parseFunctionBodyAndFinish (/tmp/kavia/workspace/code-generation/tictactoeweb-620896-aa8990a6/tic_tac_toe_frontend/node_modules/@babel/parser/lib/index.js:5125:18)
    at /tmp/kavia/workspace/code-generation/tictactoeweb-620896-aa8990a6/tic_tac_toe_frontend/node_modules/@babel/parser/lib/index.js:13085:12
    at FlowParserMixin.withSmartMixTopicForbiddingContext (/tmp/kavia/workspace/code-generation/tictactoeweb-620896-aa8990a6/tic_tac_toe_frontend/node_modules/@babel/parser/lib/index.js:12077:14)
    at FlowParserMixin.parseFunction (/tmp/kavia/workspace/code-generation/tictactoeweb-620896-aa8990a6/tic_tac_toe_frontend/node_modules/@babel/parser/lib/index.js:13084:10)
    at FlowParserMixin.parseFunctionStatement (/tmp/kavia/workspace/code-generation/tictactoeweb-620896-aa8990a6/tic_tac_toe_frontend/node_modules/@babel/parser/lib/index.js:12769:17)
    at FlowParserMixin.parseStatementContent (/tmp/kavia/workspace/code-generation/tictactoeweb-620896-aa8990a6/tic_tac_toe_frontend/node_modules/@babel/parser/lib/index.js:12430:21)
    at FlowParserMixin.parseStatementLike (/tmp/kavia/workspace/code-generation/tictactoeweb-620896-aa8990a6/tic_tac_toe_frontend/node_modules/@babel/parser/lib/index.js:12406:17)
    at FlowParserMixin.parseStatementLike (/tmp/kavia/workspace/code-generation/tictactoeweb-620896-aa8990a6/tic_tac_toe_frontend/node_modules/@babel/parser/lib/index.js:5140:24)
    at FlowParserMixin.parseModuleItem (/tmp/kavia/workspace/code-generation/tictactoeweb-620896-aa8990a6/tic_tac_toe_frontend/node_modules/@babel/parser/lib/index.js:12383:17)
    at FlowParserMixin.parseBlockOrModuleBlockBody (/tmp/kavia/workspace/code-generation/tictactoeweb-620896-aa8990a6/tic_tac_toe_frontend/node_modules/@babel/parser/lib/index.js:12960:36)
    at FlowParserMixin.parseBlockBody (/tmp/kavia/workspace/code-generation/tictactoeweb-620896-aa8990a6/tic_tac_toe_frontend/node_modules/@babel/parser/lib/index.js:12953:10)
    at FlowParserMixin.parseProgram (/tmp/kavia/workspace/code-generation/tictactoeweb-620896-aa8990a6/tic_tac_toe_frontend/node_modules/@babel/parser/lib/index.js:12280:10)
    at FlowParserMixin.parseTopLevel (/tmp/kavia/workspace/code-generation/tictactoeweb-620896-aa8990a6/tic_tac_toe_frontend/node_modules/@babel/parser/lib/index.js:12270:25)
    at FlowParserMixin.parseTopLevel (/tmp/kavia/workspace/code-generation/tictactoeweb-620896-aa8990a6/tic_tac_toe_frontend/node_modules/@babel/parser/lib/index.js:5909:28)
    at FlowParserMixin.parse (/tmp/kavia/workspace/code-generation/tictactoeweb-620896-aa8990a6/tic_tac_toe_frontend/node_modules/@babel/parser/lib/index.js:14120:10)
    at parse (/tmp/kavia/workspace/code-generation/tictactoeweb-620896-aa8990a6/tic_tac_toe_frontend/node_modules/@babel/parser/lib/index.js:14154:38)
    at parser (/tmp/kavia/workspace/code-generation/tictactoeweb-620896-aa8990a6/tic_tac_toe_frontend/node_modules/@babel/core/lib/parser/index.js:41:34)
    at parser.next (<anonymous>)
    at normalizeFile (/tmp/kavia/workspace/code-generation/tictactoeweb-620896-aa8990a6/tic_tac_toe_frontend/node_modules/@babel/core/lib/transformation/normalize-file.js:64:37)
    at normalizeFile.next (<anonymous>)
    at run (/tmp/kavia/workspace/code-generation/tictactoeweb-620896-aa8990a6/tic_tac_toe_frontend/node_modules/@babel/core/lib/transformation/index.js:22:50)
    at run.next (<anonymous>)
    at transform (/tmp/kavia/workspace/code-generation/tictactoeweb-620896-aa8990a6/tic_tac_toe_frontend/node_modules/@babel/core/lib/transform.js:22:33)

ERROR in [eslint] 
src/App.js
  Line 14:  Parsing error: Unexpected token (14:0)

webpack compiled with 2 errors
Compiling...
Failed to compile.

[eslint] 
src/App.js
Syntax error: Unexpected token (14:0) (14:undefined)
ERROR in ./src/App.js
Module build failed (from ./node_modules/babel-loader/lib/index.js):
SyntaxError: /tmp/kavia/workspace/code-generation/tictactoeweb-620896-aa8990a6/tic_tac_toe_frontend/src/App.js: Unexpected token (15:0)

  13 |   const [gameId, setGameId] = useState(null);
  14 |   const [gameOver, setGameOver] = useState(false);
> 15 |
     | ^
    at constructor (/tmp/kavia/workspace/code-generation/tictactoeweb-620896-aa8990a6/tic_tac_toe_frontend/node_modules/@babel/parser/lib/index.js:360:19)
    at FlowParserMixin.raise (/tmp/kavia/workspace/code-generation/tictactoeweb-620896-aa8990a6/tic_tac_toe_frontend/node_modules/@babel/parser/lib/index.js:3327:19)
    at FlowParserMixin.unexpected (/tmp/kavia/workspace/code-generation/tictactoeweb-620896-aa8990a6/tic_tac_toe_frontend/node_modules/@babel/parser/lib/index.js:3347:16)
    at FlowParserMixin.parseExprAtom (/tmp/kavia/workspace/code-generation/tictactoeweb-620896-aa8990a6/tic_tac_toe_frontend/node_modules/@babel/parser/lib/index.js:11126:16)
    at FlowParserMixin.parseExprAtom (/tmp/kavia/workspace/code-generation/tictactoeweb-620896-aa8990a6/tic_tac_toe_frontend/node_modules/@babel/parser/lib/index.js:6937:20)
    at FlowParserMixin.parseExprSubscripts (/tmp/kavia/workspace/code-generation/tictactoeweb-620896-aa8990a6/tic_tac_toe_frontend/node_modules/@babel/parser/lib/index.js:10758:23)
    at FlowParserMixin.parseUpdate (/tmp/kavia/workspace/code-generation/tictactoeweb-620896-aa8990a6/tic_tac_toe_frontend/node_modules/@babel/parser/lib/index.js:10743:21)
    at FlowParserMixin.parseMaybeUnary (/tmp/kavia/workspace/code-generation/tictactoeweb-620896-aa8990a6/tic_tac_toe_frontend/node_modules/@babel/parser/lib/index.js:10723:23)
    at FlowParserMixin.parseMaybeUnaryOrPrivate (/tmp/kavia/workspace/code-generation/tictactoeweb-620896-aa8990a6/tic_tac_toe_frontend/node_modules/@babel/parser/lib/index.js:10576:61)
    at FlowParserMixin.parseExprOps (/tmp/kavia/workspace/code-generation/tictactoeweb-620896-aa8990a6/tic_tac_toe_frontend/node_modules/@babel/parser/lib/index.js:10581:23)
    at FlowParserMixin.parseMaybeConditional (/tmp/kavia/workspace/code-generation/tictactoeweb-620896-aa8990a6/tic_tac_toe_frontend/node_modules/@babel/parser/lib/index.js:10558:23)
    at FlowParserMixin.parseMaybeAssign (/tmp/kavia/workspace/code-generation/tictactoeweb-620896-aa8990a6/tic_tac_toe_frontend/node_modules/@babel/parser/lib/index.js:10521:21)
    at FlowParserMixin.parseMaybeAssign (/tmp/kavia/workspace/code-generation/tictactoeweb-620896-aa8990a6/tic_tac_toe_frontend/node_modules/@babel/parser/lib/index.js:5773:18)
    at FlowParserMixin.parseExpressionBase (/tmp/kavia/workspace/code-generation/tictactoeweb-620896-aa8990a6/tic_tac_toe_frontend/node_modules/@babel/parser/lib/index.js:10475:23)
    at /tmp/kavia/workspace/code-generation/tictactoeweb-620896-aa8990a6/tic_tac_toe_frontend/node_modules/@babel/parser/lib/index.js:10471:39
    at FlowParserMixin.allowInAnd (/tmp/kavia/workspace/code-generation/tictactoeweb-620896-aa8990a6/tic_tac_toe_frontend/node_modules/@babel/parser/lib/index.js:12095:16)
    at FlowParserMixin.parseExpression (/tmp/kavia/workspace/code-generation/tictactoeweb-620896-aa8990a6/tic_tac_toe_frontend/node_modules/@babel/parser/lib/index.js:10471:17)
    at FlowParserMixin.parseStatementContent (/tmp/kavia/workspace/code-generation/tictactoeweb-620896-aa8990a6/tic_tac_toe_frontend/node_modules/@babel/parser/lib/index.js:12539:23)
    at FlowParserMixin.parseStatementLike (/tmp/kavia/workspace/code-generation/tictactoeweb-620896-aa8990a6/tic_tac_toe_frontend/node_modules/@babel/parser/lib/index.js:12406:17)
    at FlowParserMixin.parseStatementLike (/tmp/kavia/workspace/code-generation/tictactoeweb-620896-aa8990a6/tic_tac_toe_frontend/node_modules/@babel/parser/lib/index.js:5140:24)
    at FlowParserMixin.parseStatementListItem (/tmp/kavia/workspace/code-generation/tictactoeweb-620896-aa8990a6/tic_tac_toe_frontend/node_modules/@babel/parser/lib/index.js:12386:17)
    at FlowParserMixin.parseBlockOrModuleBlockBody (/tmp/kavia/workspace/code-generation/tictactoeweb-620896-aa8990a6/tic_tac_toe_frontend/node_modules/@babel/parser/lib/index.js:12960:61)
    at FlowParserMixin.parseBlockBody (/tmp/kavia/workspace/code-generation/tictactoeweb-620896-aa8990a6/tic_tac_toe_frontend/node_modules/@babel/parser/lib/index.js:12953:10)
    at FlowParserMixin.parseBlock (/tmp/kavia/workspace/code-generation/tictactoeweb-620896-aa8990a6/tic_tac_toe_frontend/node_modules/@babel/parser/lib/index.js:12941:10)
    at FlowParserMixin.parseFunctionBody (/tmp/kavia/workspace/code-generation/tictactoeweb-620896-aa8990a6/tic_tac_toe_frontend/node_modules/@babel/parser/lib/index.js:11783:24)
    at FlowParserMixin.parseFunctionBody (/tmp/kavia/workspace/code-generation/tictactoeweb-620896-aa8990a6/tic_tac_toe_frontend/node_modules/@babel/parser/lib/index.js:5117:11)
    at FlowParserMixin.parseFunctionBodyAndFinish (/tmp/kavia/workspace/code-generation/tictactoeweb-620896-aa8990a6/tic_tac_toe_frontend/node_modules/@babel/parser/lib/index.js:11769:10)
    at FlowParserMixin.parseFunctionBodyAndFinish (/tmp/kavia/workspace/code-generation/tictactoeweb-620896-aa8990a6/tic_tac_toe_frontend/node_modules/@babel/parser/lib/index.js:5125:18)
    at /tmp/kavia/workspace/code-generation/tictactoeweb-620896-aa8990a6/tic_tac_toe_frontend/node_modules/@babel/parser/lib/index.js:13085:12
    at FlowParserMixin.withSmartMixTopicForbiddingContext (/tmp/kavia/workspace/code-generation/tictactoeweb-620896-aa8990a6/tic_tac_toe_frontend/node_modules/@babel/parser/lib/index.js:12077:14)
    at FlowParserMixin.parseFunction (/tmp/kavia/workspace/code-generation/tictactoeweb-620896-aa8990a6/tic_tac_toe_frontend/node_modules/@babel/parser/lib/index.js:13084:10)
    at FlowParserMixin.parseFunctionStatement (/tmp/kavia/workspace/code-generation/tictactoeweb-620896-aa8990a6/tic_tac_toe_frontend/node_modules/@babel/parser/lib/index.js:12769:17)
    at FlowParserMixin.parseStatementContent (/tmp/kavia/workspace/code-generation/tictactoeweb-620896-aa8990a6/tic_tac_toe_frontend/node_modules/@babel/parser/lib/index.js:12430:21)
    at FlowParserMixin.parseStatementLike (/tmp/kavia/workspace/code-generation/tictactoeweb-620896-aa8990a6/tic_tac_toe_frontend/node_modules/@babel/parser/lib/index.js:12406:17)
    at FlowParserMixin.parseStatementLike (/tmp/kavia/workspace/code-generation/tictactoeweb-620896-aa8990a6/tic_tac_toe_frontend/node_modules/@babel/parser/lib/index.js:5140:24)
    at FlowParserMixin.parseModuleItem (/tmp/kavia/workspace/code-generation/tictactoeweb-620896-aa8990a6/tic_tac_toe_frontend/node_modules/@babel/parser/lib/index.js:12383:17)
    at FlowParserMixin.parseBlockOrModuleBlockBody (/tmp/kavia/workspace/code-generation/tictactoeweb-620896-aa8990a6/tic_tac_toe_frontend/node_modules/@babel/parser/lib/index.js:12960:36)
    at FlowParserMixin.parseBlockBody (/tmp/kavia/workspace/code-generation/tictactoeweb-620896-aa8990a6/tic_tac_toe_frontend/node_modules/@babel/parser/lib/index.js:12953:10)
    at FlowParserMixin.parseProgram (/tmp/kavia/workspace/code-generation/tictactoeweb-620896-aa8990a6/tic_tac_toe_frontend/node_modules/@babel/parser/lib/index.js:12280:10)
    at FlowParserMixin.parseTopLevel (/tmp/kavia/workspace/code-generation/tictactoeweb-620896-aa8990a6/tic_tac_toe_frontend/node_modules/@babel/parser/lib/index.js:12270:25)
    at FlowParserMixin.parseTopLevel (/tmp/kavia/workspace/code-generation/tictactoeweb-620896-aa8990a6/tic_tac_toe_frontend/node_modules/@babel/parser/lib/index.js:5909:28)
    at FlowParserMixin.parse (/tmp/kavia/workspace/code-generation/tictactoeweb-620896-aa8990a6/tic_tac_toe_frontend/node_modules/@babel/parser/lib/index.js:14120:10)
    at parse (/tmp/kavia/workspace/code-generation/tictactoeweb-620896-aa8990a6/tic_tac_toe_frontend/node_modules/@babel/parser/lib/index.js:14154:38)
    at parser (/tmp/kavia/workspace/code-generation/tictactoeweb-620896-aa8990a6/tic_tac_toe_frontend/node_modules/@babel/core/lib/parser/index.js:41:34)
    at parser.next (<anonymous>)
    at normalizeFile (/tmp/kavia/workspace/code-generation/tictactoeweb-620896-aa8990a6/tic_tac_toe_frontend/node_modules/@babel/core/lib/transformation/normalize-file.js:64:37)
    at normalizeFile.next (<anonymous>)
    at run (/tmp/kavia/workspace/code-generation/tictactoeweb-620896-aa8990a6/tic_tac_toe_frontend/node_modules/@babel/core/lib/transformation/index.js:22:50)
    at run.next (<anonymous>)
    at transform (/tmp/kavia/workspace/code-generation/tictactoeweb-620896-aa8990a6/tic_tac_toe_frontend/node_modules/@babel/core/lib/transform.js:22:33)

ERROR in [eslint] 
src/App.js
  Line 14:  Parsing error: Unexpected token (14:0)

webpack compiled with 2 errors
Compiling...
Failed to compile.

[eslint] 
src/App.js
Syntax error: Unexpected token (15:0) (15:undefined)
ERROR in ./src/App.js
Module build failed (from ./node_modules/babel-loader/lib/index.js):
SyntaxError: /tmp/kavia/workspace/code-generation/tictactoeweb-620896-aa8990a6/tic_tac_toe_frontend/src/App.js: Unexpected token (15:0)

  13 |   const [gameId, setGameId] = useState(null);
  14 |   const [gameOver, setGameOver] = useState(false);
> 15 |
     | ^
    at constructor (/tmp/kavia/workspace/code-generation/tictactoeweb-620896-aa8990a6/tic_tac_toe_frontend/node_modules/@babel/parser/lib/index.js:360:19)
    at FlowParserMixin.raise (/tmp/kavia/workspace/code-generation/tictactoeweb-620896-aa8990a6/tic_tac_toe_frontend/node_modules/@babel/parser/lib/index.js:3327:19)
    at FlowParserMixin.unexpected (/tmp/kavia/workspace/code-generation/tictactoeweb-620896-aa8990a6/tic_tac_toe_frontend/node_modules/@babel/parser/lib/index.js:3347:16)
    at FlowParserMixin.parseExprAtom (/tmp/kavia/workspace/code-generation/tictactoeweb-620896-aa8990a6/tic_tac_toe_frontend/node_modules/@babel/parser/lib/index.js:11126:16)
    at FlowParserMixin.parseExprAtom (/tmp/kavia/workspace/code-generation/tictactoeweb-620896-aa8990a6/tic_tac_toe_frontend/node_modules/@babel/parser/lib/index.js:6937:20)
    at FlowParserMixin.parseExprSubscripts (/tmp/kavia/workspace/code-generation/tictactoeweb-620896-aa8990a6/tic_tac_toe_frontend/node_modules/@babel/parser/lib/index.js:10758:23)
    at FlowParserMixin.parseUpdate (/tmp/kavia/workspace/code-generation/tictactoeweb-620896-aa8990a6/tic_tac_toe_frontend/node_modules/@babel/parser/lib/index.js:10743:21)
    at FlowParserMixin.parseMaybeUnary (/tmp/kavia/workspace/code-generation/tictactoeweb-620896-aa8990a6/tic_tac_toe_frontend/node_modules/@babel/parser/lib/index.js:10723:23)
    at FlowParserMixin.parseMaybeUnaryOrPrivate (/tmp/kavia/workspace/code-generation/tictactoeweb-620896-aa8990a6/tic_tac_toe_frontend/node_modules/@babel/parser/lib/index.js:10576:61)
    at FlowParserMixin.parseExprOps (/tmp/kavia/workspace/code-generation/tictactoeweb-620896-aa8990a6/tic_tac_toe_frontend/node_modules/@babel/parser/lib/index.js:10581:23)
    at FlowParserMixin.parseMaybeConditional (/tmp/kavia/workspace/code-generation/tictactoeweb-620896-aa8990a6/tic_tac_toe_frontend/node_modules/@babel/parser/lib/index.js:10558:23)
    at FlowParserMixin.parseMaybeAssign (/tmp/kavia/workspace/code-generation/tictactoeweb-620896-aa8990a6/tic_tac_toe_frontend/node_modules/@babel/parser/lib/index.js:10521:21)
    at FlowParserMixin.parseMaybeAssign (/tmp/kavia/workspace/code-generation/tictactoeweb-620896-aa8990a6/tic_tac_toe_frontend/node_modules/@babel/parser/lib/index.js:5773:18)
    at FlowParserMixin.parseExpressionBase (/tmp/kavia/workspace/code-generation/tictactoeweb-620896-aa8990a6/tic_tac_toe_frontend/node_modules/@babel/parser/lib/index.js:10475:23)
    at /tmp/kavia/workspace/code-generation/tictactoeweb-620896-aa8990a6/tic_tac_toe_frontend/node_modules/@babel/parser/lib/index.js:10471:39
    at FlowParserMixin.allowInAnd (/tmp/kavia/workspace/code-generation/tictactoeweb-620896-aa8990a6/tic_tac_toe_frontend/node_modules/@babel/parser/lib/index.js:12095:16)
    at FlowParserMixin.parseExpression (/tmp/kavia/workspace/code-generation/tictactoeweb-620896-aa8990a6/tic_tac_toe_frontend/node_modules/@babel/parser/lib/index.js:10471:17)
    at FlowParserMixin.parseStatementContent (/tmp/kavia/workspace/code-generation/tictactoeweb-620896-aa8990a6/tic_tac_toe_frontend/node_modules/@babel/parser/lib/index.js:12539:23)
    at FlowParserMixin.parseStatementLike (/tmp/kavia/workspace/code-generation/tictactoeweb-620896-aa8990a6/tic_tac_toe_frontend/node_modules/@babel/parser/lib/index.js:12406:17)
    at FlowParserMixin.parseStatementLike (/tmp/kavia/workspace/code-generation/tictactoeweb-620896-aa8990a6/tic_tac_toe_frontend/node_modules/@babel/parser/lib/index.js:5140:24)
    at FlowParserMixin.parseStatementListItem (/tmp/kavia/workspace/code-generation/tictactoeweb-620896-aa8990a6/tic_tac_toe_frontend/node_modules/@babel/parser/lib/index.js:12386:17)
    at FlowParserMixin.parseBlockOrModuleBlockBody (/tmp/kavia/workspace/code-generation/tictactoeweb-620896-aa8990a6/tic_tac_toe_frontend/node_modules/@babel/parser/lib/index.js:12960:61)
    at FlowParserMixin.parseBlockBody (/tmp/kavia/workspace/code-generation/tictactoeweb-620896-aa8990a6/tic_tac_toe_frontend/node_modules/@babel/parser/lib/index.js:12953:10)
    at FlowParserMixin.parseBlock (/tmp/kavia/workspace/code-generation/tictactoeweb-620896-aa8990a6/tic_tac_toe_frontend/node_modules/@babel/parser/lib/index.js:12941:10)
    at FlowParserMixin.parseFunctionBody (/tmp/kavia/workspace/code-generation/tictactoeweb-620896-aa8990a6/tic_tac_toe_frontend/node_modules/@babel/parser/lib/index.js:11783:24)
    at FlowParserMixin.parseFunctionBody (/tmp/kavia/workspace/code-generation/tictactoeweb-620896-aa8990a6/tic_tac_toe_frontend/node_modules/@babel/parser/lib/index.js:5117:11)
    at FlowParserMixin.parseFunctionBodyAndFinish (/tmp/kavia/workspace/code-generation/tictactoeweb-620896-aa8990a6/tic_tac_toe_frontend/node_modules/@babel/parser/lib/index.js:11769:10)
    at FlowParserMixin.parseFunctionBodyAndFinish (/tmp/kavia/workspace/code-generation/tictactoeweb-620896-aa8990a6/tic_tac_toe_frontend/node_modules/@babel/parser/lib/index.js:5125:18)
    at /tmp/kavia/workspace/code-generation/tictactoeweb-620896-aa8990a6/tic_tac_toe_frontend/node_modules/@babel/parser/lib/index.js:13085:12
    at FlowParserMixin.withSmartMixTopicForbiddingContext (/tmp/kavia/workspace/code-generation/tictactoeweb-620896-aa8990a6/tic_tac_toe_frontend/node_modules/@babel/parser/lib/index.js:12077:14)
    at FlowParserMixin.parseFunction (/tmp/kavia/workspace/code-generation/tictactoeweb-620896-aa8990a6/tic_tac_toe_frontend/node_modules/@babel/parser/lib/index.js:13084:10)
    at FlowParserMixin.parseFunctionStatement (/tmp/kavia/workspace/code-generation/tictactoeweb-620896-aa8990a6/tic_tac_toe_frontend/node_modules/@babel/parser/lib/index.js:12769:17)
    at FlowParserMixin.parseStatementContent (/tmp/kavia/workspace/code-generation/tictactoeweb-620896-aa8990a6/tic_tac_toe_frontend/node_modules/@babel/parser/lib/index.js:12430:21)
    at FlowParserMixin.parseStatementLike (/tmp/kavia/workspace/code-generation/tictactoeweb-620896-aa8990a6/tic_tac_toe_frontend/node_modules/@babel/parser/lib/index.js:12406:17)
    at FlowParserMixin.parseStatementLike (/tmp/kavia/workspace/code-generation/tictactoeweb-620896-aa8990a6/tic_tac_toe_frontend/node_modules/@babel/parser/lib/index.js:5140:24)
    at FlowParserMixin.parseModuleItem (/tmp/kavia/workspace/code-generation/tictactoeweb-620896-aa8990a6/tic_tac_toe_frontend/node_modules/@babel/parser/lib/index.js:12383:17)
    at FlowParserMixin.parseBlockOrModuleBlockBody (/tmp/kavia/workspace/code-generation/tictactoeweb-620896-aa8990a6/tic_tac_toe_frontend/node_modules/@babel/parser/lib/index.js:12960:36)
    at FlowParserMixin.parseBlockBody (/tmp/kavia/workspace/code-generation/tictactoeweb-620896-aa8990a6/tic_tac_toe_frontend/node_modules/@babel/parser/lib/index.js:12953:10)
    at FlowParserMixin.parseProgram (/tmp/kavia/workspace/code-generation/tictactoeweb-620896-aa8990a6/tic_tac_toe_frontend/node_modules/@babel/parser/lib/index.js:12280:10)
    at FlowParserMixin.parseTopLevel (/tmp/kavia/workspace/code-generation/tictactoeweb-620896-aa8990a6/tic_tac_toe_frontend/node_modules/@babel/parser/lib/index.js:12270:25)
    at FlowParserMixin.parseTopLevel (/tmp/kavia/workspace/code-generation/tictactoeweb-620896-aa8990a6/tic_tac_toe_frontend/node_modules/@babel/parser/lib/index.js:5909:28)
    at FlowParserMixin.parse (/tmp/kavia/workspace/code-generation/tictactoeweb-620896-aa8990a6/tic_tac_toe_frontend/node_modules/@babel/parser/lib/index.js:14120:10)
    at parse (/tmp/kavia/workspace/code-generation/tictactoeweb-620896-aa8990a6/tic_tac_toe_frontend/node_modules/@babel/parser/lib/index.js:14154:38)
    at parser (/tmp/kavia/workspace/code-generation/tictactoeweb-620896-aa8990a6/tic_tac_toe_frontend/node_modules/@babel/core/lib/parser/index.js:41:34)
    at parser.next (<anonymous>)
    at normalizeFile (/tmp/kavia/workspace/code-generation/tictactoeweb-620896-aa8990a6/tic_tac_toe_frontend/node_modules/@babel/core/lib/transformation/normalize-file.js:64:37)
    at normalizeFile.next (<anonymous>)
    at run (/tmp/kavia/workspace/code-generation/tictactoeweb-620896-aa8990a6/tic_tac_toe_frontend/node_modules/@babel/core/lib/transformation/index.js:22:50)
    at run.next (<anonymous>)
    at transform (/tmp/kavia/workspace/code-generation/tictactoeweb-620896-aa8990a6/tic_tac_toe_frontend/node_modules/@babel/core/lib/transform.js:22:33)

ERROR in [eslint] 
src/App.js
  Line 15:  Parsing error: Unexpected token (15:0)

webpack compiled with 2 errors
Compiling...
Failed to compile.

[eslint] 
src/App.js
Syntax error: Unexpected token (17:0) (17:undefined)
ERROR in ./src/App.js
Module build failed (from ./node_modules/babel-loader/lib/index.js):
SyntaxError: /tmp/kavia/workspace/code-generation/tictactoeweb-620896-aa8990a6/tic_tac_toe_frontend/src/App.js: Unexpected token (17:0)

  15 |   const [isLoading, setIsLoading] = useState(false);
  16 |
> 17 |
     | ^
    at constructor (/tmp/kavia/workspace/code-generation/tictactoeweb-620896-aa8990a6/tic_tac_toe_frontend/node_modules/@babel/parser/lib/index.js:360:19)
    at FlowParserMixin.raise (/tmp/kavia/workspace/code-generation/tictactoeweb-620896-aa8990a6/tic_tac_toe_frontend/node_modules/@babel/parser/lib/index.js:3327:19)
    at FlowParserMixin.unexpected (/tmp/kavia/workspace/code-generation/tictactoeweb-620896-aa8990a6/tic_tac_toe_frontend/node_modules/@babel/parser/lib/index.js:3347:16)
    at FlowParserMixin.parseExprAtom (/tmp/kavia/workspace/code-generation/tictactoeweb-620896-aa8990a6/tic_tac_toe_frontend/node_modules/@babel/parser/lib/index.js:11126:16)
    at FlowParserMixin.parseExprAtom (/tmp/kavia/workspace/code-generation/tictactoeweb-620896-aa8990a6/tic_tac_toe_frontend/node_modules/@babel/parser/lib/index.js:6937:20)
    at FlowParserMixin.parseExprSubscripts (/tmp/kavia/workspace/code-generation/tictactoeweb-620896-aa8990a6/tic_tac_toe_frontend/node_modules/@babel/parser/lib/index.js:10758:23)
    at FlowParserMixin.parseUpdate (/tmp/kavia/workspace/code-generation/tictactoeweb-620896-aa8990a6/tic_tac_toe_frontend/node_modules/@babel/parser/lib/index.js:10743:21)
    at FlowParserMixin.parseMaybeUnary (/tmp/kavia/workspace/code-generation/tictactoeweb-620896-aa8990a6/tic_tac_toe_frontend/node_modules/@babel/parser/lib/index.js:10723:23)
    at FlowParserMixin.parseMaybeUnaryOrPrivate (/tmp/kavia/workspace/code-generation/tictactoeweb-620896-aa8990a6/tic_tac_toe_frontend/node_modules/@babel/parser/lib/index.js:10576:61)
    at FlowParserMixin.parseExprOps (/tmp/kavia/workspace/code-generation/tictactoeweb-620896-aa8990a6/tic_tac_toe_frontend/node_modules/@babel/parser/lib/index.js:10581:23)
    at FlowParserMixin.parseMaybeConditional (/tmp/kavia/workspace/code-generation/tictactoeweb-620896-aa8990a6/tic_tac_toe_frontend/node_modules/@babel/parser/lib/index.js:10558:23)
    at FlowParserMixin.parseMaybeAssign (/tmp/kavia/workspace/code-generation/tictactoeweb-620896-aa8990a6/tic_tac_toe_frontend/node_modules/@babel/parser/lib/index.js:10521:21)
    at FlowParserMixin.parseMaybeAssign (/tmp/kavia/workspace/code-generation/tictactoeweb-620896-aa8990a6/tic_tac_toe_frontend/node_modules/@babel/parser/lib/index.js:5773:18)
    at FlowParserMixin.parseExpressionBase (/tmp/kavia/workspace/code-generation/tictactoeweb-620896-aa8990a6/tic_tac_toe_frontend/node_modules/@babel/parser/lib/index.js:10475:23)
    at /tmp/kavia/workspace/code-generation/tictactoeweb-620896-aa8990a6/tic_tac_toe_frontend/node_modules/@babel/parser/lib/index.js:10471:39
    at FlowParserMixin.allowInAnd (/tmp/kavia/workspace/code-generation/tictactoeweb-620896-aa8990a6/tic_tac_toe_frontend/node_modules/@babel/parser/lib/index.js:12095:16)
    at FlowParserMixin.parseExpression (/tmp/kavia/workspace/code-generation/tictactoeweb-620896-aa8990a6/tic_tac_toe_frontend/node_modules/@babel/parser/lib/index.js:10471:17)
    at FlowParserMixin.parseStatementContent (/tmp/kavia/workspace/code-generation/tictactoeweb-620896-aa8990a6/tic_tac_toe_frontend/node_modules/@babel/parser/lib/index.js:12539:23)
    at FlowParserMixin.parseStatementLike (/tmp/kavia/workspace/code-generation/tictactoeweb-620896-aa8990a6/tic_tac_toe_frontend/node_modules/@babel/parser/lib/index.js:12406:17)
    at FlowParserMixin.parseStatementLike (/tmp/kavia/workspace/code-generation/tictactoeweb-620896-aa8990a6/tic_tac_toe_frontend/node_modules/@babel/parser/lib/index.js:5140:24)
    at FlowParserMixin.parseStatementListItem (/tmp/kavia/workspace/code-generation/tictactoeweb-620896-aa8990a6/tic_tac_toe_frontend/node_modules/@babel/parser/lib/index.js:12386:17)
    at FlowParserMixin.parseBlockOrModuleBlockBody (/tmp/kavia/workspace/code-generation/tictactoeweb-620896-aa8990a6/tic_tac_toe_frontend/node_modules/@babel/parser/lib/index.js:12960:61)
    at FlowParserMixin.parseBlockBody (/tmp/kavia/workspace/code-generation/tictactoeweb-620896-aa8990a6/tic_tac_toe_frontend/node_modules/@babel/parser/lib/index.js:12953:10)
    at FlowParserMixin.parseBlock (/tmp/kavia/workspace/code-generation/tictactoeweb-620896-aa8990a6/tic_tac_toe_frontend/node_modules/@babel/parser/lib/index.js:12941:10)
    at FlowParserMixin.parseFunctionBody (/tmp/kavia/workspace/code-generation/tictactoeweb-620896-aa8990a6/tic_tac_toe_frontend/node_modules/@babel/parser/lib/index.js:11783:24)
    at FlowParserMixin.parseFunctionBody (/tmp/kavia/workspace/code-generation/tictactoeweb-620896-aa8990a6/tic_tac_toe_frontend/node_modules/@babel/parser/lib/index.js:5117:11)
    at FlowParserMixin.parseFunctionBodyAndFinish (/tmp/kavia/workspace/code-generation/tictactoeweb-620896-aa8990a6/tic_tac_toe_frontend/node_modules/@babel/parser/lib/index.js:11769:10)
    at FlowParserMixin.parseFunctionBodyAndFinish (/tmp/kavia/workspace/code-generation/tictactoeweb-620896-aa8990a6/tic_tac_toe_frontend/node_modules/@babel/parser/lib/index.js:5125:18)
    at /tmp/kavia/workspace/code-generation/tictactoeweb-620896-aa8990a6/tic_tac_toe_frontend/node_modules/@babel/parser/lib/index.js:13085:12
    at FlowParserMixin.withSmartMixTopicForbiddingContext (/tmp/kavia/workspace/code-generation/tictactoeweb-620896-aa8990a6/tic_tac_toe_frontend/node_modules/@babel/parser/lib/index.js:12077:14)
    at FlowParserMixin.parseFunction (/tmp/kavia/workspace/code-generation/tictactoeweb-620896-aa8990a6/tic_tac_toe_frontend/node_modules/@babel/parser/lib/index.js:13084:10)
    at FlowParserMixin.parseFunctionStatement (/tmp/kavia/workspace/code-generation/tictactoeweb-620896-aa8990a6/tic_tac_toe_frontend/node_modules/@babel/parser/lib/index.js:12769:17)
    at FlowParserMixin.parseStatementContent (/tmp/kavia/workspace/code-generation/tictactoeweb-620896-aa8990a6/tic_tac_toe_frontend/node_modules/@babel/parser/lib/index.js:12430:21)
    at FlowParserMixin.parseStatementLike (/tmp/kavia/workspace/code-generation/tictactoeweb-620896-aa8990a6/tic_tac_toe_frontend/node_modules/@babel/parser/lib/index.js:12406:17)
    at FlowParserMixin.parseStatementLike (/tmp/kavia/workspace/code-generation/tictactoeweb-620896-aa8990a6/tic_tac_toe_frontend/node_modules/@babel/parser/lib/index.js:5140:24)
    at FlowParserMixin.parseModuleItem (/tmp/kavia/workspace/code-generation/tictactoeweb-620896-aa8990a6/tic_tac_toe_frontend/node_modules/@babel/parser/lib/index.js:12383:17)
    at FlowParserMixin.parseBlockOrModuleBlockBody (/tmp/kavia/workspace/code-generation/tictactoeweb-620896-aa8990a6/tic_tac_toe_frontend/node_modules/@babel/parser/lib/index.js:12960:36)
    at FlowParserMixin.parseBlockBody (/tmp/kavia/workspace/code-generation/tictactoeweb-620896-aa8990a6/tic_tac_toe_frontend/node_modules/@babel/parser/lib/index.js:12953:10)
    at FlowParserMixin.parseProgram (/tmp/kavia/workspace/code-generation/tictactoeweb-620896-aa8990a6/tic_tac_toe_frontend/node_modules/@babel/parser/lib/index.js:12280:10)
    at FlowParserMixin.parseTopLevel (/tmp/kavia/workspace/code-generation/tictactoeweb-620896-aa8990a6/tic_tac_toe_frontend/node_modules/@babel/parser/lib/index.js:12270:25)
    at FlowParserMixin.parseTopLevel (/tmp/kavia/workspace/code-generation/tictactoeweb-620896-aa8990a6/tic_tac_toe_frontend/node_modules/@babel/parser/lib/index.js:5909:28)
    at FlowParserMixin.parse (/tmp/kavia/workspace/code-generation/tictactoeweb-620896-aa8990a6/tic_tac_toe_frontend/node_modules/@babel/parser/lib/index.js:14120:10)
    at parse (/tmp/kavia/workspace/code-generation/tictactoeweb-620896-aa8990a6/tic_tac_toe_frontend/node_modules/@babel/parser/lib/index.js:14154:38)
    at parser (/tmp/kavia/workspace/code-generation/tictactoeweb-620896-aa8990a6/tic_tac_toe_frontend/node_modules/@babel/core/lib/parser/index.js:41:34)
    at parser.next (<anonymous>)
    at normalizeFile (/tmp/kavia/workspace/code-generation/tictactoeweb-620896-aa8990a6/tic_tac_toe_frontend/node_modules/@babel/core/lib/transformation/normalize-file.js:64:37)
    at normalizeFile.next (<anonymous>)
    at run (/tmp/kavia/workspace/code-generation/tictactoeweb-620896-aa8990a6/tic_tac_toe_frontend/node_modules/@babel/core/lib/transformation/index.js:22:50)
    at run.next (<anonymous>)
    at transform (/tmp/kavia/workspace/code-generation/tictactoeweb-620896-aa8990a6/tic_tac_toe_frontend/node_modules/@babel/core/lib/transform.js:22:33)

ERROR in [eslint] 
src/App.js
  Line 17:  Parsing error: Unexpected token (17:0)

webpack compiled with 2 errors
Compiling...
Failed to compile.

[eslint] 
src/App.js
Syntax error: Unexpected token (19:0) (19:undefined)
ERROR in ./src/App.js
Module build failed (from ./node_modules/babel-loader/lib/index.js):
SyntaxError: /tmp/kavia/workspace/code-generation/tictactoeweb-620896-aa8990a6/tic_tac_toe_frontend/src/App.js: Unexpected token (19:0)

  17 |   // Color theme CSS variables (primary: #1a73e8, accent: #ea4335, secondary: #fbbc05)
  18 |   useEffect(() => {
> 19 |
     | ^
    at constructor (/tmp/kavia/workspace/code-generation/tictactoeweb-620896-aa8990a6/tic_tac_toe_frontend/node_modules/@babel/parser/lib/index.js:360:19)
    at FlowParserMixin.raise (/tmp/kavia/workspace/code-generation/tictactoeweb-620896-aa8990a6/tic_tac_toe_frontend/node_modules/@babel/parser/lib/index.js:3327:19)
    at FlowParserMixin.unexpected (/tmp/kavia/workspace/code-generation/tictactoeweb-620896-aa8990a6/tic_tac_toe_frontend/node_modules/@babel/parser/lib/index.js:3347:16)
    at FlowParserMixin.parseExprAtom (/tmp/kavia/workspace/code-generation/tictactoeweb-620896-aa8990a6/tic_tac_toe_frontend/node_modules/@babel/parser/lib/index.js:11126:16)
    at FlowParserMixin.parseExprAtom (/tmp/kavia/workspace/code-generation/tictactoeweb-620896-aa8990a6/tic_tac_toe_frontend/node_modules/@babel/parser/lib/index.js:6937:20)
    at FlowParserMixin.parseExprSubscripts (/tmp/kavia/workspace/code-generation/tictactoeweb-620896-aa8990a6/tic_tac_toe_frontend/node_modules/@babel/parser/lib/index.js:10758:23)
    at FlowParserMixin.parseUpdate (/tmp/kavia/workspace/code-generation/tictactoeweb-620896-aa8990a6/tic_tac_toe_frontend/node_modules/@babel/parser/lib/index.js:10743:21)
    at FlowParserMixin.parseMaybeUnary (/tmp/kavia/workspace/code-generation/tictactoeweb-620896-aa8990a6/tic_tac_toe_frontend/node_modules/@babel/parser/lib/index.js:10723:23)
    at FlowParserMixin.parseMaybeUnaryOrPrivate (/tmp/kavia/workspace/code-generation/tictactoeweb-620896-aa8990a6/tic_tac_toe_frontend/node_modules/@babel/parser/lib/index.js:10576:61)
    at FlowParserMixin.parseExprOps (/tmp/kavia/workspace/code-generation/tictactoeweb-620896-aa8990a6/tic_tac_toe_frontend/node_modules/@babel/parser/lib/index.js:10581:23)
    at FlowParserMixin.parseMaybeConditional (/tmp/kavia/workspace/code-generation/tictactoeweb-620896-aa8990a6/tic_tac_toe_frontend/node_modules/@babel/parser/lib/index.js:10558:23)
    at FlowParserMixin.parseMaybeAssign (/tmp/kavia/workspace/code-generation/tictactoeweb-620896-aa8990a6/tic_tac_toe_frontend/node_modules/@babel/parser/lib/index.js:10521:21)
    at FlowParserMixin.parseMaybeAssign (/tmp/kavia/workspace/code-generation/tictactoeweb-620896-aa8990a6/tic_tac_toe_frontend/node_modules/@babel/parser/lib/index.js:5773:18)
    at FlowParserMixin.parseExpressionBase (/tmp/kavia/workspace/code-generation/tictactoeweb-620896-aa8990a6/tic_tac_toe_frontend/node_modules/@babel/parser/lib/index.js:10475:23)
    at /tmp/kavia/workspace/code-generation/tictactoeweb-620896-aa8990a6/tic_tac_toe_frontend/node_modules/@babel/parser/lib/index.js:10471:39
    at FlowParserMixin.allowInAnd (/tmp/kavia/workspace/code-generation/tictactoeweb-620896-aa8990a6/tic_tac_toe_frontend/node_modules/@babel/parser/lib/index.js:12095:16)
    at FlowParserMixin.parseExpression (/tmp/kavia/workspace/code-generation/tictactoeweb-620896-aa8990a6/tic_tac_toe_frontend/node_modules/@babel/parser/lib/index.js:10471:17)
    at FlowParserMixin.parseStatementContent (/tmp/kavia/workspace/code-generation/tictactoeweb-620896-aa8990a6/tic_tac_toe_frontend/node_modules/@babel/parser/lib/index.js:12539:23)
    at FlowParserMixin.parseStatementLike (/tmp/kavia/workspace/code-generation/tictactoeweb-620896-aa8990a6/tic_tac_toe_frontend/node_modules/@babel/parser/lib/index.js:12406:17)
    at FlowParserMixin.parseStatementLike (/tmp/kavia/workspace/code-generation/tictactoeweb-620896-aa8990a6/tic_tac_toe_frontend/node_modules/@babel/parser/lib/index.js:5140:24)
    at FlowParserMixin.parseStatementListItem (/tmp/kavia/workspace/code-generation/tictactoeweb-620896-aa8990a6/tic_tac_toe_frontend/node_modules/@babel/parser/lib/index.js:12386:17)
    at FlowParserMixin.parseBlockOrModuleBlockBody (/tmp/kavia/workspace/code-generation/tictactoeweb-620896-aa8990a6/tic_tac_toe_frontend/node_modules/@babel/parser/lib/index.js:12960:61)
    at FlowParserMixin.parseBlockBody (/tmp/kavia/workspace/code-generation/tictactoeweb-620896-aa8990a6/tic_tac_toe_frontend/node_modules/@babel/parser/lib/index.js:12953:10)
    at FlowParserMixin.parseBlock (/tmp/kavia/workspace/code-generation/tictactoeweb-620896-aa8990a6/tic_tac_toe_frontend/node_modules/@babel/parser/lib/index.js:12941:10)
    at FlowParserMixin.parseFunctionBody (/tmp/kavia/workspace/code-generation/tictactoeweb-620896-aa8990a6/tic_tac_toe_frontend/node_modules/@babel/parser/lib/index.js:11783:24)
    at /tmp/kavia/workspace/code-generation/tictactoeweb-620896-aa8990a6/tic_tac_toe_frontend/node_modules/@babel/parser/lib/index.js:5114:63
    at FlowParserMixin.forwardNoArrowParamsConversionAt (/tmp/kavia/workspace/code-generation/tictactoeweb-620896-aa8990a6/tic_tac_toe_frontend/node_modules/@babel/parser/lib/index.js:5290:16)
    at FlowParserMixin.parseFunctionBody (/tmp/kavia/workspace/code-generation/tictactoeweb-620896-aa8990a6/tic_tac_toe_frontend/node_modules/@babel/parser/lib/index.js:5114:12)
    at FlowParserMixin.parseArrowExpression (/tmp/kavia/workspace/code-generation/tictactoeweb-620896-aa8990a6/tic_tac_toe_frontend/node_modules/@babel/parser/lib/index.js:11758:10)
    at FlowParserMixin.parseParenAndDistinguishExpression (/tmp/kavia/workspace/code-generation/tictactoeweb-620896-aa8990a6/tic_tac_toe_frontend/node_modules/@babel/parser/lib/index.js:11371:12)
    at FlowParserMixin.parseParenAndDistinguishExpression (/tmp/kavia/workspace/code-generation/tictactoeweb-620896-aa8990a6/tic_tac_toe_frontend/node_modules/@babel/parser/lib/index.js:5815:18)
    at FlowParserMixin.parseExprAtom (/tmp/kavia/workspace/code-generation/tictactoeweb-620896-aa8990a6/tic_tac_toe_frontend/node_modules/@babel/parser/lib/index.js:11006:23)
    at FlowParserMixin.parseExprAtom (/tmp/kavia/workspace/code-generation/tictactoeweb-620896-aa8990a6/tic_tac_toe_frontend/node_modules/@babel/parser/lib/index.js:6937:20)
    at FlowParserMixin.parseExprSubscripts (/tmp/kavia/workspace/code-generation/tictactoeweb-620896-aa8990a6/tic_tac_toe_frontend/node_modules/@babel/parser/lib/index.js:10758:23)
    at FlowParserMixin.parseUpdate (/tmp/kavia/workspace/code-generation/tictactoeweb-620896-aa8990a6/tic_tac_toe_frontend/node_modules/@babel/parser/lib/index.js:10743:21)
    at FlowParserMixin.parseMaybeUnary (/tmp/kavia/workspace/code-generation/tictactoeweb-620896-aa8990a6/tic_tac_toe_frontend/node_modules/@babel/parser/lib/index.js:10723:23)
    at FlowParserMixin.parseMaybeUnaryOrPrivate (/tmp/kavia/workspace/code-generation/tictactoeweb-620896-aa8990a6/tic_tac_toe_frontend/node_modules/@babel/parser/lib/index.js:10576:61)
    at FlowParserMixin.parseExprOps (/tmp/kavia/workspace/code-generation/tictactoeweb-620896-aa8990a6/tic_tac_toe_frontend/node_modules/@babel/parser/lib/index.js:10581:23)
    at FlowParserMixin.parseMaybeConditional (/tmp/kavia/workspace/code-generation/tictactoeweb-620896-aa8990a6/tic_tac_toe_frontend/node_modules/@babel/parser/lib/index.js:10558:23)
    at FlowParserMixin.parseMaybeAssign (/tmp/kavia/workspace/code-generation/tictactoeweb-620896-aa8990a6/tic_tac_toe_frontend/node_modules/@babel/parser/lib/index.js:10521:21)
    at FlowParserMixin.parseMaybeAssign (/tmp/kavia/workspace/code-generation/tictactoeweb-620896-aa8990a6/tic_tac_toe_frontend/node_modules/@babel/parser/lib/index.js:5773:18)
    at /tmp/kavia/workspace/code-generation/tictactoeweb-620896-aa8990a6/tic_tac_toe_frontend/node_modules/@babel/parser/lib/index.js:10491:39
    at FlowParserMixin.allowInAnd (/tmp/kavia/workspace/code-generation/tictactoeweb-620896-aa8990a6/tic_tac_toe_frontend/node_modules/@babel/parser/lib/index.js:12100:12)
    at FlowParserMixin.parseMaybeAssignAllowIn (/tmp/kavia/workspace/code-generation/tictactoeweb-620896-aa8990a6/tic_tac_toe_frontend/node_modules/@babel/parser/lib/index.js:10491:17)
    at FlowParserMixin.parseExprListItem (/tmp/kavia/workspace/code-generation/tictactoeweb-620896-aa8990a6/tic_tac_toe_frontend/node_modules/@babel/parser/lib/index.js:11858:18)
    at FlowParserMixin.parseCallExpressionArguments (/tmp/kavia/workspace/code-generation/tictactoeweb-620896-aa8990a6/tic_tac_toe_frontend/node_modules/@babel/parser/lib/index.js:10927:22)
    at FlowParserMixin.parseCoverCallAndAsyncArrowHead (/tmp/kavia/workspace/code-generation/tictactoeweb-620896-aa8990a6/tic_tac_toe_frontend/node_modules/@babel/parser/lib/index.js:10861:29)
    at FlowParserMixin.parseSubscript (/tmp/kavia/workspace/code-generation/tictactoeweb-620896-aa8990a6/tic_tac_toe_frontend/node_modules/@babel/parser/lib/index.js:10798:19)
    at FlowParserMixin.parseSubscript (/tmp/kavia/workspace/code-generation/tictactoeweb-620896-aa8990a6/tic_tac_toe_frontend/node_modules/@babel/parser/lib/index.js:5874:18)
    at FlowParserMixin.parseSubscripts (/tmp/kavia/workspace/code-generation/tictactoeweb-620896-aa8990a6/tic_tac_toe_frontend/node_modules/@babel/parser/lib/index.js:10771:19)

ERROR in [eslint] 
src/App.js
  Line 19:  Parsing error: Unexpected token (19:0)

webpack compiled with 2 errors
Compiling...
Failed to compile.

[eslint] 
src/App.js
Syntax error: Unexpected token (21:0) (21:undefined)
ERROR in ./src/App.js
Module build failed (from ./node_modules/babel-loader/lib/index.js):
SyntaxError: /tmp/kavia/workspace/code-generation/tictactoeweb-620896-aa8990a6/tic_tac_toe_frontend/src/App.js: Unexpected token (21:0)

  19 |     document.documentElement.style.setProperty("--primary", "#1a73e8");
  20 |     document.documentElement.style.setProperty("--accent", "#ea4335");
> 21 |
     | ^
    at constructor (/tmp/kavia/workspace/code-generation/tictactoeweb-620896-aa8990a6/tic_tac_toe_frontend/node_modules/@babel/parser/lib/index.js:360:19)
    at FlowParserMixin.raise (/tmp/kavia/workspace/code-generation/tictactoeweb-620896-aa8990a6/tic_tac_toe_frontend/node_modules/@babel/parser/lib/index.js:3327:19)
    at FlowParserMixin.unexpected (/tmp/kavia/workspace/code-generation/tictactoeweb-620896-aa8990a6/tic_tac_toe_frontend/node_modules/@babel/parser/lib/index.js:3347:16)
    at FlowParserMixin.parseExprAtom (/tmp/kavia/workspace/code-generation/tictactoeweb-620896-aa8990a6/tic_tac_toe_frontend/node_modules/@babel/parser/lib/index.js:11126:16)
    at FlowParserMixin.parseExprAtom (/tmp/kavia/workspace/code-generation/tictactoeweb-620896-aa8990a6/tic_tac_toe_frontend/node_modules/@babel/parser/lib/index.js:6937:20)
    at FlowParserMixin.parseExprSubscripts (/tmp/kavia/workspace/code-generation/tictactoeweb-620896-aa8990a6/tic_tac_toe_frontend/node_modules/@babel/parser/lib/index.js:10758:23)
    at FlowParserMixin.parseUpdate (/tmp/kavia/workspace/code-generation/tictactoeweb-620896-aa8990a6/tic_tac_toe_frontend/node_modules/@babel/parser/lib/index.js:10743:21)
    at FlowParserMixin.parseMaybeUnary (/tmp/kavia/workspace/code-generation/tictactoeweb-620896-aa8990a6/tic_tac_toe_frontend/node_modules/@babel/parser/lib/index.js:10723:23)
    at FlowParserMixin.parseMaybeUnaryOrPrivate (/tmp/kavia/workspace/code-generation/tictactoeweb-620896-aa8990a6/tic_tac_toe_frontend/node_modules/@babel/parser/lib/index.js:10576:61)
    at FlowParserMixin.parseExprOps (/tmp/kavia/workspace/code-generation/tictactoeweb-620896-aa8990a6/tic_tac_toe_frontend/node_modules/@babel/parser/lib/index.js:10581:23)
    at FlowParserMixin.parseMaybeConditional (/tmp/kavia/workspace/code-generation/tictactoeweb-620896-aa8990a6/tic_tac_toe_frontend/node_modules/@babel/parser/lib/index.js:10558:23)
    at FlowParserMixin.parseMaybeAssign (/tmp/kavia/workspace/code-generation/tictactoeweb-620896-aa8990a6/tic_tac_toe_frontend/node_modules/@babel/parser/lib/index.js:10521:21)
    at FlowParserMixin.parseMaybeAssign (/tmp/kavia/workspace/code-generation/tictactoeweb-620896-aa8990a6/tic_tac_toe_frontend/node_modules/@babel/parser/lib/index.js:5773:18)
    at FlowParserMixin.parseExpressionBase (/tmp/kavia/workspace/code-generation/tictactoeweb-620896-aa8990a6/tic_tac_toe_frontend/node_modules/@babel/parser/lib/index.js:10475:23)
    at /tmp/kavia/workspace/code-generation/tictactoeweb-620896-aa8990a6/tic_tac_toe_frontend/node_modules/@babel/parser/lib/index.js:10471:39
    at FlowParserMixin.allowInAnd (/tmp/kavia/workspace/code-generation/tictactoeweb-620896-aa8990a6/tic_tac_toe_frontend/node_modules/@babel/parser/lib/index.js:12095:16)
    at FlowParserMixin.parseExpression (/tmp/kavia/workspace/code-generation/tictactoeweb-620896-aa8990a6/tic_tac_toe_frontend/node_modules/@babel/parser/lib/index.js:10471:17)
    at FlowParserMixin.parseStatementContent (/tmp/kavia/workspace/code-generation/tictactoeweb-620896-aa8990a6/tic_tac_toe_frontend/node_modules/@babel/parser/lib/index.js:12539:23)
    at FlowParserMixin.parseStatementLike (/tmp/kavia/workspace/code-generation/tictactoeweb-620896-aa8990a6/tic_tac_toe_frontend/node_modules/@babel/parser/lib/index.js:12406:17)
    at FlowParserMixin.parseStatementLike (/tmp/kavia/workspace/code-generation/tictactoeweb-620896-aa8990a6/tic_tac_toe_frontend/node_modules/@babel/parser/lib/index.js:5140:24)
    at FlowParserMixin.parseStatementListItem (/tmp/kavia/workspace/code-generation/tictactoeweb-620896-aa8990a6/tic_tac_toe_frontend/node_modules/@babel/parser/lib/index.js:12386:17)
    at FlowParserMixin.parseBlockOrModuleBlockBody (/tmp/kavia/workspace/code-generation/tictactoeweb-620896-aa8990a6/tic_tac_toe_frontend/node_modules/@babel/parser/lib/index.js:12960:61)
    at FlowParserMixin.parseBlockBody (/tmp/kavia/workspace/code-generation/tictactoeweb-620896-aa8990a6/tic_tac_toe_frontend/node_modules/@babel/parser/lib/index.js:12953:10)
    at FlowParserMixin.parseBlock (/tmp/kavia/workspace/code-generation/tictactoeweb-620896-aa8990a6/tic_tac_toe_frontend/node_modules/@babel/parser/lib/index.js:12941:10)
    at FlowParserMixin.parseFunctionBody (/tmp/kavia/workspace/code-generation/tictactoeweb-620896-aa8990a6/tic_tac_toe_frontend/node_modules/@babel/parser/lib/index.js:11783:24)
    at /tmp/kavia/workspace/code-generation/tictactoeweb-620896-aa8990a6/tic_tac_toe_frontend/node_modules/@babel/parser/lib/index.js:5114:63
    at FlowParserMixin.forwardNoArrowParamsConversionAt (/tmp/kavia/workspace/code-generation/tictactoeweb-620896-aa8990a6/tic_tac_toe_frontend/node_modules/@babel/parser/lib/index.js:5290:16)
    at FlowParserMixin.parseFunctionBody (/tmp/kavia/workspace/code-generation/tictactoeweb-620896-aa8990a6/tic_tac_toe_frontend/node_modules/@babel/parser/lib/index.js:5114:12)
    at FlowParserMixin.parseArrowExpression (/tmp/kavia/workspace/code-generation/tictactoeweb-620896-aa8990a6/tic_tac_toe_frontend/node_modules/@babel/parser/lib/index.js:11758:10)
    at FlowParserMixin.parseParenAndDistinguishExpression (/tmp/kavia/workspace/code-generation/tictactoeweb-620896-aa8990a6/tic_tac_toe_frontend/node_modules/@babel/parser/lib/index.js:11371:12)
    at FlowParserMixin.parseParenAndDistinguishExpression (/tmp/kavia/workspace/code-generation/tictactoeweb-620896-aa8990a6/tic_tac_toe_frontend/node_modules/@babel/parser/lib/index.js:5815:18)
    at FlowParserMixin.parseExprAtom (/tmp/kavia/workspace/code-generation/tictactoeweb-620896-aa8990a6/tic_tac_toe_frontend/node_modules/@babel/parser/lib/index.js:11006:23)
    at FlowParserMixin.parseExprAtom (/tmp/kavia/workspace/code-generation/tictactoeweb-620896-aa8990a6/tic_tac_toe_frontend/node_modules/@babel/parser/lib/index.js:6937:20)
    at FlowParserMixin.parseExprSubscripts (/tmp/kavia/workspace/code-generation/tictactoeweb-620896-aa8990a6/tic_tac_toe_frontend/node_modules/@babel/parser/lib/index.js:10758:23)
    at FlowParserMixin.parseUpdate (/tmp/kavia/workspace/code-generation/tictactoeweb-620896-aa8990a6/tic_tac_toe_frontend/node_modules/@babel/parser/lib/index.js:10743:21)
    at FlowParserMixin.parseMaybeUnary (/tmp/kavia/workspace/code-generation/tictactoeweb-620896-aa8990a6/tic_tac_toe_frontend/node_modules/@babel/parser/lib/index.js:10723:23)
    at FlowParserMixin.parseMaybeUnaryOrPrivate (/tmp/kavia/workspace/code-generation/tictactoeweb-620896-aa8990a6/tic_tac_toe_frontend/node_modules/@babel/parser/lib/index.js:10576:61)
    at FlowParserMixin.parseExprOps (/tmp/kavia/workspace/code-generation/tictactoeweb-620896-aa8990a6/tic_tac_toe_frontend/node_modules/@babel/parser/lib/index.js:10581:23)
    at FlowParserMixin.parseMaybeConditional (/tmp/kavia/workspace/code-generation/tictactoeweb-620896-aa8990a6/tic_tac_toe_frontend/node_modules/@babel/parser/lib/index.js:10558:23)
    at FlowParserMixin.parseMaybeAssign (/tmp/kavia/workspace/code-generation/tictactoeweb-620896-aa8990a6/tic_tac_toe_frontend/node_modules/@babel/parser/lib/index.js:10521:21)
    at FlowParserMixin.parseMaybeAssign (/tmp/kavia/workspace/code-generation/tictactoeweb-620896-aa8990a6/tic_tac_toe_frontend/node_modules/@babel/parser/lib/index.js:5773:18)
    at /tmp/kavia/workspace/code-generation/tictactoeweb-620896-aa8990a6/tic_tac_toe_frontend/node_modules/@babel/parser/lib/index.js:10491:39
    at FlowParserMixin.allowInAnd (/tmp/kavia/workspace/code-generation/tictactoeweb-620896-aa8990a6/tic_tac_toe_frontend/node_modules/@babel/parser/lib/index.js:12100:12)
    at FlowParserMixin.parseMaybeAssignAllowIn (/tmp/kavia/workspace/code-generation/tictactoeweb-620896-aa8990a6/tic_tac_toe_frontend/node_modules/@babel/parser/lib/index.js:10491:17)
    at FlowParserMixin.parseExprListItem (/tmp/kavia/workspace/code-generation/tictactoeweb-620896-aa8990a6/tic_tac_toe_frontend/node_modules/@babel/parser/lib/index.js:11858:18)
    at FlowParserMixin.parseCallExpressionArguments (/tmp/kavia/workspace/code-generation/tictactoeweb-620896-aa8990a6/tic_tac_toe_frontend/node_modules/@babel/parser/lib/index.js:10927:22)
    at FlowParserMixin.parseCoverCallAndAsyncArrowHead (/tmp/kavia/workspace/code-generation/tictactoeweb-620896-aa8990a6/tic_tac_toe_frontend/node_modules/@babel/parser/lib/index.js:10861:29)
    at FlowParserMixin.parseSubscript (/tmp/kavia/workspace/code-generation/tictactoeweb-620896-aa8990a6/tic_tac_toe_frontend/node_modules/@babel/parser/lib/index.js:10798:19)
    at FlowParserMixin.parseSubscript (/tmp/kavia/workspace/code-generation/tictactoeweb-620896-aa8990a6/tic_tac_toe_frontend/node_modules/@babel/parser/lib/index.js:5874:18)
    at FlowParserMixin.parseSubscripts (/tmp/kavia/workspace/code-generation/tictactoeweb-620896-aa8990a6/tic_tac_toe_frontend/node_modules/@babel/parser/lib/index.js:10771:19)

ERROR in [eslint] 
src/App.js
  Line 21:  Parsing error: Unexpected token (21:0)

webpack compiled with 2 errors
Compiling...
Failed to compile.

[eslint] 
src/App.js
Syntax error: Unexpected token (25:0) (25:undefined)
ERROR in ./src/App.js
Module build failed (from ./node_modules/babel-loader/lib/index.js):
SyntaxError: /tmp/kavia/workspace/code-generation/tictactoeweb-620896-aa8990a6/tic_tac_toe_frontend/src/App.js: Unexpected token (25:0)

  23 |
  24 |   // PUBLIC_INTERFACE
> 25 |
     | ^
    at constructor (/tmp/kavia/workspace/code-generation/tictactoeweb-620896-aa8990a6/tic_tac_toe_frontend/node_modules/@babel/parser/lib/index.js:360:19)
    at FlowParserMixin.raise (/tmp/kavia/workspace/code-generation/tictactoeweb-620896-aa8990a6/tic_tac_toe_frontend/node_modules/@babel/parser/lib/index.js:3327:19)
    at FlowParserMixin.unexpected (/tmp/kavia/workspace/code-generation/tictactoeweb-620896-aa8990a6/tic_tac_toe_frontend/node_modules/@babel/parser/lib/index.js:3347:16)
    at FlowParserMixin.parseExprAtom (/tmp/kavia/workspace/code-generation/tictactoeweb-620896-aa8990a6/tic_tac_toe_frontend/node_modules/@babel/parser/lib/index.js:11126:16)
    at FlowParserMixin.parseExprAtom (/tmp/kavia/workspace/code-generation/tictactoeweb-620896-aa8990a6/tic_tac_toe_frontend/node_modules/@babel/parser/lib/index.js:6937:20)
    at FlowParserMixin.parseExprSubscripts (/tmp/kavia/workspace/code-generation/tictactoeweb-620896-aa8990a6/tic_tac_toe_frontend/node_modules/@babel/parser/lib/index.js:10758:23)
    at FlowParserMixin.parseUpdate (/tmp/kavia/workspace/code-generation/tictactoeweb-620896-aa8990a6/tic_tac_toe_frontend/node_modules/@babel/parser/lib/index.js:10743:21)
    at FlowParserMixin.parseMaybeUnary (/tmp/kavia/workspace/code-generation/tictactoeweb-620896-aa8990a6/tic_tac_toe_frontend/node_modules/@babel/parser/lib/index.js:10723:23)
    at FlowParserMixin.parseMaybeUnaryOrPrivate (/tmp/kavia/workspace/code-generation/tictactoeweb-620896-aa8990a6/tic_tac_toe_frontend/node_modules/@babel/parser/lib/index.js:10576:61)
    at FlowParserMixin.parseExprOps (/tmp/kavia/workspace/code-generation/tictactoeweb-620896-aa8990a6/tic_tac_toe_frontend/node_modules/@babel/parser/lib/index.js:10581:23)
    at FlowParserMixin.parseMaybeConditional (/tmp/kavia/workspace/code-generation/tictactoeweb-620896-aa8990a6/tic_tac_toe_frontend/node_modules/@babel/parser/lib/index.js:10558:23)
    at FlowParserMixin.parseMaybeAssign (/tmp/kavia/workspace/code-generation/tictactoeweb-620896-aa8990a6/tic_tac_toe_frontend/node_modules/@babel/parser/lib/index.js:10521:21)
    at FlowParserMixin.parseMaybeAssign (/tmp/kavia/workspace/code-generation/tictactoeweb-620896-aa8990a6/tic_tac_toe_frontend/node_modules/@babel/parser/lib/index.js:5773:18)
    at FlowParserMixin.parseExpressionBase (/tmp/kavia/workspace/code-generation/tictactoeweb-620896-aa8990a6/tic_tac_toe_frontend/node_modules/@babel/parser/lib/index.js:10475:23)
    at /tmp/kavia/workspace/code-generation/tictactoeweb-620896-aa8990a6/tic_tac_toe_frontend/node_modules/@babel/parser/lib/index.js:10471:39
    at FlowParserMixin.allowInAnd (/tmp/kavia/workspace/code-generation/tictactoeweb-620896-aa8990a6/tic_tac_toe_frontend/node_modules/@babel/parser/lib/index.js:12095:16)
    at FlowParserMixin.parseExpression (/tmp/kavia/workspace/code-generation/tictactoeweb-620896-aa8990a6/tic_tac_toe_frontend/node_modules/@babel/parser/lib/index.js:10471:17)
    at FlowParserMixin.parseStatementContent (/tmp/kavia/workspace/code-generation/tictactoeweb-620896-aa8990a6/tic_tac_toe_frontend/node_modules/@babel/parser/lib/index.js:12539:23)
    at FlowParserMixin.parseStatementLike (/tmp/kavia/workspace/code-generation/tictactoeweb-620896-aa8990a6/tic_tac_toe_frontend/node_modules/@babel/parser/lib/index.js:12406:17)
    at FlowParserMixin.parseStatementLike (/tmp/kavia/workspace/code-generation/tictactoeweb-620896-aa8990a6/tic_tac_toe_frontend/node_modules/@babel/parser/lib/index.js:5140:24)
    at FlowParserMixin.parseStatementListItem (/tmp/kavia/workspace/code-generation/tictactoeweb-620896-aa8990a6/tic_tac_toe_frontend/node_modules/@babel/parser/lib/index.js:12386:17)
    at FlowParserMixin.parseBlockOrModuleBlockBody (/tmp/kavia/workspace/code-generation/tictactoeweb-620896-aa8990a6/tic_tac_toe_frontend/node_modules/@babel/parser/lib/index.js:12960:61)
    at FlowParserMixin.parseBlockBody (/tmp/kavia/workspace/code-generation/tictactoeweb-620896-aa8990a6/tic_tac_toe_frontend/node_modules/@babel/parser/lib/index.js:12953:10)
    at FlowParserMixin.parseBlock (/tmp/kavia/workspace/code-generation/tictactoeweb-620896-aa8990a6/tic_tac_toe_frontend/node_modules/@babel/parser/lib/index.js:12941:10)
    at FlowParserMixin.parseFunctionBody (/tmp/kavia/workspace/code-generation/tictactoeweb-620896-aa8990a6/tic_tac_toe_frontend/node_modules/@babel/parser/lib/index.js:11783:24)
    at FlowParserMixin.parseFunctionBody (/tmp/kavia/workspace/code-generation/tictactoeweb-620896-aa8990a6/tic_tac_toe_frontend/node_modules/@babel/parser/lib/index.js:5117:11)
    at FlowParserMixin.parseFunctionBodyAndFinish (/tmp/kavia/workspace/code-generation/tictactoeweb-620896-aa8990a6/tic_tac_toe_frontend/node_modules/@babel/parser/lib/index.js:11769:10)
    at FlowParserMixin.parseFunctionBodyAndFinish (/tmp/kavia/workspace/code-generation/tictactoeweb-620896-aa8990a6/tic_tac_toe_frontend/node_modules/@babel/parser/lib/index.js:5125:18)
    at /tmp/kavia/workspace/code-generation/tictactoeweb-620896-aa8990a6/tic_tac_toe_frontend/node_modules/@babel/parser/lib/index.js:13085:12
    at FlowParserMixin.withSmartMixTopicForbiddingContext (/tmp/kavia/workspace/code-generation/tictactoeweb-620896-aa8990a6/tic_tac_toe_frontend/node_modules/@babel/parser/lib/index.js:12077:14)
    at FlowParserMixin.parseFunction (/tmp/kavia/workspace/code-generation/tictactoeweb-620896-aa8990a6/tic_tac_toe_frontend/node_modules/@babel/parser/lib/index.js:13084:10)
    at FlowParserMixin.parseFunctionStatement (/tmp/kavia/workspace/code-generation/tictactoeweb-620896-aa8990a6/tic_tac_toe_frontend/node_modules/@babel/parser/lib/index.js:12769:17)
    at FlowParserMixin.parseStatementContent (/tmp/kavia/workspace/code-generation/tictactoeweb-620896-aa8990a6/tic_tac_toe_frontend/node_modules/@babel/parser/lib/index.js:12430:21)
    at FlowParserMixin.parseStatementLike (/tmp/kavia/workspace/code-generation/tictactoeweb-620896-aa8990a6/tic_tac_toe_frontend/node_modules/@babel/parser/lib/index.js:12406:17)
    at FlowParserMixin.parseStatementLike (/tmp/kavia/workspace/code-generation/tictactoeweb-620896-aa8990a6/tic_tac_toe_frontend/node_modules/@babel/parser/lib/index.js:5140:24)
    at FlowParserMixin.parseModuleItem (/tmp/kavia/workspace/code-generation/tictactoeweb-620896-aa8990a6/tic_tac_toe_frontend/node_modules/@babel/parser/lib/index.js:12383:17)
    at FlowParserMixin.parseBlockOrModuleBlockBody (/tmp/kavia/workspace/code-generation/tictactoeweb-620896-aa8990a6/tic_tac_toe_frontend/node_modules/@babel/parser/lib/index.js:12960:36)
    at FlowParserMixin.parseBlockBody (/tmp/kavia/workspace/code-generation/tictactoeweb-620896-aa8990a6/tic_tac_toe_frontend/node_modules/@babel/parser/lib/index.js:12953:10)
    at FlowParserMixin.parseProgram (/tmp/kavia/workspace/code-generation/tictactoeweb-620896-aa8990a6/tic_tac_toe_frontend/node_modules/@babel/parser/lib/index.js:12280:10)
    at FlowParserMixin.parseTopLevel (/tmp/kavia/workspace/code-generation/tictactoeweb-620896-aa8990a6/tic_tac_toe_frontend/node_modules/@babel/parser/lib/index.js:12270:25)
    at FlowParserMixin.parseTopLevel (/tmp/kavia/workspace/code-generation/tictactoeweb-620896-aa8990a6/tic_tac_toe_frontend/node_modules/@babel/parser/lib/index.js:5909:28)
    at FlowParserMixin.parse (/tmp/kavia/workspace/code-generation/tictactoeweb-620896-aa8990a6/tic_tac_toe_frontend/node_modules/@babel/parser/lib/index.js:14120:10)
    at parse (/tmp/kavia/workspace/code-generation/tictactoeweb-620896-aa8990a6/tic_tac_toe_frontend/node_modules/@babel/parser/lib/index.js:14154:38)
    at parser (/tmp/kavia/workspace/code-generation/tictactoeweb-620896-aa8990a6/tic_tac_toe_frontend/node_modules/@babel/core/lib/parser/index.js:41:34)
    at parser.next (<anonymous>)
    at normalizeFile (/tmp/kavia/workspace/code-generation/tictactoeweb-620896-aa8990a6/tic_tac_toe_frontend/node_modules/@babel/core/lib/transformation/normalize-file.js:64:37)
    at normalizeFile.next (<anonymous>)
    at run (/tmp/kavia/workspace/code-generation/tictactoeweb-620896-aa8990a6/tic_tac_toe_frontend/node_modules/@babel/core/lib/transformation/index.js:22:50)
    at run.next (<anonymous>)
    at transform (/tmp/kavia/workspace/code-generation/tictactoeweb-620896-aa8990a6/tic_tac_toe_frontend/node_modules/@babel/core/lib/transform.js:22:33)

ERROR in [eslint] 
src/App.js
  Line 25:  Parsing error: Unexpected token (25:0)

webpack compiled with 2 errors
Compiling...
Failed to compile.

[eslint] 
src/App.js
Syntax error: Unterminated comment. (25:2) (25:2)
ERROR in ./src/App.js
Module build failed (from ./node_modules/babel-loader/lib/index.js):
SyntaxError: /tmp/kavia/workspace/code-generation/tictactoeweb-620896-aa8990a6/tic_tac_toe_frontend/src/App.js: Unterminated comment. (25:2)

  23 |
  24 |   // PUBLIC_INTERFACE
> 25 |   /**
     |   ^
  26 |
    at constructor (/tmp/kavia/workspace/code-generation/tictactoeweb-620896-aa8990a6/tic_tac_toe_frontend/node_modules/@babel/parser/lib/index.js:360:19)
    at FlowParserMixin.raise (/tmp/kavia/workspace/code-generation/tictactoeweb-620896-aa8990a6/tic_tac_toe_frontend/node_modules/@babel/parser/lib/index.js:3327:19)
    at FlowParserMixin.skipBlockComment (/tmp/kavia/workspace/code-generation/tictactoeweb-620896-aa8990a6/tic_tac_toe_frontend/node_modules/@babel/parser/lib/index.js:2518:18)
    at FlowParserMixin.skipBlockComment (/tmp/kavia/workspace/code-generation/tictactoeweb-620896-aa8990a6/tic_tac_toe_frontend/node_modules/@babel/parser/lib/index.js:5928:18)
    at FlowParserMixin.skipSpace (/tmp/kavia/workspace/code-generation/tictactoeweb-620896-aa8990a6/tic_tac_toe_frontend/node_modules/@babel/parser/lib/index.js:2586:38)
    at FlowParserMixin.skipSpace (/tmp/kavia/workspace/code-generation/tictactoeweb-620896-aa8990a6/tic_tac_toe_frontend/node_modules/@babel/parser/lib/index.js:6942:42)
    at FlowParserMixin.nextToken (/tmp/kavia/workspace/code-generation/tictactoeweb-620896-aa8990a6/tic_tac_toe_frontend/node_modules/@babel/parser/lib/index.js:2503:10)
    at FlowParserMixin.next (/tmp/kavia/workspace/code-generation/tictactoeweb-620896-aa8990a6/tic_tac_toe_frontend/node_modules/@babel/parser/lib/index.js:2423:10)
    at FlowParserMixin.eat (/tmp/kavia/workspace/code-generation/tictactoeweb-620896-aa8990a6/tic_tac_toe_frontend/node_modules/@babel/parser/lib/index.js:2427:12)
    at FlowParserMixin.isLineTerminator (/tmp/kavia/workspace/code-generation/tictactoeweb-620896-aa8990a6/tic_tac_toe_frontend/node_modules/@babel/parser/lib/index.js:3649:17)
    at FlowParserMixin.semicolon (/tmp/kavia/workspace/code-generation/tictactoeweb-620896-aa8990a6/tic_tac_toe_frontend/node_modules/@babel/parser/lib/index.js:3652:25)
    at FlowParserMixin.parseExpressionStatement (/tmp/kavia/workspace/code-generation/tictactoeweb-620896-aa8990a6/tic_tac_toe_frontend/node_modules/@babel/parser/lib/index.js:12929:10)
    at FlowParserMixin.parseExpressionStatement (/tmp/kavia/workspace/code-generation/tictactoeweb-620896-aa8990a6/tic_tac_toe_frontend/node_modules/@babel/parser/lib/index.js:5162:18)
    at FlowParserMixin.parseStatementContent (/tmp/kavia/workspace/code-generation/tictactoeweb-620896-aa8990a6/tic_tac_toe_frontend/node_modules/@babel/parser/lib/index.js:12543:19)
    at FlowParserMixin.parseStatementLike (/tmp/kavia/workspace/code-generation/tictactoeweb-620896-aa8990a6/tic_tac_toe_frontend/node_modules/@babel/parser/lib/index.js:12406:17)
    at FlowParserMixin.parseStatementLike (/tmp/kavia/workspace/code-generation/tictactoeweb-620896-aa8990a6/tic_tac_toe_frontend/node_modules/@babel/parser/lib/index.js:5140:24)
    at FlowParserMixin.parseStatementListItem (/tmp/kavia/workspace/code-generation/tictactoeweb-620896-aa8990a6/tic_tac_toe_frontend/node_modules/@babel/parser/lib/index.js:12386:17)
    at FlowParserMixin.parseBlockOrModuleBlockBody (/tmp/kavia/workspace/code-generation/tictactoeweb-620896-aa8990a6/tic_tac_toe_frontend/node_modules/@babel/parser/lib/index.js:12960:61)
    at FlowParserMixin.parseBlockBody (/tmp/kavia/workspace/code-generation/tictactoeweb-620896-aa8990a6/tic_tac_toe_frontend/node_modules/@babel/parser/lib/index.js:12953:10)
    at FlowParserMixin.parseBlock (/tmp/kavia/workspace/code-generation/tictactoeweb-620896-aa8990a6/tic_tac_toe_frontend/node_modules/@babel/parser/lib/index.js:12941:10)
    at FlowParserMixin.parseFunctionBody (/tmp/kavia/workspace/code-generation/tictactoeweb-620896-aa8990a6/tic_tac_toe_frontend/node_modules/@babel/parser/lib/index.js:11783:24)
    at FlowParserMixin.parseFunctionBody (/tmp/kavia/workspace/code-generation/tictactoeweb-620896-aa8990a6/tic_tac_toe_frontend/node_modules/@babel/parser/lib/index.js:5117:11)
    at FlowParserMixin.parseFunctionBodyAndFinish (/tmp/kavia/workspace/code-generation/tictactoeweb-620896-aa8990a6/tic_tac_toe_frontend/node_modules/@babel/parser/lib/index.js:11769:10)
    at FlowParserMixin.parseFunctionBodyAndFinish (/tmp/kavia/workspace/code-generation/tictactoeweb-620896-aa8990a6/tic_tac_toe_frontend/node_modules/@babel/parser/lib/index.js:5125:18)
    at /tmp/kavia/workspace/code-generation/tictactoeweb-620896-aa8990a6/tic_tac_toe_frontend/node_modules/@babel/parser/lib/index.js:13085:12
    at FlowParserMixin.withSmartMixTopicForbiddingContext (/tmp/kavia/workspace/code-generation/tictactoeweb-620896-aa8990a6/tic_tac_toe_frontend/node_modules/@babel/parser/lib/index.js:12077:14)
    at FlowParserMixin.parseFunction (/tmp/kavia/workspace/code-generation/tictactoeweb-620896-aa8990a6/tic_tac_toe_frontend/node_modules/@babel/parser/lib/index.js:13084:10)
    at FlowParserMixin.parseFunctionStatement (/tmp/kavia/workspace/code-generation/tictactoeweb-620896-aa8990a6/tic_tac_toe_frontend/node_modules/@babel/parser/lib/index.js:12769:17)
    at FlowParserMixin.parseStatementContent (/tmp/kavia/workspace/code-generation/tictactoeweb-620896-aa8990a6/tic_tac_toe_frontend/node_modules/@babel/parser/lib/index.js:12430:21)
    at FlowParserMixin.parseStatementLike (/tmp/kavia/workspace/code-generation/tictactoeweb-620896-aa8990a6/tic_tac_toe_frontend/node_modules/@babel/parser/lib/index.js:12406:17)
    at FlowParserMixin.parseStatementLike (/tmp/kavia/workspace/code-generation/tictactoeweb-620896-aa8990a6/tic_tac_toe_frontend/node_modules/@babel/parser/lib/index.js:5140:24)
    at FlowParserMixin.parseModuleItem (/tmp/kavia/workspace/code-generation/tictactoeweb-620896-aa8990a6/tic_tac_toe_frontend/node_modules/@babel/parser/lib/index.js:12383:17)
    at FlowParserMixin.parseBlockOrModuleBlockBody (/tmp/kavia/workspace/code-generation/tictactoeweb-620896-aa8990a6/tic_tac_toe_frontend/node_modules/@babel/parser/lib/index.js:12960:36)
    at FlowParserMixin.parseBlockBody (/tmp/kavia/workspace/code-generation/tictactoeweb-620896-aa8990a6/tic_tac_toe_frontend/node_modules/@babel/parser/lib/index.js:12953:10)
    at FlowParserMixin.parseProgram (/tmp/kavia/workspace/code-generation/tictactoeweb-620896-aa8990a6/tic_tac_toe_frontend/node_modules/@babel/parser/lib/index.js:12280:10)
    at FlowParserMixin.parseTopLevel (/tmp/kavia/workspace/code-generation/tictactoeweb-620896-aa8990a6/tic_tac_toe_frontend/node_modules/@babel/parser/lib/index.js:12270:25)
    at FlowParserMixin.parseTopLevel (/tmp/kavia/workspace/code-generation/tictactoeweb-620896-aa8990a6/tic_tac_toe_frontend/node_modules/@babel/parser/lib/index.js:5909:28)
    at FlowParserMixin.parse (/tmp/kavia/workspace/code-generation/tictactoeweb-620896-aa8990a6/tic_tac_toe_frontend/node_modules/@babel/parser/lib/index.js:14120:10)
    at parse (/tmp/kavia/workspace/code-generation/tictactoeweb-620896-aa8990a6/tic_tac_toe_frontend/node_modules/@babel/parser/lib/index.js:14154:38)
    at parser (/tmp/kavia/workspace/code-generation/tictactoeweb-620896-aa8990a6/tic_tac_toe_frontend/node_modules/@babel/core/lib/parser/index.js:41:34)
    at parser.next (<anonymous>)
    at normalizeFile (/tmp/kavia/workspace/code-generation/tictactoeweb-620896-aa8990a6/tic_tac_toe_frontend/node_modules/@babel/core/lib/transformation/normalize-file.js:64:37)
    at normalizeFile.next (<anonymous>)
    at run (/tmp/kavia/workspace/code-generation/tictactoeweb-620896-aa8990a6/tic_tac_toe_frontend/node_modules/@babel/core/lib/transformation/index.js:22:50)
    at run.next (<anonymous>)
    at transform (/tmp/kavia/workspace/code-generation/tictactoeweb-620896-aa8990a6/tic_tac_toe_frontend/node_modules/@babel/core/lib/transform.js:22:33)
    at transform.next (<anonymous>)
    at step (/tmp/kavia/workspace/code-generation/tictactoeweb-620896-aa8990a6/tic_tac_toe_frontend/node_modules/gensync/index.js:261:32)
    at /tmp/kavia/workspace/code-generation/tictactoeweb-620896-aa8990a6/tic_tac_toe_frontend/node_modules/gensync/index.js:273:13
    at async.call.result.err.err (/tmp/kavia/workspace/code-generation/tictactoeweb-620896-aa8990a6/tic_tac_toe_frontend/node_modules/gensync/index.js:223:11)

ERROR in [eslint] 
src/App.js
  Line 25:2:  Parsing error: Unterminated comment. (25:2)

webpack compiled with 2 errors
Compiling...
Failed to compile.

[eslint] 
src/App.js
Syntax error: Unterminated comment. (25:2) (25:2)
ERROR in ./src/App.js
Module build failed (from ./node_modules/babel-loader/lib/index.js):
SyntaxError: /tmp/kavia/workspace/code-generation/tictactoeweb-620896-aa8990a6/tic_tac_toe_frontend/src/App.js: Unterminated comment. (25:2)

  23 |
  24 |   // PUBLIC_INTERFACE
> 25 |   /**
     |   ^
  26 |    * Start or restart the game. Initializes board and queries backend for new game.
  27 |
    at constructor (/tmp/kavia/workspace/code-generation/tictactoeweb-620896-aa8990a6/tic_tac_toe_frontend/node_modules/@babel/parser/lib/index.js:360:19)
    at FlowParserMixin.raise (/tmp/kavia/workspace/code-generation/tictactoeweb-620896-aa8990a6/tic_tac_toe_frontend/node_modules/@babel/parser/lib/index.js:3327:19)
    at FlowParserMixin.skipBlockComment (/tmp/kavia/workspace/code-generation/tictactoeweb-620896-aa8990a6/tic_tac_toe_frontend/node_modules/@babel/parser/lib/index.js:2518:18)
    at FlowParserMixin.skipBlockComment (/tmp/kavia/workspace/code-generation/tictactoeweb-620896-aa8990a6/tic_tac_toe_frontend/node_modules/@babel/parser/lib/index.js:5928:18)
    at FlowParserMixin.skipSpace (/tmp/kavia/workspace/code-generation/tictactoeweb-620896-aa8990a6/tic_tac_toe_frontend/node_modules/@babel/parser/lib/index.js:2586:38)
    at FlowParserMixin.skipSpace (/tmp/kavia/workspace/code-generation/tictactoeweb-620896-aa8990a6/tic_tac_toe_frontend/node_modules/@babel/parser/lib/index.js:6942:42)
    at FlowParserMixin.nextToken (/tmp/kavia/workspace/code-generation/tictactoeweb-620896-aa8990a6/tic_tac_toe_frontend/node_modules/@babel/parser/lib/index.js:2503:10)
    at FlowParserMixin.next (/tmp/kavia/workspace/code-generation/tictactoeweb-620896-aa8990a6/tic_tac_toe_frontend/node_modules/@babel/parser/lib/index.js:2423:10)
    at FlowParserMixin.eat (/tmp/kavia/workspace/code-generation/tictactoeweb-620896-aa8990a6/tic_tac_toe_frontend/node_modules/@babel/parser/lib/index.js:2427:12)
    at FlowParserMixin.isLineTerminator (/tmp/kavia/workspace/code-generation/tictactoeweb-620896-aa8990a6/tic_tac_toe_frontend/node_modules/@babel/parser/lib/index.js:3649:17)
    at FlowParserMixin.semicolon (/tmp/kavia/workspace/code-generation/tictactoeweb-620896-aa8990a6/tic_tac_toe_frontend/node_modules/@babel/parser/lib/index.js:3652:25)
    at FlowParserMixin.parseExpressionStatement (/tmp/kavia/workspace/code-generation/tictactoeweb-620896-aa8990a6/tic_tac_toe_frontend/node_modules/@babel/parser/lib/index.js:12929:10)
    at FlowParserMixin.parseExpressionStatement (/tmp/kavia/workspace/code-generation/tictactoeweb-620896-aa8990a6/tic_tac_toe_frontend/node_modules/@babel/parser/lib/index.js:5162:18)
    at FlowParserMixin.parseStatementContent (/tmp/kavia/workspace/code-generation/tictactoeweb-620896-aa8990a6/tic_tac_toe_frontend/node_modules/@babel/parser/lib/index.js:12543:19)
    at FlowParserMixin.parseStatementLike (/tmp/kavia/workspace/code-generation/tictactoeweb-620896-aa8990a6/tic_tac_toe_frontend/node_modules/@babel/parser/lib/index.js:12406:17)
    at FlowParserMixin.parseStatementLike (/tmp/kavia/workspace/code-generation/tictactoeweb-620896-aa8990a6/tic_tac_toe_frontend/node_modules/@babel/parser/lib/index.js:5140:24)
    at FlowParserMixin.parseStatementListItem (/tmp/kavia/workspace/code-generation/tictactoeweb-620896-aa8990a6/tic_tac_toe_frontend/node_modules/@babel/parser/lib/index.js:12386:17)
    at FlowParserMixin.parseBlockOrModuleBlockBody (/tmp/kavia/workspace/code-generation/tictactoeweb-620896-aa8990a6/tic_tac_toe_frontend/node_modules/@babel/parser/lib/index.js:12960:61)
    at FlowParserMixin.parseBlockBody (/tmp/kavia/workspace/code-generation/tictactoeweb-620896-aa8990a6/tic_tac_toe_frontend/node_modules/@babel/parser/lib/index.js:12953:10)
    at FlowParserMixin.parseBlock (/tmp/kavia/workspace/code-generation/tictactoeweb-620896-aa8990a6/tic_tac_toe_frontend/node_modules/@babel/parser/lib/index.js:12941:10)
    at FlowParserMixin.parseFunctionBody (/tmp/kavia/workspace/code-generation/tictactoeweb-620896-aa8990a6/tic_tac_toe_frontend/node_modules/@babel/parser/lib/index.js:11783:24)
    at FlowParserMixin.parseFunctionBody (/tmp/kavia/workspace/code-generation/tictactoeweb-620896-aa8990a6/tic_tac_toe_frontend/node_modules/@babel/parser/lib/index.js:5117:11)
    at FlowParserMixin.parseFunctionBodyAndFinish (/tmp/kavia/workspace/code-generation/tictactoeweb-620896-aa8990a6/tic_tac_toe_frontend/node_modules/@babel/parser/lib/index.js:11769:10)
    at FlowParserMixin.parseFunctionBodyAndFinish (/tmp/kavia/workspace/code-generation/tictactoeweb-620896-aa8990a6/tic_tac_toe_frontend/node_modules/@babel/parser/lib/index.js:5125:18)
    at /tmp/kavia/workspace/code-generation/tictactoeweb-620896-aa8990a6/tic_tac_toe_frontend/node_modules/@babel/parser/lib/index.js:13085:12
    at FlowParserMixin.withSmartMixTopicForbiddingContext (/tmp/kavia/workspace/code-generation/tictactoeweb-620896-aa8990a6/tic_tac_toe_frontend/node_modules/@babel/parser/lib/index.js:12077:14)
    at FlowParserMixin.parseFunction (/tmp/kavia/workspace/code-generation/tictactoeweb-620896-aa8990a6/tic_tac_toe_frontend/node_modules/@babel/parser/lib/index.js:13084:10)
    at FlowParserMixin.parseFunctionStatement (/tmp/kavia/workspace/code-generation/tictactoeweb-620896-aa8990a6/tic_tac_toe_frontend/node_modules/@babel/parser/lib/index.js:12769:17)
    at FlowParserMixin.parseStatementContent (/tmp/kavia/workspace/code-generation/tictactoeweb-620896-aa8990a6/tic_tac_toe_frontend/node_modules/@babel/parser/lib/index.js:12430:21)
    at FlowParserMixin.parseStatementLike (/tmp/kavia/workspace/code-generation/tictactoeweb-620896-aa8990a6/tic_tac_toe_frontend/node_modules/@babel/parser/lib/index.js:12406:17)
    at FlowParserMixin.parseStatementLike (/tmp/kavia/workspace/code-generation/tictactoeweb-620896-aa8990a6/tic_tac_toe_frontend/node_modules/@babel/parser/lib/index.js:5140:24)
    at FlowParserMixin.parseModuleItem (/tmp/kavia/workspace/code-generation/tictactoeweb-620896-aa8990a6/tic_tac_toe_frontend/node_modules/@babel/parser/lib/index.js:12383:17)
    at FlowParserMixin.parseBlockOrModuleBlockBody (/tmp/kavia/workspace/code-generation/tictactoeweb-620896-aa8990a6/tic_tac_toe_frontend/node_modules/@babel/parser/lib/index.js:12960:36)
    at FlowParserMixin.parseBlockBody (/tmp/kavia/workspace/code-generation/tictactoeweb-620896-aa8990a6/tic_tac_toe_frontend/node_modules/@babel/parser/lib/index.js:12953:10)
    at FlowParserMixin.parseProgram (/tmp/kavia/workspace/code-generation/tictactoeweb-620896-aa8990a6/tic_tac_toe_frontend/node_modules/@babel/parser/lib/index.js:12280:10)
    at FlowParserMixin.parseTopLevel (/tmp/kavia/workspace/code-generation/tictactoeweb-620896-aa8990a6/tic_tac_toe_frontend/node_modules/@babel/parser/lib/index.js:12270:25)
    at FlowParserMixin.parseTopLevel (/tmp/kavia/workspace/code-generation/tictactoeweb-620896-aa8990a6/tic_tac_toe_frontend/node_modules/@babel/parser/lib/index.js:5909:28)
    at FlowParserMixin.parse (/tmp/kavia/workspace/code-generation/tictactoeweb-620896-aa8990a6/tic_tac_toe_frontend/node_modules/@babel/parser/lib/index.js:14120:10)
    at parse (/tmp/kavia/workspace/code-generation/tictactoeweb-620896-aa8990a6/tic_tac_toe_frontend/node_modules/@babel/parser/lib/index.js:14154:38)
    at parser (/tmp/kavia/workspace/code-generation/tictactoeweb-620896-aa8990a6/tic_tac_toe_frontend/node_modules/@babel/core/lib/parser/index.js:41:34)
    at parser.next (<anonymous>)
    at normalizeFile (/tmp/kavia/workspace/code-generation/tictactoeweb-620896-aa8990a6/tic_tac_toe_frontend/node_modules/@babel/core/lib/transformation/normalize-file.js:64:37)
    at normalizeFile.next (<anonymous>)
    at run (/tmp/kavia/workspace/code-generation/tictactoeweb-620896-aa8990a6/tic_tac_toe_frontend/node_modules/@babel/core/lib/transformation/index.js:22:50)
    at run.next (<anonymous>)
    at transform (/tmp/kavia/workspace/code-generation/tictactoeweb-620896-aa8990a6/tic_tac_toe_frontend/node_modules/@babel/core/lib/transform.js:22:33)
    at transform.next (<anonymous>)
    at step (/tmp/kavia/workspace/code-generation/tictactoeweb-620896-aa8990a6/tic_tac_toe_frontend/node_modules/gensync/index.js:261:32)
    at /tmp/kavia/workspace/code-generation/tictactoeweb-620896-aa8990a6/tic_tac_toe_frontend/node_modules/gensync/index.js:273:13
    at async.call.result.err.err (/tmp/kavia/workspace/code-generation/tictactoeweb-620896-aa8990a6/tic_tac_toe_frontend/node_modules/gensync/index.js:223:11)

ERROR in [eslint] 
src/App.js
  Line 25:2:  Parsing error: Unterminated comment. (25:2)

webpack compiled with 2 errors
Compiling...
Failed to compile.

[eslint] 
src/App.js
Syntax error: Unexpected token (30:0) (30:undefined)
ERROR in ./src/App.js
Module build failed (from ./node_modules/babel-loader/lib/index.js):
SyntaxError: /tmp/kavia/workspace/code-generation/tictactoeweb-620896-aa8990a6/tic_tac_toe_frontend/src/App.js: Unexpected token (30:0)

  28 |   const startGame = async () => {
  29 |     setIsLoading(true);
> 30 |
     | ^
    at constructor (/tmp/kavia/workspace/code-generation/tictactoeweb-620896-aa8990a6/tic_tac_toe_frontend/node_modules/@babel/parser/lib/index.js:360:19)
    at FlowParserMixin.raise (/tmp/kavia/workspace/code-generation/tictactoeweb-620896-aa8990a6/tic_tac_toe_frontend/node_modules/@babel/parser/lib/index.js:3327:19)
    at FlowParserMixin.unexpected (/tmp/kavia/workspace/code-generation/tictactoeweb-620896-aa8990a6/tic_tac_toe_frontend/node_modules/@babel/parser/lib/index.js:3347:16)
    at FlowParserMixin.parseExprAtom (/tmp/kavia/workspace/code-generation/tictactoeweb-620896-aa8990a6/tic_tac_toe_frontend/node_modules/@babel/parser/lib/index.js:11126:16)
    at FlowParserMixin.parseExprAtom (/tmp/kavia/workspace/code-generation/tictactoeweb-620896-aa8990a6/tic_tac_toe_frontend/node_modules/@babel/parser/lib/index.js:6937:20)
    at FlowParserMixin.parseExprSubscripts (/tmp/kavia/workspace/code-generation/tictactoeweb-620896-aa8990a6/tic_tac_toe_frontend/node_modules/@babel/parser/lib/index.js:10758:23)
    at FlowParserMixin.parseUpdate (/tmp/kavia/workspace/code-generation/tictactoeweb-620896-aa8990a6/tic_tac_toe_frontend/node_modules/@babel/parser/lib/index.js:10743:21)
    at FlowParserMixin.parseMaybeUnary (/tmp/kavia/workspace/code-generation/tictactoeweb-620896-aa8990a6/tic_tac_toe_frontend/node_modules/@babel/parser/lib/index.js:10723:23)
    at FlowParserMixin.parseMaybeUnaryOrPrivate (/tmp/kavia/workspace/code-generation/tictactoeweb-620896-aa8990a6/tic_tac_toe_frontend/node_modules/@babel/parser/lib/index.js:10576:61)
    at FlowParserMixin.parseExprOps (/tmp/kavia/workspace/code-generation/tictactoeweb-620896-aa8990a6/tic_tac_toe_frontend/node_modules/@babel/parser/lib/index.js:10581:23)
    at FlowParserMixin.parseMaybeConditional (/tmp/kavia/workspace/code-generation/tictactoeweb-620896-aa8990a6/tic_tac_toe_frontend/node_modules/@babel/parser/lib/index.js:10558:23)
    at FlowParserMixin.parseMaybeAssign (/tmp/kavia/workspace/code-generation/tictactoeweb-620896-aa8990a6/tic_tac_toe_frontend/node_modules/@babel/parser/lib/index.js:10521:21)
    at FlowParserMixin.parseMaybeAssign (/tmp/kavia/workspace/code-generation/tictactoeweb-620896-aa8990a6/tic_tac_toe_frontend/node_modules/@babel/parser/lib/index.js:5773:18)
    at FlowParserMixin.parseExpressionBase (/tmp/kavia/workspace/code-generation/tictactoeweb-620896-aa8990a6/tic_tac_toe_frontend/node_modules/@babel/parser/lib/index.js:10475:23)
    at /tmp/kavia/workspace/code-generation/tictactoeweb-620896-aa8990a6/tic_tac_toe_frontend/node_modules/@babel/parser/lib/index.js:10471:39
    at FlowParserMixin.allowInAnd (/tmp/kavia/workspace/code-generation/tictactoeweb-620896-aa8990a6/tic_tac_toe_frontend/node_modules/@babel/parser/lib/index.js:12095:16)
    at FlowParserMixin.parseExpression (/tmp/kavia/workspace/code-generation/tictactoeweb-620896-aa8990a6/tic_tac_toe_frontend/node_modules/@babel/parser/lib/index.js:10471:17)
    at FlowParserMixin.parseStatementContent (/tmp/kavia/workspace/code-generation/tictactoeweb-620896-aa8990a6/tic_tac_toe_frontend/node_modules/@babel/parser/lib/index.js:12539:23)
    at FlowParserMixin.parseStatementLike (/tmp/kavia/workspace/code-generation/tictactoeweb-620896-aa8990a6/tic_tac_toe_frontend/node_modules/@babel/parser/lib/index.js:12406:17)
    at FlowParserMixin.parseStatementLike (/tmp/kavia/workspace/code-generation/tictactoeweb-620896-aa8990a6/tic_tac_toe_frontend/node_modules/@babel/parser/lib/index.js:5140:24)
    at FlowParserMixin.parseStatementListItem (/tmp/kavia/workspace/code-generation/tictactoeweb-620896-aa8990a6/tic_tac_toe_frontend/node_modules/@babel/parser/lib/index.js:12386:17)
    at FlowParserMixin.parseBlockOrModuleBlockBody (/tmp/kavia/workspace/code-generation/tictactoeweb-620896-aa8990a6/tic_tac_toe_frontend/node_modules/@babel/parser/lib/index.js:12960:61)
    at FlowParserMixin.parseBlockBody (/tmp/kavia/workspace/code-generation/tictactoeweb-620896-aa8990a6/tic_tac_toe_frontend/node_modules/@babel/parser/lib/index.js:12953:10)
    at FlowParserMixin.parseBlock (/tmp/kavia/workspace/code-generation/tictactoeweb-620896-aa8990a6/tic_tac_toe_frontend/node_modules/@babel/parser/lib/index.js:12941:10)
    at FlowParserMixin.parseFunctionBody (/tmp/kavia/workspace/code-generation/tictactoeweb-620896-aa8990a6/tic_tac_toe_frontend/node_modules/@babel/parser/lib/index.js:11783:24)
    at /tmp/kavia/workspace/code-generation/tictactoeweb-620896-aa8990a6/tic_tac_toe_frontend/node_modules/@babel/parser/lib/index.js:5114:63
    at FlowParserMixin.forwardNoArrowParamsConversionAt (/tmp/kavia/workspace/code-generation/tictactoeweb-620896-aa8990a6/tic_tac_toe_frontend/node_modules/@babel/parser/lib/index.js:5290:16)
    at FlowParserMixin.parseFunctionBody (/tmp/kavia/workspace/code-generation/tictactoeweb-620896-aa8990a6/tic_tac_toe_frontend/node_modules/@babel/parser/lib/index.js:5114:12)
    at FlowParserMixin.parseArrowExpression (/tmp/kavia/workspace/code-generation/tictactoeweb-620896-aa8990a6/tic_tac_toe_frontend/node_modules/@babel/parser/lib/index.js:11758:10)
    at FlowParserMixin.parseAsyncArrowFromCallExpression (/tmp/kavia/workspace/code-generation/tictactoeweb-620896-aa8990a6/tic_tac_toe_frontend/node_modules/@babel/parser/lib/index.js:10939:10)
    at FlowParserMixin.parseAsyncArrowFromCallExpression (/tmp/kavia/workspace/code-generation/tictactoeweb-620896-aa8990a6/tic_tac_toe_frontend/node_modules/@babel/parser/lib/index.js:5711:18)
    at FlowParserMixin.parseCoverCallAndAsyncArrowHead (/tmp/kavia/workspace/code-generation/tictactoeweb-620896-aa8990a6/tic_tac_toe_frontend/node_modules/@babel/parser/lib/index.js:10869:27)
    at FlowParserMixin.parseSubscript (/tmp/kavia/workspace/code-generation/tictactoeweb-620896-aa8990a6/tic_tac_toe_frontend/node_modules/@babel/parser/lib/index.js:10798:19)
    at FlowParserMixin.parseSubscript (/tmp/kavia/workspace/code-generation/tictactoeweb-620896-aa8990a6/tic_tac_toe_frontend/node_modules/@babel/parser/lib/index.js:5874:18)
    at FlowParserMixin.parseSubscripts (/tmp/kavia/workspace/code-generation/tictactoeweb-620896-aa8990a6/tic_tac_toe_frontend/node_modules/@babel/parser/lib/index.js:10771:19)
    at FlowParserMixin.parseSubscripts (/tmp/kavia/workspace/code-generation/tictactoeweb-620896-aa8990a6/tic_tac_toe_frontend/node_modules/@babel/parser/lib/index.js:5840:18)
    at FlowParserMixin.parseExprSubscripts (/tmp/kavia/workspace/code-generation/tictactoeweb-620896-aa8990a6/tic_tac_toe_frontend/node_modules/@babel/parser/lib/index.js:10762:17)
    at FlowParserMixin.parseUpdate (/tmp/kavia/workspace/code-generation/tictactoeweb-620896-aa8990a6/tic_tac_toe_frontend/node_modules/@babel/parser/lib/index.js:10743:21)
    at FlowParserMixin.parseMaybeUnary (/tmp/kavia/workspace/code-generation/tictactoeweb-620896-aa8990a6/tic_tac_toe_frontend/node_modules/@babel/parser/lib/index.js:10723:23)
    at FlowParserMixin.parseMaybeUnaryOrPrivate (/tmp/kavia/workspace/code-generation/tictactoeweb-620896-aa8990a6/tic_tac_toe_frontend/node_modules/@babel/parser/lib/index.js:10576:61)
    at FlowParserMixin.parseExprOps (/tmp/kavia/workspace/code-generation/tictactoeweb-620896-aa8990a6/tic_tac_toe_frontend/node_modules/@babel/parser/lib/index.js:10581:23)
    at FlowParserMixin.parseMaybeConditional (/tmp/kavia/workspace/code-generation/tictactoeweb-620896-aa8990a6/tic_tac_toe_frontend/node_modules/@babel/parser/lib/index.js:10558:23)
    at FlowParserMixin.parseMaybeAssign (/tmp/kavia/workspace/code-generation/tictactoeweb-620896-aa8990a6/tic_tac_toe_frontend/node_modules/@babel/parser/lib/index.js:10521:21)
    at FlowParserMixin.parseMaybeAssign (/tmp/kavia/workspace/code-generation/tictactoeweb-620896-aa8990a6/tic_tac_toe_frontend/node_modules/@babel/parser/lib/index.js:5773:18)
    at /tmp/kavia/workspace/code-generation/tictactoeweb-620896-aa8990a6/tic_tac_toe_frontend/node_modules/@babel/parser/lib/index.js:10491:39
    at FlowParserMixin.allowInAnd (/tmp/kavia/workspace/code-generation/tictactoeweb-620896-aa8990a6/tic_tac_toe_frontend/node_modules/@babel/parser/lib/index.js:12095:16)
    at FlowParserMixin.parseMaybeAssignAllowIn (/tmp/kavia/workspace/code-generation/tictactoeweb-620896-aa8990a6/tic_tac_toe_frontend/node_modules/@babel/parser/lib/index.js:10491:17)
    at FlowParserMixin.parseVar (/tmp/kavia/workspace/code-generation/tictactoeweb-620896-aa8990a6/tic_tac_toe_frontend/node_modules/@babel/parser/lib/index.js:13028:91)
    at FlowParserMixin.parseVarStatement (/tmp/kavia/workspace/code-generation/tictactoeweb-620896-aa8990a6/tic_tac_toe_frontend/node_modules/@babel/parser/lib/index.js:12874:10)
    at FlowParserMixin.parseStatementContent (/tmp/kavia/workspace/code-generation/tictactoeweb-620896-aa8990a6/tic_tac_toe_frontend/node_modules/@babel/parser/lib/index.js:12489:23)

ERROR in [eslint] 
src/App.js
  Line 30:  Parsing error: Unexpected token (30:0)

webpack compiled with 2 errors
Compiling...
Failed to compile.

[eslint] 
src/App.js
Syntax error: Unexpected token (31:0) (31:undefined)
ERROR in ./src/App.js
Module build failed (from ./node_modules/babel-loader/lib/index.js):
SyntaxError: /tmp/kavia/workspace/code-generation/tictactoeweb-620896-aa8990a6/tic_tac_toe_frontend/src/App.js: Unexpected token (31:0)

  29 |     setIsLoading(true);
  30 |     try {
> 31 |
     | ^
    at constructor (/tmp/kavia/workspace/code-generation/tictactoeweb-620896-aa8990a6/tic_tac_toe_frontend/node_modules/@babel/parser/lib/index.js:360:19)
    at FlowParserMixin.raise (/tmp/kavia/workspace/code-generation/tictactoeweb-620896-aa8990a6/tic_tac_toe_frontend/node_modules/@babel/parser/lib/index.js:3327:19)
    at FlowParserMixin.unexpected (/tmp/kavia/workspace/code-generation/tictactoeweb-620896-aa8990a6/tic_tac_toe_frontend/node_modules/@babel/parser/lib/index.js:3347:16)
    at FlowParserMixin.parseExprAtom (/tmp/kavia/workspace/code-generation/tictactoeweb-620896-aa8990a6/tic_tac_toe_frontend/node_modules/@babel/parser/lib/index.js:11126:16)
    at FlowParserMixin.parseExprAtom (/tmp/kavia/workspace/code-generation/tictactoeweb-620896-aa8990a6/tic_tac_toe_frontend/node_modules/@babel/parser/lib/index.js:6937:20)
    at FlowParserMixin.parseExprSubscripts (/tmp/kavia/workspace/code-generation/tictactoeweb-620896-aa8990a6/tic_tac_toe_frontend/node_modules/@babel/parser/lib/index.js:10758:23)
    at FlowParserMixin.parseUpdate (/tmp/kavia/workspace/code-generation/tictactoeweb-620896-aa8990a6/tic_tac_toe_frontend/node_modules/@babel/parser/lib/index.js:10743:21)
    at FlowParserMixin.parseMaybeUnary (/tmp/kavia/workspace/code-generation/tictactoeweb-620896-aa8990a6/tic_tac_toe_frontend/node_modules/@babel/parser/lib/index.js:10723:23)
    at FlowParserMixin.parseMaybeUnaryOrPrivate (/tmp/kavia/workspace/code-generation/tictactoeweb-620896-aa8990a6/tic_tac_toe_frontend/node_modules/@babel/parser/lib/index.js:10576:61)
    at FlowParserMixin.parseExprOps (/tmp/kavia/workspace/code-generation/tictactoeweb-620896-aa8990a6/tic_tac_toe_frontend/node_modules/@babel/parser/lib/index.js:10581:23)
    at FlowParserMixin.parseMaybeConditional (/tmp/kavia/workspace/code-generation/tictactoeweb-620896-aa8990a6/tic_tac_toe_frontend/node_modules/@babel/parser/lib/index.js:10558:23)
    at FlowParserMixin.parseMaybeAssign (/tmp/kavia/workspace/code-generation/tictactoeweb-620896-aa8990a6/tic_tac_toe_frontend/node_modules/@babel/parser/lib/index.js:10521:21)
    at FlowParserMixin.parseMaybeAssign (/tmp/kavia/workspace/code-generation/tictactoeweb-620896-aa8990a6/tic_tac_toe_frontend/node_modules/@babel/parser/lib/index.js:5773:18)
    at FlowParserMixin.parseExpressionBase (/tmp/kavia/workspace/code-generation/tictactoeweb-620896-aa8990a6/tic_tac_toe_frontend/node_modules/@babel/parser/lib/index.js:10475:23)
    at /tmp/kavia/workspace/code-generation/tictactoeweb-620896-aa8990a6/tic_tac_toe_frontend/node_modules/@babel/parser/lib/index.js:10471:39
    at FlowParserMixin.allowInAnd (/tmp/kavia/workspace/code-generation/tictactoeweb-620896-aa8990a6/tic_tac_toe_frontend/node_modules/@babel/parser/lib/index.js:12095:16)
    at FlowParserMixin.parseExpression (/tmp/kavia/workspace/code-generation/tictactoeweb-620896-aa8990a6/tic_tac_toe_frontend/node_modules/@babel/parser/lib/index.js:10471:17)
    at FlowParserMixin.parseStatementContent (/tmp/kavia/workspace/code-generation/tictactoeweb-620896-aa8990a6/tic_tac_toe_frontend/node_modules/@babel/parser/lib/index.js:12539:23)
    at FlowParserMixin.parseStatementLike (/tmp/kavia/workspace/code-generation/tictactoeweb-620896-aa8990a6/tic_tac_toe_frontend/node_modules/@babel/parser/lib/index.js:12406:17)
    at FlowParserMixin.parseStatementLike (/tmp/kavia/workspace/code-generation/tictactoeweb-620896-aa8990a6/tic_tac_toe_frontend/node_modules/@babel/parser/lib/index.js:5140:24)
    at FlowParserMixin.parseStatementListItem (/tmp/kavia/workspace/code-generation/tictactoeweb-620896-aa8990a6/tic_tac_toe_frontend/node_modules/@babel/parser/lib/index.js:12386:17)
    at FlowParserMixin.parseBlockOrModuleBlockBody (/tmp/kavia/workspace/code-generation/tictactoeweb-620896-aa8990a6/tic_tac_toe_frontend/node_modules/@babel/parser/lib/index.js:12960:61)
    at FlowParserMixin.parseBlockBody (/tmp/kavia/workspace/code-generation/tictactoeweb-620896-aa8990a6/tic_tac_toe_frontend/node_modules/@babel/parser/lib/index.js:12953:10)
    at FlowParserMixin.parseBlock (/tmp/kavia/workspace/code-generation/tictactoeweb-620896-aa8990a6/tic_tac_toe_frontend/node_modules/@babel/parser/lib/index.js:12941:10)
    at FlowParserMixin.parseTryStatement (/tmp/kavia/workspace/code-generation/tictactoeweb-620896-aa8990a6/tic_tac_toe_frontend/node_modules/@babel/parser/lib/index.js:12849:23)
    at FlowParserMixin.parseStatementContent (/tmp/kavia/workspace/code-generation/tictactoeweb-620896-aa8990a6/tic_tac_toe_frontend/node_modules/@babel/parser/lib/index.js:12443:21)
    at FlowParserMixin.parseStatementLike (/tmp/kavia/workspace/code-generation/tictactoeweb-620896-aa8990a6/tic_tac_toe_frontend/node_modules/@babel/parser/lib/index.js:12406:17)
    at FlowParserMixin.parseStatementLike (/tmp/kavia/workspace/code-generation/tictactoeweb-620896-aa8990a6/tic_tac_toe_frontend/node_modules/@babel/parser/lib/index.js:5140:24)
    at FlowParserMixin.parseStatementListItem (/tmp/kavia/workspace/code-generation/tictactoeweb-620896-aa8990a6/tic_tac_toe_frontend/node_modules/@babel/parser/lib/index.js:12386:17)
    at FlowParserMixin.parseBlockOrModuleBlockBody (/tmp/kavia/workspace/code-generation/tictactoeweb-620896-aa8990a6/tic_tac_toe_frontend/node_modules/@babel/parser/lib/index.js:12960:61)
    at FlowParserMixin.parseBlockBody (/tmp/kavia/workspace/code-generation/tictactoeweb-620896-aa8990a6/tic_tac_toe_frontend/node_modules/@babel/parser/lib/index.js:12953:10)
    at FlowParserMixin.parseBlock (/tmp/kavia/workspace/code-generation/tictactoeweb-620896-aa8990a6/tic_tac_toe_frontend/node_modules/@babel/parser/lib/index.js:12941:10)
    at FlowParserMixin.parseFunctionBody (/tmp/kavia/workspace/code-generation/tictactoeweb-620896-aa8990a6/tic_tac_toe_frontend/node_modules/@babel/parser/lib/index.js:11783:24)
    at /tmp/kavia/workspace/code-generation/tictactoeweb-620896-aa8990a6/tic_tac_toe_frontend/node_modules/@babel/parser/lib/index.js:5114:63
    at FlowParserMixin.forwardNoArrowParamsConversionAt (/tmp/kavia/workspace/code-generation/tictactoeweb-620896-aa8990a6/tic_tac_toe_frontend/node_modules/@babel/parser/lib/index.js:5290:16)
    at FlowParserMixin.parseFunctionBody (/tmp/kavia/workspace/code-generation/tictactoeweb-620896-aa8990a6/tic_tac_toe_frontend/node_modules/@babel/parser/lib/index.js:5114:12)
    at FlowParserMixin.parseArrowExpression (/tmp/kavia/workspace/code-generation/tictactoeweb-620896-aa8990a6/tic_tac_toe_frontend/node_modules/@babel/parser/lib/index.js:11758:10)
    at FlowParserMixin.parseAsyncArrowFromCallExpression (/tmp/kavia/workspace/code-generation/tictactoeweb-620896-aa8990a6/tic_tac_toe_frontend/node_modules/@babel/parser/lib/index.js:10939:10)
    at FlowParserMixin.parseAsyncArrowFromCallExpression (/tmp/kavia/workspace/code-generation/tictactoeweb-620896-aa8990a6/tic_tac_toe_frontend/node_modules/@babel/parser/lib/index.js:5711:18)
    at FlowParserMixin.parseCoverCallAndAsyncArrowHead (/tmp/kavia/workspace/code-generation/tictactoeweb-620896-aa8990a6/tic_tac_toe_frontend/node_modules/@babel/parser/lib/index.js:10869:27)
    at FlowParserMixin.parseSubscript (/tmp/kavia/workspace/code-generation/tictactoeweb-620896-aa8990a6/tic_tac_toe_frontend/node_modules/@babel/parser/lib/index.js:10798:19)
    at FlowParserMixin.parseSubscript (/tmp/kavia/workspace/code-generation/tictactoeweb-620896-aa8990a6/tic_tac_toe_frontend/node_modules/@babel/parser/lib/index.js:5874:18)
    at FlowParserMixin.parseSubscripts (/tmp/kavia/workspace/code-generation/tictactoeweb-620896-aa8990a6/tic_tac_toe_frontend/node_modules/@babel/parser/lib/index.js:10771:19)
    at FlowParserMixin.parseSubscripts (/tmp/kavia/workspace/code-generation/tictactoeweb-620896-aa8990a6/tic_tac_toe_frontend/node_modules/@babel/parser/lib/index.js:5840:18)
    at FlowParserMixin.parseExprSubscripts (/tmp/kavia/workspace/code-generation/tictactoeweb-620896-aa8990a6/tic_tac_toe_frontend/node_modules/@babel/parser/lib/index.js:10762:17)
    at FlowParserMixin.parseUpdate (/tmp/kavia/workspace/code-generation/tictactoeweb-620896-aa8990a6/tic_tac_toe_frontend/node_modules/@babel/parser/lib/index.js:10743:21)
    at FlowParserMixin.parseMaybeUnary (/tmp/kavia/workspace/code-generation/tictactoeweb-620896-aa8990a6/tic_tac_toe_frontend/node_modules/@babel/parser/lib/index.js:10723:23)
    at FlowParserMixin.parseMaybeUnaryOrPrivate (/tmp/kavia/workspace/code-generation/tictactoeweb-620896-aa8990a6/tic_tac_toe_frontend/node_modules/@babel/parser/lib/index.js:10576:61)
    at FlowParserMixin.parseExprOps (/tmp/kavia/workspace/code-generation/tictactoeweb-620896-aa8990a6/tic_tac_toe_frontend/node_modules/@babel/parser/lib/index.js:10581:23)
    at FlowParserMixin.parseMaybeConditional (/tmp/kavia/workspace/code-generation/tictactoeweb-620896-aa8990a6/tic_tac_toe_frontend/node_modules/@babel/parser/lib/index.js:10558:23)

ERROR in [eslint] 
src/App.js
  Line 31:  Parsing error: Unexpected token (31:0)

webpack compiled with 2 errors
Compiling...
Failed to compile.

[eslint] 
src/App.js
Syntax error: Unexpected token (32:0) (32:undefined)
ERROR in ./src/App.js
Module build failed (from ./node_modules/babel-loader/lib/index.js):
SyntaxError: /tmp/kavia/workspace/code-generation/tictactoeweb-620896-aa8990a6/tic_tac_toe_frontend/src/App.js: Unexpected token (32:0)

  30 |     try {
  31 |       // POST to backend's "start game" endpoint
> 32 |
     | ^
    at constructor (/tmp/kavia/workspace/code-generation/tictactoeweb-620896-aa8990a6/tic_tac_toe_frontend/node_modules/@babel/parser/lib/index.js:360:19)
    at FlowParserMixin.raise (/tmp/kavia/workspace/code-generation/tictactoeweb-620896-aa8990a6/tic_tac_toe_frontend/node_modules/@babel/parser/lib/index.js:3327:19)
    at FlowParserMixin.unexpected (/tmp/kavia/workspace/code-generation/tictactoeweb-620896-aa8990a6/tic_tac_toe_frontend/node_modules/@babel/parser/lib/index.js:3347:16)
    at FlowParserMixin.parseExprAtom (/tmp/kavia/workspace/code-generation/tictactoeweb-620896-aa8990a6/tic_tac_toe_frontend/node_modules/@babel/parser/lib/index.js:11126:16)
    at FlowParserMixin.parseExprAtom (/tmp/kavia/workspace/code-generation/tictactoeweb-620896-aa8990a6/tic_tac_toe_frontend/node_modules/@babel/parser/lib/index.js:6937:20)
    at FlowParserMixin.parseExprSubscripts (/tmp/kavia/workspace/code-generation/tictactoeweb-620896-aa8990a6/tic_tac_toe_frontend/node_modules/@babel/parser/lib/index.js:10758:23)
    at FlowParserMixin.parseUpdate (/tmp/kavia/workspace/code-generation/tictactoeweb-620896-aa8990a6/tic_tac_toe_frontend/node_modules/@babel/parser/lib/index.js:10743:21)
    at FlowParserMixin.parseMaybeUnary (/tmp/kavia/workspace/code-generation/tictactoeweb-620896-aa8990a6/tic_tac_toe_frontend/node_modules/@babel/parser/lib/index.js:10723:23)
    at FlowParserMixin.parseMaybeUnaryOrPrivate (/tmp/kavia/workspace/code-generation/tictactoeweb-620896-aa8990a6/tic_tac_toe_frontend/node_modules/@babel/parser/lib/index.js:10576:61)
    at FlowParserMixin.parseExprOps (/tmp/kavia/workspace/code-generation/tictactoeweb-620896-aa8990a6/tic_tac_toe_frontend/node_modules/@babel/parser/lib/index.js:10581:23)
    at FlowParserMixin.parseMaybeConditional (/tmp/kavia/workspace/code-generation/tictactoeweb-620896-aa8990a6/tic_tac_toe_frontend/node_modules/@babel/parser/lib/index.js:10558:23)
    at FlowParserMixin.parseMaybeAssign (/tmp/kavia/workspace/code-generation/tictactoeweb-620896-aa8990a6/tic_tac_toe_frontend/node_modules/@babel/parser/lib/index.js:10521:21)
    at FlowParserMixin.parseMaybeAssign (/tmp/kavia/workspace/code-generation/tictactoeweb-620896-aa8990a6/tic_tac_toe_frontend/node_modules/@babel/parser/lib/index.js:5773:18)
    at FlowParserMixin.parseExpressionBase (/tmp/kavia/workspace/code-generation/tictactoeweb-620896-aa8990a6/tic_tac_toe_frontend/node_modules/@babel/parser/lib/index.js:10475:23)
    at /tmp/kavia/workspace/code-generation/tictactoeweb-620896-aa8990a6/tic_tac_toe_frontend/node_modules/@babel/parser/lib/index.js:10471:39
    at FlowParserMixin.allowInAnd (/tmp/kavia/workspace/code-generation/tictactoeweb-620896-aa8990a6/tic_tac_toe_frontend/node_modules/@babel/parser/lib/index.js:12095:16)
    at FlowParserMixin.parseExpression (/tmp/kavia/workspace/code-generation/tictactoeweb-620896-aa8990a6/tic_tac_toe_frontend/node_modules/@babel/parser/lib/index.js:10471:17)
    at FlowParserMixin.parseStatementContent (/tmp/kavia/workspace/code-generation/tictactoeweb-620896-aa8990a6/tic_tac_toe_frontend/node_modules/@babel/parser/lib/index.js:12539:23)
    at FlowParserMixin.parseStatementLike (/tmp/kavia/workspace/code-generation/tictactoeweb-620896-aa8990a6/tic_tac_toe_frontend/node_modules/@babel/parser/lib/index.js:12406:17)
    at FlowParserMixin.parseStatementLike (/tmp/kavia/workspace/code-generation/tictactoeweb-620896-aa8990a6/tic_tac_toe_frontend/node_modules/@babel/parser/lib/index.js:5140:24)
    at FlowParserMixin.parseStatementListItem (/tmp/kavia/workspace/code-generation/tictactoeweb-620896-aa8990a6/tic_tac_toe_frontend/node_modules/@babel/parser/lib/index.js:12386:17)
    at FlowParserMixin.parseBlockOrModuleBlockBody (/tmp/kavia/workspace/code-generation/tictactoeweb-620896-aa8990a6/tic_tac_toe_frontend/node_modules/@babel/parser/lib/index.js:12960:61)
    at FlowParserMixin.parseBlockBody (/tmp/kavia/workspace/code-generation/tictactoeweb-620896-aa8990a6/tic_tac_toe_frontend/node_modules/@babel/parser/lib/index.js:12953:10)
    at FlowParserMixin.parseBlock (/tmp/kavia/workspace/code-generation/tictactoeweb-620896-aa8990a6/tic_tac_toe_frontend/node_modules/@babel/parser/lib/index.js:12941:10)
    at FlowParserMixin.parseTryStatement (/tmp/kavia/workspace/code-generation/tictactoeweb-620896-aa8990a6/tic_tac_toe_frontend/node_modules/@babel/parser/lib/index.js:12849:23)
    at FlowParserMixin.parseStatementContent (/tmp/kavia/workspace/code-generation/tictactoeweb-620896-aa8990a6/tic_tac_toe_frontend/node_modules/@babel/parser/lib/index.js:12443:21)
    at FlowParserMixin.parseStatementLike (/tmp/kavia/workspace/code-generation/tictactoeweb-620896-aa8990a6/tic_tac_toe_frontend/node_modules/@babel/parser/lib/index.js:12406:17)
    at FlowParserMixin.parseStatementLike (/tmp/kavia/workspace/code-generation/tictactoeweb-620896-aa8990a6/tic_tac_toe_frontend/node_modules/@babel/parser/lib/index.js:5140:24)
    at FlowParserMixin.parseStatementListItem (/tmp/kavia/workspace/code-generation/tictactoeweb-620896-aa8990a6/tic_tac_toe_frontend/node_modules/@babel/parser/lib/index.js:12386:17)
    at FlowParserMixin.parseBlockOrModuleBlockBody (/tmp/kavia/workspace/code-generation/tictactoeweb-620896-aa8990a6/tic_tac_toe_frontend/node_modules/@babel/parser/lib/index.js:12960:61)
    at FlowParserMixin.parseBlockBody (/tmp/kavia/workspace/code-generation/tictactoeweb-620896-aa8990a6/tic_tac_toe_frontend/node_modules/@babel/parser/lib/index.js:12953:10)
    at FlowParserMixin.parseBlock (/tmp/kavia/workspace/code-generation/tictactoeweb-620896-aa8990a6/tic_tac_toe_frontend/node_modules/@babel/parser/lib/index.js:12941:10)
    at FlowParserMixin.parseFunctionBody (/tmp/kavia/workspace/code-generation/tictactoeweb-620896-aa8990a6/tic_tac_toe_frontend/node_modules/@babel/parser/lib/index.js:11783:24)
    at /tmp/kavia/workspace/code-generation/tictactoeweb-620896-aa8990a6/tic_tac_toe_frontend/node_modules/@babel/parser/lib/index.js:5114:63
    at FlowParserMixin.forwardNoArrowParamsConversionAt (/tmp/kavia/workspace/code-generation/tictactoeweb-620896-aa8990a6/tic_tac_toe_frontend/node_modules/@babel/parser/lib/index.js:5290:16)
    at FlowParserMixin.parseFunctionBody (/tmp/kavia/workspace/code-generation/tictactoeweb-620896-aa8990a6/tic_tac_toe_frontend/node_modules/@babel/parser/lib/index.js:5114:12)
    at FlowParserMixin.parseArrowExpression (/tmp/kavia/workspace/code-generation/tictactoeweb-620896-aa8990a6/tic_tac_toe_frontend/node_modules/@babel/parser/lib/index.js:11758:10)
    at FlowParserMixin.parseAsyncArrowFromCallExpression (/tmp/kavia/workspace/code-generation/tictactoeweb-620896-aa8990a6/tic_tac_toe_frontend/node_modules/@babel/parser/lib/index.js:10939:10)
    at FlowParserMixin.parseAsyncArrowFromCallExpression (/tmp/kavia/workspace/code-generation/tictactoeweb-620896-aa8990a6/tic_tac_toe_frontend/node_modules/@babel/parser/lib/index.js:5711:18)
    at FlowParserMixin.parseCoverCallAndAsyncArrowHead (/tmp/kavia/workspace/code-generation/tictactoeweb-620896-aa8990a6/tic_tac_toe_frontend/node_modules/@babel/parser/lib/index.js:10869:27)
    at FlowParserMixin.parseSubscript (/tmp/kavia/workspace/code-generation/tictactoeweb-620896-aa8990a6/tic_tac_toe_frontend/node_modules/@babel/parser/lib/index.js:10798:19)
    at FlowParserMixin.parseSubscript (/tmp/kavia/workspace/code-generation/tictactoeweb-620896-aa8990a6/tic_tac_toe_frontend/node_modules/@babel/parser/lib/index.js:5874:18)
    at FlowParserMixin.parseSubscripts (/tmp/kavia/workspace/code-generation/tictactoeweb-620896-aa8990a6/tic_tac_toe_frontend/node_modules/@babel/parser/lib/index.js:10771:19)
    at FlowParserMixin.parseSubscripts (/tmp/kavia/workspace/code-generation/tictactoeweb-620896-aa8990a6/tic_tac_toe_frontend/node_modules/@babel/parser/lib/index.js:5840:18)
    at FlowParserMixin.parseExprSubscripts (/tmp/kavia/workspace/code-generation/tictactoeweb-620896-aa8990a6/tic_tac_toe_frontend/node_modules/@babel/parser/lib/index.js:10762:17)
    at FlowParserMixin.parseUpdate (/tmp/kavia/workspace/code-generation/tictactoeweb-620896-aa8990a6/tic_tac_toe_frontend/node_modules/@babel/parser/lib/index.js:10743:21)
    at FlowParserMixin.parseMaybeUnary (/tmp/kavia/workspace/code-generation/tictactoeweb-620896-aa8990a6/tic_tac_toe_frontend/node_modules/@babel/parser/lib/index.js:10723:23)
    at FlowParserMixin.parseMaybeUnaryOrPrivate (/tmp/kavia/workspace/code-generation/tictactoeweb-620896-aa8990a6/tic_tac_toe_frontend/node_modules/@babel/parser/lib/index.js:10576:61)
    at FlowParserMixin.parseExprOps (/tmp/kavia/workspace/code-generation/tictactoeweb-620896-aa8990a6/tic_tac_toe_frontend/node_modules/@babel/parser/lib/index.js:10581:23)
    at FlowParserMixin.parseMaybeConditional (/tmp/kavia/workspace/code-generation/tictactoeweb-620896-aa8990a6/tic_tac_toe_frontend/node_modules/@babel/parser/lib/index.js:10558:23)

ERROR in [eslint] 
src/App.js
  Line 32:  Parsing error: Unexpected token (32:0)

webpack compiled with 2 errors
Compiling...
Failed to compile.

[eslint] 
src/App.js
Syntax error: Unexpected token (35:0) (35:undefined)
ERROR in ./src/App.js
Module build failed (from ./node_modules/babel-loader/lib/index.js):
SyntaxError: /tmp/kavia/workspace/code-generation/tictactoeweb-620896-aa8990a6/tic_tac_toe_frontend/src/App.js: Unexpected token (34:0)

  32 |       const res = await fetch(`${API_BASE_URL}/start`, { method: "POST" });
  33 |       const data = await res.json();
> 34 |
     | ^
    at constructor (/tmp/kavia/workspace/code-generation/tictactoeweb-620896-aa8990a6/tic_tac_toe_frontend/node_modules/@babel/parser/lib/index.js:360:19)
    at FlowParserMixin.raise (/tmp/kavia/workspace/code-generation/tictactoeweb-620896-aa8990a6/tic_tac_toe_frontend/node_modules/@babel/parser/lib/index.js:3327:19)
    at FlowParserMixin.unexpected (/tmp/kavia/workspace/code-generation/tictactoeweb-620896-aa8990a6/tic_tac_toe_frontend/node_modules/@babel/parser/lib/index.js:3347:16)
    at FlowParserMixin.parseExprAtom (/tmp/kavia/workspace/code-generation/tictactoeweb-620896-aa8990a6/tic_tac_toe_frontend/node_modules/@babel/parser/lib/index.js:11126:16)
    at FlowParserMixin.parseExprAtom (/tmp/kavia/workspace/code-generation/tictactoeweb-620896-aa8990a6/tic_tac_toe_frontend/node_modules/@babel/parser/lib/index.js:6937:20)
    at FlowParserMixin.parseExprSubscripts (/tmp/kavia/workspace/code-generation/tictactoeweb-620896-aa8990a6/tic_tac_toe_frontend/node_modules/@babel/parser/lib/index.js:10758:23)
    at FlowParserMixin.parseUpdate (/tmp/kavia/workspace/code-generation/tictactoeweb-620896-aa8990a6/tic_tac_toe_frontend/node_modules/@babel/parser/lib/index.js:10743:21)
    at FlowParserMixin.parseMaybeUnary (/tmp/kavia/workspace/code-generation/tictactoeweb-620896-aa8990a6/tic_tac_toe_frontend/node_modules/@babel/parser/lib/index.js:10723:23)
    at FlowParserMixin.parseMaybeUnaryOrPrivate (/tmp/kavia/workspace/code-generation/tictactoeweb-620896-aa8990a6/tic_tac_toe_frontend/node_modules/@babel/parser/lib/index.js:10576:61)
    at FlowParserMixin.parseExprOps (/tmp/kavia/workspace/code-generation/tictactoeweb-620896-aa8990a6/tic_tac_toe_frontend/node_modules/@babel/parser/lib/index.js:10581:23)
    at FlowParserMixin.parseMaybeConditional (/tmp/kavia/workspace/code-generation/tictactoeweb-620896-aa8990a6/tic_tac_toe_frontend/node_modules/@babel/parser/lib/index.js:10558:23)
    at FlowParserMixin.parseMaybeAssign (/tmp/kavia/workspace/code-generation/tictactoeweb-620896-aa8990a6/tic_tac_toe_frontend/node_modules/@babel/parser/lib/index.js:10521:21)
    at FlowParserMixin.parseMaybeAssign (/tmp/kavia/workspace/code-generation/tictactoeweb-620896-aa8990a6/tic_tac_toe_frontend/node_modules/@babel/parser/lib/index.js:5773:18)
    at FlowParserMixin.parseExpressionBase (/tmp/kavia/workspace/code-generation/tictactoeweb-620896-aa8990a6/tic_tac_toe_frontend/node_modules/@babel/parser/lib/index.js:10475:23)
    at /tmp/kavia/workspace/code-generation/tictactoeweb-620896-aa8990a6/tic_tac_toe_frontend/node_modules/@babel/parser/lib/index.js:10471:39
    at FlowParserMixin.allowInAnd (/tmp/kavia/workspace/code-generation/tictactoeweb-620896-aa8990a6/tic_tac_toe_frontend/node_modules/@babel/parser/lib/index.js:12095:16)
    at FlowParserMixin.parseExpression (/tmp/kavia/workspace/code-generation/tictactoeweb-620896-aa8990a6/tic_tac_toe_frontend/node_modules/@babel/parser/lib/index.js:10471:17)
    at FlowParserMixin.parseStatementContent (/tmp/kavia/workspace/code-generation/tictactoeweb-620896-aa8990a6/tic_tac_toe_frontend/node_modules/@babel/parser/lib/index.js:12539:23)
    at FlowParserMixin.parseStatementLike (/tmp/kavia/workspace/code-generation/tictactoeweb-620896-aa8990a6/tic_tac_toe_frontend/node_modules/@babel/parser/lib/index.js:12406:17)
    at FlowParserMixin.parseStatementLike (/tmp/kavia/workspace/code-generation/tictactoeweb-620896-aa8990a6/tic_tac_toe_frontend/node_modules/@babel/parser/lib/index.js:5140:24)
    at FlowParserMixin.parseStatementListItem (/tmp/kavia/workspace/code-generation/tictactoeweb-620896-aa8990a6/tic_tac_toe_frontend/node_modules/@babel/parser/lib/index.js:12386:17)
    at FlowParserMixin.parseBlockOrModuleBlockBody (/tmp/kavia/workspace/code-generation/tictactoeweb-620896-aa8990a6/tic_tac_toe_frontend/node_modules/@babel/parser/lib/index.js:12960:61)
    at FlowParserMixin.parseBlockBody (/tmp/kavia/workspace/code-generation/tictactoeweb-620896-aa8990a6/tic_tac_toe_frontend/node_modules/@babel/parser/lib/index.js:12953:10)
    at FlowParserMixin.parseBlock (/tmp/kavia/workspace/code-generation/tictactoeweb-620896-aa8990a6/tic_tac_toe_frontend/node_modules/@babel/parser/lib/index.js:12941:10)
    at FlowParserMixin.parseTryStatement (/tmp/kavia/workspace/code-generation/tictactoeweb-620896-aa8990a6/tic_tac_toe_frontend/node_modules/@babel/parser/lib/index.js:12849:23)
    at FlowParserMixin.parseStatementContent (/tmp/kavia/workspace/code-generation/tictactoeweb-620896-aa8990a6/tic_tac_toe_frontend/node_modules/@babel/parser/lib/index.js:12443:21)
    at FlowParserMixin.parseStatementLike (/tmp/kavia/workspace/code-generation/tictactoeweb-620896-aa8990a6/tic_tac_toe_frontend/node_modules/@babel/parser/lib/index.js:12406:17)
    at FlowParserMixin.parseStatementLike (/tmp/kavia/workspace/code-generation/tictactoeweb-620896-aa8990a6/tic_tac_toe_frontend/node_modules/@babel/parser/lib/index.js:5140:24)
    at FlowParserMixin.parseStatementListItem (/tmp/kavia/workspace/code-generation/tictactoeweb-620896-aa8990a6/tic_tac_toe_frontend/node_modules/@babel/parser/lib/index.js:12386:17)
    at FlowParserMixin.parseBlockOrModuleBlockBody (/tmp/kavia/workspace/code-generation/tictactoeweb-620896-aa8990a6/tic_tac_toe_frontend/node_modules/@babel/parser/lib/index.js:12960:61)
    at FlowParserMixin.parseBlockBody (/tmp/kavia/workspace/code-generation/tictactoeweb-620896-aa8990a6/tic_tac_toe_frontend/node_modules/@babel/parser/lib/index.js:12953:10)
    at FlowParserMixin.parseBlock (/tmp/kavia/workspace/code-generation/tictactoeweb-620896-aa8990a6/tic_tac_toe_frontend/node_modules/@babel/parser/lib/index.js:12941:10)
    at FlowParserMixin.parseFunctionBody (/tmp/kavia/workspace/code-generation/tictactoeweb-620896-aa8990a6/tic_tac_toe_frontend/node_modules/@babel/parser/lib/index.js:11783:24)
    at /tmp/kavia/workspace/code-generation/tictactoeweb-620896-aa8990a6/tic_tac_toe_frontend/node_modules/@babel/parser/lib/index.js:5114:63
    at FlowParserMixin.forwardNoArrowParamsConversionAt (/tmp/kavia/workspace/code-generation/tictactoeweb-620896-aa8990a6/tic_tac_toe_frontend/node_modules/@babel/parser/lib/index.js:5290:16)
    at FlowParserMixin.parseFunctionBody (/tmp/kavia/workspace/code-generation/tictactoeweb-620896-aa8990a6/tic_tac_toe_frontend/node_modules/@babel/parser/lib/index.js:5114:12)
    at FlowParserMixin.parseArrowExpression (/tmp/kavia/workspace/code-generation/tictactoeweb-620896-aa8990a6/tic_tac_toe_frontend/node_modules/@babel/parser/lib/index.js:11758:10)
    at FlowParserMixin.parseAsyncArrowFromCallExpression (/tmp/kavia/workspace/code-generation/tictactoeweb-620896-aa8990a6/tic_tac_toe_frontend/node_modules/@babel/parser/lib/index.js:10939:10)
    at FlowParserMixin.parseAsyncArrowFromCallExpression (/tmp/kavia/workspace/code-generation/tictactoeweb-620896-aa8990a6/tic_tac_toe_frontend/node_modules/@babel/parser/lib/index.js:5711:18)
    at FlowParserMixin.parseCoverCallAndAsyncArrowHead (/tmp/kavia/workspace/code-generation/tictactoeweb-620896-aa8990a6/tic_tac_toe_frontend/node_modules/@babel/parser/lib/index.js:10869:27)
    at FlowParserMixin.parseSubscript (/tmp/kavia/workspace/code-generation/tictactoeweb-620896-aa8990a6/tic_tac_toe_frontend/node_modules/@babel/parser/lib/index.js:10798:19)
    at FlowParserMixin.parseSubscript (/tmp/kavia/workspace/code-generation/tictactoeweb-620896-aa8990a6/tic_tac_toe_frontend/node_modules/@babel/parser/lib/index.js:5874:18)
    at FlowParserMixin.parseSubscripts (/tmp/kavia/workspace/code-generation/tictactoeweb-620896-aa8990a6/tic_tac_toe_frontend/node_modules/@babel/parser/lib/index.js:10771:19)
    at FlowParserMixin.parseSubscripts (/tmp/kavia/workspace/code-generation/tictactoeweb-620896-aa8990a6/tic_tac_toe_frontend/node_modules/@babel/parser/lib/index.js:5840:18)
    at FlowParserMixin.parseExprSubscripts (/tmp/kavia/workspace/code-generation/tictactoeweb-620896-aa8990a6/tic_tac_toe_frontend/node_modules/@babel/parser/lib/index.js:10762:17)
    at FlowParserMixin.parseUpdate (/tmp/kavia/workspace/code-generation/tictactoeweb-620896-aa8990a6/tic_tac_toe_frontend/node_modules/@babel/parser/lib/index.js:10743:21)
    at FlowParserMixin.parseMaybeUnary (/tmp/kavia/workspace/code-generation/tictactoeweb-620896-aa8990a6/tic_tac_toe_frontend/node_modules/@babel/parser/lib/index.js:10723:23)
    at FlowParserMixin.parseMaybeUnaryOrPrivate (/tmp/kavia/workspace/code-generation/tictactoeweb-620896-aa8990a6/tic_tac_toe_frontend/node_modules/@babel/parser/lib/index.js:10576:61)
    at FlowParserMixin.parseExprOps (/tmp/kavia/workspace/code-generation/tictactoeweb-620896-aa8990a6/tic_tac_toe_frontend/node_modules/@babel/parser/lib/index.js:10581:23)
    at FlowParserMixin.parseMaybeConditional (/tmp/kavia/workspace/code-generation/tictactoeweb-620896-aa8990a6/tic_tac_toe_frontend/node_modules/@babel/parser/lib/index.js:10558:23)

ERROR in [eslint] 
src/App.js
  Line 35:  Parsing error: Unexpected token (35:0)

webpack compiled with 2 errors
Compiling...
Failed to compile.

[eslint] 
src/App.js
Syntax error: Unexpected token (35:0) (35:undefined)
ERROR in ./src/App.js
Module build failed (from ./node_modules/babel-loader/lib/index.js):
SyntaxError: /tmp/kavia/workspace/code-generation/tictactoeweb-620896-aa8990a6/tic_tac_toe_frontend/src/App.js: Unexpected token (35:0)

  33 |       const data = await res.json();
  34 |       setGameId(data.game_id || data.id || null);
> 35 |
     | ^
    at constructor (/tmp/kavia/workspace/code-generation/tictactoeweb-620896-aa8990a6/tic_tac_toe_frontend/node_modules/@babel/parser/lib/index.js:360:19)
    at FlowParserMixin.raise (/tmp/kavia/workspace/code-generation/tictactoeweb-620896-aa8990a6/tic_tac_toe_frontend/node_modules/@babel/parser/lib/index.js:3327:19)
    at FlowParserMixin.unexpected (/tmp/kavia/workspace/code-generation/tictactoeweb-620896-aa8990a6/tic_tac_toe_frontend/node_modules/@babel/parser/lib/index.js:3347:16)
    at FlowParserMixin.parseExprAtom (/tmp/kavia/workspace/code-generation/tictactoeweb-620896-aa8990a6/tic_tac_toe_frontend/node_modules/@babel/parser/lib/index.js:11126:16)
    at FlowParserMixin.parseExprAtom (/tmp/kavia/workspace/code-generation/tictactoeweb-620896-aa8990a6/tic_tac_toe_frontend/node_modules/@babel/parser/lib/index.js:6937:20)
    at FlowParserMixin.parseExprSubscripts (/tmp/kavia/workspace/code-generation/tictactoeweb-620896-aa8990a6/tic_tac_toe_frontend/node_modules/@babel/parser/lib/index.js:10758:23)
    at FlowParserMixin.parseUpdate (/tmp/kavia/workspace/code-generation/tictactoeweb-620896-aa8990a6/tic_tac_toe_frontend/node_modules/@babel/parser/lib/index.js:10743:21)
    at FlowParserMixin.parseMaybeUnary (/tmp/kavia/workspace/code-generation/tictactoeweb-620896-aa8990a6/tic_tac_toe_frontend/node_modules/@babel/parser/lib/index.js:10723:23)
    at FlowParserMixin.parseMaybeUnaryOrPrivate (/tmp/kavia/workspace/code-generation/tictactoeweb-620896-aa8990a6/tic_tac_toe_frontend/node_modules/@babel/parser/lib/index.js:10576:61)
    at FlowParserMixin.parseExprOps (/tmp/kavia/workspace/code-generation/tictactoeweb-620896-aa8990a6/tic_tac_toe_frontend/node_modules/@babel/parser/lib/index.js:10581:23)
    at FlowParserMixin.parseMaybeConditional (/tmp/kavia/workspace/code-generation/tictactoeweb-620896-aa8990a6/tic_tac_toe_frontend/node_modules/@babel/parser/lib/index.js:10558:23)
    at FlowParserMixin.parseMaybeAssign (/tmp/kavia/workspace/code-generation/tictactoeweb-620896-aa8990a6/tic_tac_toe_frontend/node_modules/@babel/parser/lib/index.js:10521:21)
    at FlowParserMixin.parseMaybeAssign (/tmp/kavia/workspace/code-generation/tictactoeweb-620896-aa8990a6/tic_tac_toe_frontend/node_modules/@babel/parser/lib/index.js:5773:18)
    at FlowParserMixin.parseExpressionBase (/tmp/kavia/workspace/code-generation/tictactoeweb-620896-aa8990a6/tic_tac_toe_frontend/node_modules/@babel/parser/lib/index.js:10475:23)
    at /tmp/kavia/workspace/code-generation/tictactoeweb-620896-aa8990a6/tic_tac_toe_frontend/node_modules/@babel/parser/lib/index.js:10471:39
    at FlowParserMixin.allowInAnd (/tmp/kavia/workspace/code-generation/tictactoeweb-620896-aa8990a6/tic_tac_toe_frontend/node_modules/@babel/parser/lib/index.js:12095:16)
    at FlowParserMixin.parseExpression (/tmp/kavia/workspace/code-generation/tictactoeweb-620896-aa8990a6/tic_tac_toe_frontend/node_modules/@babel/parser/lib/index.js:10471:17)
    at FlowParserMixin.parseStatementContent (/tmp/kavia/workspace/code-generation/tictactoeweb-620896-aa8990a6/tic_tac_toe_frontend/node_modules/@babel/parser/lib/index.js:12539:23)
    at FlowParserMixin.parseStatementLike (/tmp/kavia/workspace/code-generation/tictactoeweb-620896-aa8990a6/tic_tac_toe_frontend/node_modules/@babel/parser/lib/index.js:12406:17)
    at FlowParserMixin.parseStatementLike (/tmp/kavia/workspace/code-generation/tictactoeweb-620896-aa8990a6/tic_tac_toe_frontend/node_modules/@babel/parser/lib/index.js:5140:24)
    at FlowParserMixin.parseStatementListItem (/tmp/kavia/workspace/code-generation/tictactoeweb-620896-aa8990a6/tic_tac_toe_frontend/node_modules/@babel/parser/lib/index.js:12386:17)
    at FlowParserMixin.parseBlockOrModuleBlockBody (/tmp/kavia/workspace/code-generation/tictactoeweb-620896-aa8990a6/tic_tac_toe_frontend/node_modules/@babel/parser/lib/index.js:12960:61)
    at FlowParserMixin.parseBlockBody (/tmp/kavia/workspace/code-generation/tictactoeweb-620896-aa8990a6/tic_tac_toe_frontend/node_modules/@babel/parser/lib/index.js:12953:10)
    at FlowParserMixin.parseBlock (/tmp/kavia/workspace/code-generation/tictactoeweb-620896-aa8990a6/tic_tac_toe_frontend/node_modules/@babel/parser/lib/index.js:12941:10)
    at FlowParserMixin.parseTryStatement (/tmp/kavia/workspace/code-generation/tictactoeweb-620896-aa8990a6/tic_tac_toe_frontend/node_modules/@babel/parser/lib/index.js:12849:23)
    at FlowParserMixin.parseStatementContent (/tmp/kavia/workspace/code-generation/tictactoeweb-620896-aa8990a6/tic_tac_toe_frontend/node_modules/@babel/parser/lib/index.js:12443:21)
    at FlowParserMixin.parseStatementLike (/tmp/kavia/workspace/code-generation/tictactoeweb-620896-aa8990a6/tic_tac_toe_frontend/node_modules/@babel/parser/lib/index.js:12406:17)
    at FlowParserMixin.parseStatementLike (/tmp/kavia/workspace/code-generation/tictactoeweb-620896-aa8990a6/tic_tac_toe_frontend/node_modules/@babel/parser/lib/index.js:5140:24)
    at FlowParserMixin.parseStatementListItem (/tmp/kavia/workspace/code-generation/tictactoeweb-620896-aa8990a6/tic_tac_toe_frontend/node_modules/@babel/parser/lib/index.js:12386:17)
    at FlowParserMixin.parseBlockOrModuleBlockBody (/tmp/kavia/workspace/code-generation/tictactoeweb-620896-aa8990a6/tic_tac_toe_frontend/node_modules/@babel/parser/lib/index.js:12960:61)
    at FlowParserMixin.parseBlockBody (/tmp/kavia/workspace/code-generation/tictactoeweb-620896-aa8990a6/tic_tac_toe_frontend/node_modules/@babel/parser/lib/index.js:12953:10)
    at FlowParserMixin.parseBlock (/tmp/kavia/workspace/code-generation/tictactoeweb-620896-aa8990a6/tic_tac_toe_frontend/node_modules/@babel/parser/lib/index.js:12941:10)
    at FlowParserMixin.parseFunctionBody (/tmp/kavia/workspace/code-generation/tictactoeweb-620896-aa8990a6/tic_tac_toe_frontend/node_modules/@babel/parser/lib/index.js:11783:24)
    at /tmp/kavia/workspace/code-generation/tictactoeweb-620896-aa8990a6/tic_tac_toe_frontend/node_modules/@babel/parser/lib/index.js:5114:63
    at FlowParserMixin.forwardNoArrowParamsConversionAt (/tmp/kavia/workspace/code-generation/tictactoeweb-620896-aa8990a6/tic_tac_toe_frontend/node_modules/@babel/parser/lib/index.js:5290:16)
    at FlowParserMixin.parseFunctionBody (/tmp/kavia/workspace/code-generation/tictactoeweb-620896-aa8990a6/tic_tac_toe_frontend/node_modules/@babel/parser/lib/index.js:5114:12)
    at FlowParserMixin.parseArrowExpression (/tmp/kavia/workspace/code-generation/tictactoeweb-620896-aa8990a6/tic_tac_toe_frontend/node_modules/@babel/parser/lib/index.js:11758:10)
    at FlowParserMixin.parseAsyncArrowFromCallExpression (/tmp/kavia/workspace/code-generation/tictactoeweb-620896-aa8990a6/tic_tac_toe_frontend/node_modules/@babel/parser/lib/index.js:10939:10)
    at FlowParserMixin.parseAsyncArrowFromCallExpression (/tmp/kavia/workspace/code-generation/tictactoeweb-620896-aa8990a6/tic_tac_toe_frontend/node_modules/@babel/parser/lib/index.js:5711:18)
    at FlowParserMixin.parseCoverCallAndAsyncArrowHead (/tmp/kavia/workspace/code-generation/tictactoeweb-620896-aa8990a6/tic_tac_toe_frontend/node_modules/@babel/parser/lib/index.js:10869:27)
    at FlowParserMixin.parseSubscript (/tmp/kavia/workspace/code-generation/tictactoeweb-620896-aa8990a6/tic_tac_toe_frontend/node_modules/@babel/parser/lib/index.js:10798:19)
    at FlowParserMixin.parseSubscript (/tmp/kavia/workspace/code-generation/tictactoeweb-620896-aa8990a6/tic_tac_toe_frontend/node_modules/@babel/parser/lib/index.js:5874:18)
    at FlowParserMixin.parseSubscripts (/tmp/kavia/workspace/code-generation/tictactoeweb-620896-aa8990a6/tic_tac_toe_frontend/node_modules/@babel/parser/lib/index.js:10771:19)
    at FlowParserMixin.parseSubscripts (/tmp/kavia/workspace/code-generation/tictactoeweb-620896-aa8990a6/tic_tac_toe_frontend/node_modules/@babel/parser/lib/index.js:5840:18)
    at FlowParserMixin.parseExprSubscripts (/tmp/kavia/workspace/code-generation/tictactoeweb-620896-aa8990a6/tic_tac_toe_frontend/node_modules/@babel/parser/lib/index.js:10762:17)
    at FlowParserMixin.parseUpdate (/tmp/kavia/workspace/code-generation/tictactoeweb-620896-aa8990a6/tic_tac_toe_frontend/node_modules/@babel/parser/lib/index.js:10743:21)
    at FlowParserMixin.parseMaybeUnary (/tmp/kavia/workspace/code-generation/tictactoeweb-620896-aa8990a6/tic_tac_toe_frontend/node_modules/@babel/parser/lib/index.js:10723:23)
    at FlowParserMixin.parseMaybeUnaryOrPrivate (/tmp/kavia/workspace/code-generation/tictactoeweb-620896-aa8990a6/tic_tac_toe_frontend/node_modules/@babel/parser/lib/index.js:10576:61)
    at FlowParserMixin.parseExprOps (/tmp/kavia/workspace/code-generation/tictactoeweb-620896-aa8990a6/tic_tac_toe_frontend/node_modules/@babel/parser/lib/index.js:10581:23)
    at FlowParserMixin.parseMaybeConditional (/tmp/kavia/workspace/code-generation/tictactoeweb-620896-aa8990a6/tic_tac_toe_frontend/node_modules/@babel/parser/lib/index.js:10558:23)

ERROR in [eslint] 
src/App.js
  Line 35:  Parsing error: Unexpected token (35:0)

webpack compiled with 2 errors
Compiling...
Failed to compile.

[eslint] 
src/App.js
Syntax error: Unexpected token (37:0) (37:undefined)
ERROR in ./src/App.js
Module build failed (from ./node_modules/babel-loader/lib/index.js):
SyntaxError: /tmp/kavia/workspace/code-generation/tictactoeweb-620896-aa8990a6/tic_tac_toe_frontend/src/App.js: Unexpected token (37:0)

  35 |       setBoard(data.board || Array(9).fill(""));
  36 |       setIsXsTurn(true);
> 37 |
     | ^
    at constructor (/tmp/kavia/workspace/code-generation/tictactoeweb-620896-aa8990a6/tic_tac_toe_frontend/node_modules/@babel/parser/lib/index.js:360:19)
    at FlowParserMixin.raise (/tmp/kavia/workspace/code-generation/tictactoeweb-620896-aa8990a6/tic_tac_toe_frontend/node_modules/@babel/parser/lib/index.js:3327:19)
    at FlowParserMixin.unexpected (/tmp/kavia/workspace/code-generation/tictactoeweb-620896-aa8990a6/tic_tac_toe_frontend/node_modules/@babel/parser/lib/index.js:3347:16)
    at FlowParserMixin.parseExprAtom (/tmp/kavia/workspace/code-generation/tictactoeweb-620896-aa8990a6/tic_tac_toe_frontend/node_modules/@babel/parser/lib/index.js:11126:16)
    at FlowParserMixin.parseExprAtom (/tmp/kavia/workspace/code-generation/tictactoeweb-620896-aa8990a6/tic_tac_toe_frontend/node_modules/@babel/parser/lib/index.js:6937:20)
    at FlowParserMixin.parseExprSubscripts (/tmp/kavia/workspace/code-generation/tictactoeweb-620896-aa8990a6/tic_tac_toe_frontend/node_modules/@babel/parser/lib/index.js:10758:23)
    at FlowParserMixin.parseUpdate (/tmp/kavia/workspace/code-generation/tictactoeweb-620896-aa8990a6/tic_tac_toe_frontend/node_modules/@babel/parser/lib/index.js:10743:21)
    at FlowParserMixin.parseMaybeUnary (/tmp/kavia/workspace/code-generation/tictactoeweb-620896-aa8990a6/tic_tac_toe_frontend/node_modules/@babel/parser/lib/index.js:10723:23)
    at FlowParserMixin.parseMaybeUnaryOrPrivate (/tmp/kavia/workspace/code-generation/tictactoeweb-620896-aa8990a6/tic_tac_toe_frontend/node_modules/@babel/parser/lib/index.js:10576:61)
    at FlowParserMixin.parseExprOps (/tmp/kavia/workspace/code-generation/tictactoeweb-620896-aa8990a6/tic_tac_toe_frontend/node_modules/@babel/parser/lib/index.js:10581:23)
    at FlowParserMixin.parseMaybeConditional (/tmp/kavia/workspace/code-generation/tictactoeweb-620896-aa8990a6/tic_tac_toe_frontend/node_modules/@babel/parser/lib/index.js:10558:23)
    at FlowParserMixin.parseMaybeAssign (/tmp/kavia/workspace/code-generation/tictactoeweb-620896-aa8990a6/tic_tac_toe_frontend/node_modules/@babel/parser/lib/index.js:10521:21)
    at FlowParserMixin.parseMaybeAssign (/tmp/kavia/workspace/code-generation/tictactoeweb-620896-aa8990a6/tic_tac_toe_frontend/node_modules/@babel/parser/lib/index.js:5773:18)
    at FlowParserMixin.parseExpressionBase (/tmp/kavia/workspace/code-generation/tictactoeweb-620896-aa8990a6/tic_tac_toe_frontend/node_modules/@babel/parser/lib/index.js:10475:23)
    at /tmp/kavia/workspace/code-generation/tictactoeweb-620896-aa8990a6/tic_tac_toe_frontend/node_modules/@babel/parser/lib/index.js:10471:39
    at FlowParserMixin.allowInAnd (/tmp/kavia/workspace/code-generation/tictactoeweb-620896-aa8990a6/tic_tac_toe_frontend/node_modules/@babel/parser/lib/index.js:12095:16)
    at FlowParserMixin.parseExpression (/tmp/kavia/workspace/code-generation/tictactoeweb-620896-aa8990a6/tic_tac_toe_frontend/node_modules/@babel/parser/lib/index.js:10471:17)
    at FlowParserMixin.parseStatementContent (/tmp/kavia/workspace/code-generation/tictactoeweb-620896-aa8990a6/tic_tac_toe_frontend/node_modules/@babel/parser/lib/index.js:12539:23)
    at FlowParserMixin.parseStatementLike (/tmp/kavia/workspace/code-generation/tictactoeweb-620896-aa8990a6/tic_tac_toe_frontend/node_modules/@babel/parser/lib/index.js:12406:17)
    at FlowParserMixin.parseStatementLike (/tmp/kavia/workspace/code-generation/tictactoeweb-620896-aa8990a6/tic_tac_toe_frontend/node_modules/@babel/parser/lib/index.js:5140:24)
    at FlowParserMixin.parseStatementListItem (/tmp/kavia/workspace/code-generation/tictactoeweb-620896-aa8990a6/tic_tac_toe_frontend/node_modules/@babel/parser/lib/index.js:12386:17)
    at FlowParserMixin.parseBlockOrModuleBlockBody (/tmp/kavia/workspace/code-generation/tictactoeweb-620896-aa8990a6/tic_tac_toe_frontend/node_modules/@babel/parser/lib/index.js:12960:61)
    at FlowParserMixin.parseBlockBody (/tmp/kavia/workspace/code-generation/tictactoeweb-620896-aa8990a6/tic_tac_toe_frontend/node_modules/@babel/parser/lib/index.js:12953:10)
    at FlowParserMixin.parseBlock (/tmp/kavia/workspace/code-generation/tictactoeweb-620896-aa8990a6/tic_tac_toe_frontend/node_modules/@babel/parser/lib/index.js:12941:10)
    at FlowParserMixin.parseTryStatement (/tmp/kavia/workspace/code-generation/tictactoeweb-620896-aa8990a6/tic_tac_toe_frontend/node_modules/@babel/parser/lib/index.js:12849:23)
    at FlowParserMixin.parseStatementContent (/tmp/kavia/workspace/code-generation/tictactoeweb-620896-aa8990a6/tic_tac_toe_frontend/node_modules/@babel/parser/lib/index.js:12443:21)
    at FlowParserMixin.parseStatementLike (/tmp/kavia/workspace/code-generation/tictactoeweb-620896-aa8990a6/tic_tac_toe_frontend/node_modules/@babel/parser/lib/index.js:12406:17)
    at FlowParserMixin.parseStatementLike (/tmp/kavia/workspace/code-generation/tictactoeweb-620896-aa8990a6/tic_tac_toe_frontend/node_modules/@babel/parser/lib/index.js:5140:24)
    at FlowParserMixin.parseStatementListItem (/tmp/kavia/workspace/code-generation/tictactoeweb-620896-aa8990a6/tic_tac_toe_frontend/node_modules/@babel/parser/lib/index.js:12386:17)
    at FlowParserMixin.parseBlockOrModuleBlockBody (/tmp/kavia/workspace/code-generation/tictactoeweb-620896-aa8990a6/tic_tac_toe_frontend/node_modules/@babel/parser/lib/index.js:12960:61)
    at FlowParserMixin.parseBlockBody (/tmp/kavia/workspace/code-generation/tictactoeweb-620896-aa8990a6/tic_tac_toe_frontend/node_modules/@babel/parser/lib/index.js:12953:10)
    at FlowParserMixin.parseBlock (/tmp/kavia/workspace/code-generation/tictactoeweb-620896-aa8990a6/tic_tac_toe_frontend/node_modules/@babel/parser/lib/index.js:12941:10)
    at FlowParserMixin.parseFunctionBody (/tmp/kavia/workspace/code-generation/tictactoeweb-620896-aa8990a6/tic_tac_toe_frontend/node_modules/@babel/parser/lib/index.js:11783:24)
    at /tmp/kavia/workspace/code-generation/tictactoeweb-620896-aa8990a6/tic_tac_toe_frontend/node_modules/@babel/parser/lib/index.js:5114:63
    at FlowParserMixin.forwardNoArrowParamsConversionAt (/tmp/kavia/workspace/code-generation/tictactoeweb-620896-aa8990a6/tic_tac_toe_frontend/node_modules/@babel/parser/lib/index.js:5290:16)
    at FlowParserMixin.parseFunctionBody (/tmp/kavia/workspace/code-generation/tictactoeweb-620896-aa8990a6/tic_tac_toe_frontend/node_modules/@babel/parser/lib/index.js:5114:12)
    at FlowParserMixin.parseArrowExpression (/tmp/kavia/workspace/code-generation/tictactoeweb-620896-aa8990a6/tic_tac_toe_frontend/node_modules/@babel/parser/lib/index.js:11758:10)
    at FlowParserMixin.parseAsyncArrowFromCallExpression (/tmp/kavia/workspace/code-generation/tictactoeweb-620896-aa8990a6/tic_tac_toe_frontend/node_modules/@babel/parser/lib/index.js:10939:10)
    at FlowParserMixin.parseAsyncArrowFromCallExpression (/tmp/kavia/workspace/code-generation/tictactoeweb-620896-aa8990a6/tic_tac_toe_frontend/node_modules/@babel/parser/lib/index.js:5711:18)
    at FlowParserMixin.parseCoverCallAndAsyncArrowHead (/tmp/kavia/workspace/code-generation/tictactoeweb-620896-aa8990a6/tic_tac_toe_frontend/node_modules/@babel/parser/lib/index.js:10869:27)
    at FlowParserMixin.parseSubscript (/tmp/kavia/workspace/code-generation/tictactoeweb-620896-aa8990a6/tic_tac_toe_frontend/node_modules/@babel/parser/lib/index.js:10798:19)
    at FlowParserMixin.parseSubscript (/tmp/kavia/workspace/code-generation/tictactoeweb-620896-aa8990a6/tic_tac_toe_frontend/node_modules/@babel/parser/lib/index.js:5874:18)
    at FlowParserMixin.parseSubscripts (/tmp/kavia/workspace/code-generation/tictactoeweb-620896-aa8990a6/tic_tac_toe_frontend/node_modules/@babel/parser/lib/index.js:10771:19)
    at FlowParserMixin.parseSubscripts (/tmp/kavia/workspace/code-generation/tictactoeweb-620896-aa8990a6/tic_tac_toe_frontend/node_modules/@babel/parser/lib/index.js:5840:18)
    at FlowParserMixin.parseExprSubscripts (/tmp/kavia/workspace/code-generation/tictactoeweb-620896-aa8990a6/tic_tac_toe_frontend/node_modules/@babel/parser/lib/index.js:10762:17)
    at FlowParserMixin.parseUpdate (/tmp/kavia/workspace/code-generation/tictactoeweb-620896-aa8990a6/tic_tac_toe_frontend/node_modules/@babel/parser/lib/index.js:10743:21)
    at FlowParserMixin.parseMaybeUnary (/tmp/kavia/workspace/code-generation/tictactoeweb-620896-aa8990a6/tic_tac_toe_frontend/node_modules/@babel/parser/lib/index.js:10723:23)
    at FlowParserMixin.parseMaybeUnaryOrPrivate (/tmp/kavia/workspace/code-generation/tictactoeweb-620896-aa8990a6/tic_tac_toe_frontend/node_modules/@babel/parser/lib/index.js:10576:61)
    at FlowParserMixin.parseExprOps (/tmp/kavia/workspace/code-generation/tictactoeweb-620896-aa8990a6/tic_tac_toe_frontend/node_modules/@babel/parser/lib/index.js:10581:23)
    at FlowParserMixin.parseMaybeConditional (/tmp/kavia/workspace/code-generation/tictactoeweb-620896-aa8990a6/tic_tac_toe_frontend/node_modules/@babel/parser/lib/index.js:10558:23)

ERROR in [eslint] 
src/App.js
  Line 37:  Parsing error: Unexpected token (37:0)

webpack compiled with 2 errors
Compiling...
Failed to compile.

[eslint] 
src/App.js
Syntax error: Unexpected reserved word 'await'. (32:18) (32:18)
ERROR in ./src/App.js
Module build failed (from ./node_modules/babel-loader/lib/index.js):
SyntaxError: /tmp/kavia/workspace/code-generation/tictactoeweb-620896-aa8990a6/tic_tac_toe_frontend/src/App.js: Unexpected reserved word 'await'. (32:18)

  30 |     try {
  31 |       // POST to backend's "start game" endpoint
> 32 |       const res = await fetch(`${API_BASE_URL}/start`, { method: "POST" });
     |                   ^
  33 |       const data = await res.json();
  34 |       setGameId(data.game_id || data.id || null);
  35 |       setBoard(data.board || Array(9).fill(""));
    at constructor (/tmp/kavia/workspace/code-generation/tictactoeweb-620896-aa8990a6/tic_tac_toe_frontend/node_modules/@babel/parser/lib/index.js:360:19)
    at FlowParserMixin.raise (/tmp/kavia/workspace/code-generation/tictactoeweb-620896-aa8990a6/tic_tac_toe_frontend/node_modules/@babel/parser/lib/index.js:3327:19)
    at FlowParserMixin.checkReservedWord (/tmp/kavia/workspace/code-generation/tictactoeweb-620896-aa8990a6/tic_tac_toe_frontend/node_modules/@babel/parser/lib/index.js:11909:12)
    at FlowParserMixin.parseIdentifierName (/tmp/kavia/workspace/code-generation/tictactoeweb-620896-aa8990a6/tic_tac_toe_frontend/node_modules/@babel/parser/lib/index.js:11889:12)
    at FlowParserMixin.parseIdentifier (/tmp/kavia/workspace/code-generation/tictactoeweb-620896-aa8990a6/tic_tac_toe_frontend/node_modules/@babel/parser/lib/index.js:11864:23)
    at FlowParserMixin.parseExprAtom (/tmp/kavia/workspace/code-generation/tictactoeweb-620896-aa8990a6/tic_tac_toe_frontend/node_modules/@babel/parser/lib/index.js:11100:27)
    at FlowParserMixin.parseExprAtom (/tmp/kavia/workspace/code-generation/tictactoeweb-620896-aa8990a6/tic_tac_toe_frontend/node_modules/@babel/parser/lib/index.js:6937:20)
    at FlowParserMixin.parseExprSubscripts (/tmp/kavia/workspace/code-generation/tictactoeweb-620896-aa8990a6/tic_tac_toe_frontend/node_modules/@babel/parser/lib/index.js:10758:23)
    at FlowParserMixin.parseUpdate (/tmp/kavia/workspace/code-generation/tictactoeweb-620896-aa8990a6/tic_tac_toe_frontend/node_modules/@babel/parser/lib/index.js:10743:21)
    at FlowParserMixin.parseMaybeUnary (/tmp/kavia/workspace/code-generation/tictactoeweb-620896-aa8990a6/tic_tac_toe_frontend/node_modules/@babel/parser/lib/index.js:10723:23)
    at FlowParserMixin.parseMaybeUnaryOrPrivate (/tmp/kavia/workspace/code-generation/tictactoeweb-620896-aa8990a6/tic_tac_toe_frontend/node_modules/@babel/parser/lib/index.js:10576:61)
    at FlowParserMixin.parseExprOps (/tmp/kavia/workspace/code-generation/tictactoeweb-620896-aa8990a6/tic_tac_toe_frontend/node_modules/@babel/parser/lib/index.js:10581:23)
    at FlowParserMixin.parseMaybeConditional (/tmp/kavia/workspace/code-generation/tictactoeweb-620896-aa8990a6/tic_tac_toe_frontend/node_modules/@babel/parser/lib/index.js:10558:23)
    at FlowParserMixin.parseMaybeAssign (/tmp/kavia/workspace/code-generation/tictactoeweb-620896-aa8990a6/tic_tac_toe_frontend/node_modules/@babel/parser/lib/index.js:10521:21)
    at FlowParserMixin.parseMaybeAssign (/tmp/kavia/workspace/code-generation/tictactoeweb-620896-aa8990a6/tic_tac_toe_frontend/node_modules/@babel/parser/lib/index.js:5773:18)
    at /tmp/kavia/workspace/code-generation/tictactoeweb-620896-aa8990a6/tic_tac_toe_frontend/node_modules/@babel/parser/lib/index.js:10491:39
    at FlowParserMixin.allowInAnd (/tmp/kavia/workspace/code-generation/tictactoeweb-620896-aa8990a6/tic_tac_toe_frontend/node_modules/@babel/parser/lib/index.js:12095:16)
    at FlowParserMixin.parseMaybeAssignAllowIn (/tmp/kavia/workspace/code-generation/tictactoeweb-620896-aa8990a6/tic_tac_toe_frontend/node_modules/@babel/parser/lib/index.js:10491:17)
    at FlowParserMixin.parseVar (/tmp/kavia/workspace/code-generation/tictactoeweb-620896-aa8990a6/tic_tac_toe_frontend/node_modules/@babel/parser/lib/index.js:13028:91)
    at FlowParserMixin.parseVarStatement (/tmp/kavia/workspace/code-generation/tictactoeweb-620896-aa8990a6/tic_tac_toe_frontend/node_modules/@babel/parser/lib/index.js:12874:10)
    at FlowParserMixin.parseStatementContent (/tmp/kavia/workspace/code-generation/tictactoeweb-620896-aa8990a6/tic_tac_toe_frontend/node_modules/@babel/parser/lib/index.js:12489:23)
    at FlowParserMixin.parseStatementLike (/tmp/kavia/workspace/code-generation/tictactoeweb-620896-aa8990a6/tic_tac_toe_frontend/node_modules/@babel/parser/lib/index.js:12406:17)
    at FlowParserMixin.parseStatementLike (/tmp/kavia/workspace/code-generation/tictactoeweb-620896-aa8990a6/tic_tac_toe_frontend/node_modules/@babel/parser/lib/index.js:5140:24)
    at FlowParserMixin.parseStatementListItem (/tmp/kavia/workspace/code-generation/tictactoeweb-620896-aa8990a6/tic_tac_toe_frontend/node_modules/@babel/parser/lib/index.js:12386:17)
    at FlowParserMixin.parseBlockOrModuleBlockBody (/tmp/kavia/workspace/code-generation/tictactoeweb-620896-aa8990a6/tic_tac_toe_frontend/node_modules/@babel/parser/lib/index.js:12960:61)
    at FlowParserMixin.parseBlockBody (/tmp/kavia/workspace/code-generation/tictactoeweb-620896-aa8990a6/tic_tac_toe_frontend/node_modules/@babel/parser/lib/index.js:12953:10)
    at FlowParserMixin.parseBlock (/tmp/kavia/workspace/code-generation/tictactoeweb-620896-aa8990a6/tic_tac_toe_frontend/node_modules/@babel/parser/lib/index.js:12941:10)
    at FlowParserMixin.parseTryStatement (/tmp/kavia/workspace/code-generation/tictactoeweb-620896-aa8990a6/tic_tac_toe_frontend/node_modules/@babel/parser/lib/index.js:12849:23)
    at FlowParserMixin.parseStatementContent (/tmp/kavia/workspace/code-generation/tictactoeweb-620896-aa8990a6/tic_tac_toe_frontend/node_modules/@babel/parser/lib/index.js:12443:21)
    at FlowParserMixin.parseStatementLike (/tmp/kavia/workspace/code-generation/tictactoeweb-620896-aa8990a6/tic_tac_toe_frontend/node_modules/@babel/parser/lib/index.js:12406:17)
    at FlowParserMixin.parseStatementLike (/tmp/kavia/workspace/code-generation/tictactoeweb-620896-aa8990a6/tic_tac_toe_frontend/node_modules/@babel/parser/lib/index.js:5140:24)
    at FlowParserMixin.parseStatementListItem (/tmp/kavia/workspace/code-generation/tictactoeweb-620896-aa8990a6/tic_tac_toe_frontend/node_modules/@babel/parser/lib/index.js:12386:17)
    at FlowParserMixin.parseBlockOrModuleBlockBody (/tmp/kavia/workspace/code-generation/tictactoeweb-620896-aa8990a6/tic_tac_toe_frontend/node_modules/@babel/parser/lib/index.js:12960:61)
    at FlowParserMixin.parseBlockBody (/tmp/kavia/workspace/code-generation/tictactoeweb-620896-aa8990a6/tic_tac_toe_frontend/node_modules/@babel/parser/lib/index.js:12953:10)
    at FlowParserMixin.parseBlock (/tmp/kavia/workspace/code-generation/tictactoeweb-620896-aa8990a6/tic_tac_toe_frontend/node_modules/@babel/parser/lib/index.js:12941:10)
    at FlowParserMixin.parseFunctionBody (/tmp/kavia/workspace/code-generation/tictactoeweb-620896-aa8990a6/tic_tac_toe_frontend/node_modules/@babel/parser/lib/index.js:11783:24)
    at FlowParserMixin.parseFunctionBody (/tmp/kavia/workspace/code-generation/tictactoeweb-620896-aa8990a6/tic_tac_toe_frontend/node_modules/@babel/parser/lib/index.js:5117:11)
    at FlowParserMixin.parseFunctionBodyAndFinish (/tmp/kavia/workspace/code-generation/tictactoeweb-620896-aa8990a6/tic_tac_toe_frontend/node_modules/@babel/parser/lib/index.js:11769:10)
    at FlowParserMixin.parseFunctionBodyAndFinish (/tmp/kavia/workspace/code-generation/tictactoeweb-620896-aa8990a6/tic_tac_toe_frontend/node_modules/@babel/parser/lib/index.js:5125:18)
    at /tmp/kavia/workspace/code-generation/tictactoeweb-620896-aa8990a6/tic_tac_toe_frontend/node_modules/@babel/parser/lib/index.js:13085:12
    at FlowParserMixin.withSmartMixTopicForbiddingContext (/tmp/kavia/workspace/code-generation/tictactoeweb-620896-aa8990a6/tic_tac_toe_frontend/node_modules/@babel/parser/lib/index.js:12077:14)
    at FlowParserMixin.parseFunction (/tmp/kavia/workspace/code-generation/tictactoeweb-620896-aa8990a6/tic_tac_toe_frontend/node_modules/@babel/parser/lib/index.js:13084:10)
    at FlowParserMixin.parseFunctionStatement (/tmp/kavia/workspace/code-generation/tictactoeweb-620896-aa8990a6/tic_tac_toe_frontend/node_modules/@babel/parser/lib/index.js:12769:17)
    at FlowParserMixin.parseStatementContent (/tmp/kavia/workspace/code-generation/tictactoeweb-620896-aa8990a6/tic_tac_toe_frontend/node_modules/@babel/parser/lib/index.js:12430:21)
    at FlowParserMixin.parseStatementLike (/tmp/kavia/workspace/code-generation/tictactoeweb-620896-aa8990a6/tic_tac_toe_frontend/node_modules/@babel/parser/lib/index.js:12406:17)
    at FlowParserMixin.parseStatementLike (/tmp/kavia/workspace/code-generation/tictactoeweb-620896-aa8990a6/tic_tac_toe_frontend/node_modules/@babel/parser/lib/index.js:5140:24)
    at FlowParserMixin.parseModuleItem (/tmp/kavia/workspace/code-generation/tictactoeweb-620896-aa8990a6/tic_tac_toe_frontend/node_modules/@babel/parser/lib/index.js:12383:17)
    at FlowParserMixin.parseBlockOrModuleBlockBody (/tmp/kavia/workspace/code-generation/tictactoeweb-620896-aa8990a6/tic_tac_toe_frontend/node_modules/@babel/parser/lib/index.js:12960:36)
    at FlowParserMixin.parseBlockBody (/tmp/kavia/workspace/code-generation/tictactoeweb-620896-aa8990a6/tic_tac_toe_frontend/node_modules/@babel/parser/lib/index.js:12953:10)
    at FlowParserMixin.parseProgram (/tmp/kavia/workspace/code-generation/tictactoeweb-620896-aa8990a6/tic_tac_toe_frontend/node_modules/@babel/parser/lib/index.js:12280:10)

ERROR in [eslint] 
src/App.js
  Line 32:18:  Parsing error: Unexpected reserved word 'await'. (32:18)

webpack compiled with 2 errors
Compiling...
Failed to compile.

[eslint] 
src/App.js
Syntax error: Unexpected reserved word 'await'. (32:18) (32:18)
ERROR in ./src/App.js
Module build failed (from ./node_modules/babel-loader/lib/index.js):
SyntaxError: /tmp/kavia/workspace/code-generation/tictactoeweb-620896-aa8990a6/tic_tac_toe_frontend/src/App.js: Unexpected reserved word 'await'. (32:18)

  30 |     try {
  31 |       // POST to backend's "start game" endpoint
> 32 |       const res = await fetch(`${API_BASE_URL}/start`, { method: "POST" });
     |                   ^
  33 |       const data = await res.json();
  34 |       setGameId(data.game_id || data.id || null);
  35 |       setBoard(data.board || Array(9).fill(""));
    at constructor (/tmp/kavia/workspace/code-generation/tictactoeweb-620896-aa8990a6/tic_tac_toe_frontend/node_modules/@babel/parser/lib/index.js:360:19)
    at FlowParserMixin.raise (/tmp/kavia/workspace/code-generation/tictactoeweb-620896-aa8990a6/tic_tac_toe_frontend/node_modules/@babel/parser/lib/index.js:3327:19)
    at FlowParserMixin.checkReservedWord (/tmp/kavia/workspace/code-generation/tictactoeweb-620896-aa8990a6/tic_tac_toe_frontend/node_modules/@babel/parser/lib/index.js:11909:12)
    at FlowParserMixin.parseIdentifierName (/tmp/kavia/workspace/code-generation/tictactoeweb-620896-aa8990a6/tic_tac_toe_frontend/node_modules/@babel/parser/lib/index.js:11889:12)
    at FlowParserMixin.parseIdentifier (/tmp/kavia/workspace/code-generation/tictactoeweb-620896-aa8990a6/tic_tac_toe_frontend/node_modules/@babel/parser/lib/index.js:11864:23)
    at FlowParserMixin.parseExprAtom (/tmp/kavia/workspace/code-generation/tictactoeweb-620896-aa8990a6/tic_tac_toe_frontend/node_modules/@babel/parser/lib/index.js:11100:27)
    at FlowParserMixin.parseExprAtom (/tmp/kavia/workspace/code-generation/tictactoeweb-620896-aa8990a6/tic_tac_toe_frontend/node_modules/@babel/parser/lib/index.js:6937:20)
    at FlowParserMixin.parseExprSubscripts (/tmp/kavia/workspace/code-generation/tictactoeweb-620896-aa8990a6/tic_tac_toe_frontend/node_modules/@babel/parser/lib/index.js:10758:23)
    at FlowParserMixin.parseUpdate (/tmp/kavia/workspace/code-generation/tictactoeweb-620896-aa8990a6/tic_tac_toe_frontend/node_modules/@babel/parser/lib/index.js:10743:21)
    at FlowParserMixin.parseMaybeUnary (/tmp/kavia/workspace/code-generation/tictactoeweb-620896-aa8990a6/tic_tac_toe_frontend/node_modules/@babel/parser/lib/index.js:10723:23)
    at FlowParserMixin.parseMaybeUnaryOrPrivate (/tmp/kavia/workspace/code-generation/tictactoeweb-620896-aa8990a6/tic_tac_toe_frontend/node_modules/@babel/parser/lib/index.js:10576:61)
    at FlowParserMixin.parseExprOps (/tmp/kavia/workspace/code-generation/tictactoeweb-620896-aa8990a6/tic_tac_toe_frontend/node_modules/@babel/parser/lib/index.js:10581:23)
    at FlowParserMixin.parseMaybeConditional (/tmp/kavia/workspace/code-generation/tictactoeweb-620896-aa8990a6/tic_tac_toe_frontend/node_modules/@babel/parser/lib/index.js:10558:23)
    at FlowParserMixin.parseMaybeAssign (/tmp/kavia/workspace/code-generation/tictactoeweb-620896-aa8990a6/tic_tac_toe_frontend/node_modules/@babel/parser/lib/index.js:10521:21)
    at FlowParserMixin.parseMaybeAssign (/tmp/kavia/workspace/code-generation/tictactoeweb-620896-aa8990a6/tic_tac_toe_frontend/node_modules/@babel/parser/lib/index.js:5773:18)
    at /tmp/kavia/workspace/code-generation/tictactoeweb-620896-aa8990a6/tic_tac_toe_frontend/node_modules/@babel/parser/lib/index.js:10491:39
    at FlowParserMixin.allowInAnd (/tmp/kavia/workspace/code-generation/tictactoeweb-620896-aa8990a6/tic_tac_toe_frontend/node_modules/@babel/parser/lib/index.js:12095:16)
    at FlowParserMixin.parseMaybeAssignAllowIn (/tmp/kavia/workspace/code-generation/tictactoeweb-620896-aa8990a6/tic_tac_toe_frontend/node_modules/@babel/parser/lib/index.js:10491:17)
    at FlowParserMixin.parseVar (/tmp/kavia/workspace/code-generation/tictactoeweb-620896-aa8990a6/tic_tac_toe_frontend/node_modules/@babel/parser/lib/index.js:13028:91)
    at FlowParserMixin.parseVarStatement (/tmp/kavia/workspace/code-generation/tictactoeweb-620896-aa8990a6/tic_tac_toe_frontend/node_modules/@babel/parser/lib/index.js:12874:10)
    at FlowParserMixin.parseStatementContent (/tmp/kavia/workspace/code-generation/tictactoeweb-620896-aa8990a6/tic_tac_toe_frontend/node_modules/@babel/parser/lib/index.js:12489:23)
    at FlowParserMixin.parseStatementLike (/tmp/kavia/workspace/code-generation/tictactoeweb-620896-aa8990a6/tic_tac_toe_frontend/node_modules/@babel/parser/lib/index.js:12406:17)
    at FlowParserMixin.parseStatementLike (/tmp/kavia/workspace/code-generation/tictactoeweb-620896-aa8990a6/tic_tac_toe_frontend/node_modules/@babel/parser/lib/index.js:5140:24)
    at FlowParserMixin.parseStatementListItem (/tmp/kavia/workspace/code-generation/tictactoeweb-620896-aa8990a6/tic_tac_toe_frontend/node_modules/@babel/parser/lib/index.js:12386:17)
    at FlowParserMixin.parseBlockOrModuleBlockBody (/tmp/kavia/workspace/code-generation/tictactoeweb-620896-aa8990a6/tic_tac_toe_frontend/node_modules/@babel/parser/lib/index.js:12960:61)
    at FlowParserMixin.parseBlockBody (/tmp/kavia/workspace/code-generation/tictactoeweb-620896-aa8990a6/tic_tac_toe_frontend/node_modules/@babel/parser/lib/index.js:12953:10)
    at FlowParserMixin.parseBlock (/tmp/kavia/workspace/code-generation/tictactoeweb-620896-aa8990a6/tic_tac_toe_frontend/node_modules/@babel/parser/lib/index.js:12941:10)
    at FlowParserMixin.parseTryStatement (/tmp/kavia/workspace/code-generation/tictactoeweb-620896-aa8990a6/tic_tac_toe_frontend/node_modules/@babel/parser/lib/index.js:12849:23)
    at FlowParserMixin.parseStatementContent (/tmp/kavia/workspace/code-generation/tictactoeweb-620896-aa8990a6/tic_tac_toe_frontend/node_modules/@babel/parser/lib/index.js:12443:21)
    at FlowParserMixin.parseStatementLike (/tmp/kavia/workspace/code-generation/tictactoeweb-620896-aa8990a6/tic_tac_toe_frontend/node_modules/@babel/parser/lib/index.js:12406:17)
    at FlowParserMixin.parseStatementLike (/tmp/kavia/workspace/code-generation/tictactoeweb-620896-aa8990a6/tic_tac_toe_frontend/node_modules/@babel/parser/lib/index.js:5140:24)
    at FlowParserMixin.parseStatementListItem (/tmp/kavia/workspace/code-generation/tictactoeweb-620896-aa8990a6/tic_tac_toe_frontend/node_modules/@babel/parser/lib/index.js:12386:17)
    at FlowParserMixin.parseBlockOrModuleBlockBody (/tmp/kavia/workspace/code-generation/tictactoeweb-620896-aa8990a6/tic_tac_toe_frontend/node_modules/@babel/parser/lib/index.js:12960:61)
    at FlowParserMixin.parseBlockBody (/tmp/kavia/workspace/code-generation/tictactoeweb-620896-aa8990a6/tic_tac_toe_frontend/node_modules/@babel/parser/lib/index.js:12953:10)
    at FlowParserMixin.parseBlock (/tmp/kavia/workspace/code-generation/tictactoeweb-620896-aa8990a6/tic_tac_toe_frontend/node_modules/@babel/parser/lib/index.js:12941:10)
    at FlowParserMixin.parseFunctionBody (/tmp/kavia/workspace/code-generation/tictactoeweb-620896-aa8990a6/tic_tac_toe_frontend/node_modules/@babel/parser/lib/index.js:11783:24)
    at FlowParserMixin.parseFunctionBody (/tmp/kavia/workspace/code-generation/tictactoeweb-620896-aa8990a6/tic_tac_toe_frontend/node_modules/@babel/parser/lib/index.js:5117:11)
    at FlowParserMixin.parseFunctionBodyAndFinish (/tmp/kavia/workspace/code-generation/tictactoeweb-620896-aa8990a6/tic_tac_toe_frontend/node_modules/@babel/parser/lib/index.js:11769:10)
    at FlowParserMixin.parseFunctionBodyAndFinish (/tmp/kavia/workspace/code-generation/tictactoeweb-620896-aa8990a6/tic_tac_toe_frontend/node_modules/@babel/parser/lib/index.js:5125:18)
    at /tmp/kavia/workspace/code-generation/tictactoeweb-620896-aa8990a6/tic_tac_toe_frontend/node_modules/@babel/parser/lib/index.js:13085:12
    at FlowParserMixin.withSmartMixTopicForbiddingContext (/tmp/kavia/workspace/code-generation/tictactoeweb-620896-aa8990a6/tic_tac_toe_frontend/node_modules/@babel/parser/lib/index.js:12077:14)
    at FlowParserMixin.parseFunction (/tmp/kavia/workspace/code-generation/tictactoeweb-620896-aa8990a6/tic_tac_toe_frontend/node_modules/@babel/parser/lib/index.js:13084:10)
    at FlowParserMixin.parseFunctionStatement (/tmp/kavia/workspace/code-generation/tictactoeweb-620896-aa8990a6/tic_tac_toe_frontend/node_modules/@babel/parser/lib/index.js:12769:17)
    at FlowParserMixin.parseStatementContent (/tmp/kavia/workspace/code-generation/tictactoeweb-620896-aa8990a6/tic_tac_toe_frontend/node_modules/@babel/parser/lib/index.js:12430:21)
    at FlowParserMixin.parseStatementLike (/tmp/kavia/workspace/code-generation/tictactoeweb-620896-aa8990a6/tic_tac_toe_frontend/node_modules/@babel/parser/lib/index.js:12406:17)
    at FlowParserMixin.parseStatementLike (/tmp/kavia/workspace/code-generation/tictactoeweb-620896-aa8990a6/tic_tac_toe_frontend/node_modules/@babel/parser/lib/index.js:5140:24)
    at FlowParserMixin.parseModuleItem (/tmp/kavia/workspace/code-generation/tictactoeweb-620896-aa8990a6/tic_tac_toe_frontend/node_modules/@babel/parser/lib/index.js:12383:17)
    at FlowParserMixin.parseBlockOrModuleBlockBody (/tmp/kavia/workspace/code-generation/tictactoeweb-620896-aa8990a6/tic_tac_toe_frontend/node_modules/@babel/parser/lib/index.js:12960:36)
    at FlowParserMixin.parseBlockBody (/tmp/kavia/workspace/code-generation/tictactoeweb-620896-aa8990a6/tic_tac_toe_frontend/node_modules/@babel/parser/lib/index.js:12953:10)
    at FlowParserMixin.parseProgram (/tmp/kavia/workspace/code-generation/tictactoeweb-620896-aa8990a6/tic_tac_toe_frontend/node_modules/@babel/parser/lib/index.js:12280:10)

ERROR in [eslint] 
src/App.js
  Line 32:18:  Parsing error: Unexpected reserved word 'await'. (32:18)

webpack compiled with 2 errors
Compiling...
Failed to compile.

[eslint] 
src/App.js
Syntax error: Unexpected reserved word 'await'. (32:18) (32:18)
ERROR in ./src/App.js
Module build failed (from ./node_modules/babel-loader/lib/index.js):
SyntaxError: /tmp/kavia/workspace/code-generation/tictactoeweb-620896-aa8990a6/tic_tac_toe_frontend/src/App.js: Unexpected reserved word 'await'. (32:18)

  30 |     try {
  31 |       // POST to backend's "start game" endpoint
> 32 |       const res = await fetch(`${API_BASE_URL}/start`, { method: "POST" });
     |                   ^
  33 |       const data = await res.json();
  34 |       setGameId(data.game_id || data.id || null);
  35 |       setBoard(data.board || Array(9).fill(""));
    at constructor (/tmp/kavia/workspace/code-generation/tictactoeweb-620896-aa8990a6/tic_tac_toe_frontend/node_modules/@babel/parser/lib/index.js:360:19)
    at FlowParserMixin.raise (/tmp/kavia/workspace/code-generation/tictactoeweb-620896-aa8990a6/tic_tac_toe_frontend/node_modules/@babel/parser/lib/index.js:3327:19)
    at FlowParserMixin.checkReservedWord (/tmp/kavia/workspace/code-generation/tictactoeweb-620896-aa8990a6/tic_tac_toe_frontend/node_modules/@babel/parser/lib/index.js:11909:12)
    at FlowParserMixin.parseIdentifierName (/tmp/kavia/workspace/code-generation/tictactoeweb-620896-aa8990a6/tic_tac_toe_frontend/node_modules/@babel/parser/lib/index.js:11889:12)
    at FlowParserMixin.parseIdentifier (/tmp/kavia/workspace/code-generation/tictactoeweb-620896-aa8990a6/tic_tac_toe_frontend/node_modules/@babel/parser/lib/index.js:11864:23)
    at FlowParserMixin.parseExprAtom (/tmp/kavia/workspace/code-generation/tictactoeweb-620896-aa8990a6/tic_tac_toe_frontend/node_modules/@babel/parser/lib/index.js:11100:27)
    at FlowParserMixin.parseExprAtom (/tmp/kavia/workspace/code-generation/tictactoeweb-620896-aa8990a6/tic_tac_toe_frontend/node_modules/@babel/parser/lib/index.js:6937:20)
    at FlowParserMixin.parseExprSubscripts (/tmp/kavia/workspace/code-generation/tictactoeweb-620896-aa8990a6/tic_tac_toe_frontend/node_modules/@babel/parser/lib/index.js:10758:23)
    at FlowParserMixin.parseUpdate (/tmp/kavia/workspace/code-generation/tictactoeweb-620896-aa8990a6/tic_tac_toe_frontend/node_modules/@babel/parser/lib/index.js:10743:21)
    at FlowParserMixin.parseMaybeUnary (/tmp/kavia/workspace/code-generation/tictactoeweb-620896-aa8990a6/tic_tac_toe_frontend/node_modules/@babel/parser/lib/index.js:10723:23)
    at FlowParserMixin.parseMaybeUnaryOrPrivate (/tmp/kavia/workspace/code-generation/tictactoeweb-620896-aa8990a6/tic_tac_toe_frontend/node_modules/@babel/parser/lib/index.js:10576:61)
    at FlowParserMixin.parseExprOps (/tmp/kavia/workspace/code-generation/tictactoeweb-620896-aa8990a6/tic_tac_toe_frontend/node_modules/@babel/parser/lib/index.js:10581:23)
    at FlowParserMixin.parseMaybeConditional (/tmp/kavia/workspace/code-generation/tictactoeweb-620896-aa8990a6/tic_tac_toe_frontend/node_modules/@babel/parser/lib/index.js:10558:23)
    at FlowParserMixin.parseMaybeAssign (/tmp/kavia/workspace/code-generation/tictactoeweb-620896-aa8990a6/tic_tac_toe_frontend/node_modules/@babel/parser/lib/index.js:10521:21)
    at FlowParserMixin.parseMaybeAssign (/tmp/kavia/workspace/code-generation/tictactoeweb-620896-aa8990a6/tic_tac_toe_frontend/node_modules/@babel/parser/lib/index.js:5773:18)
    at /tmp/kavia/workspace/code-generation/tictactoeweb-620896-aa8990a6/tic_tac_toe_frontend/node_modules/@babel/parser/lib/index.js:10491:39
    at FlowParserMixin.allowInAnd (/tmp/kavia/workspace/code-generation/tictactoeweb-620896-aa8990a6/tic_tac_toe_frontend/node_modules/@babel/parser/lib/index.js:12095:16)
    at FlowParserMixin.parseMaybeAssignAllowIn (/tmp/kavia/workspace/code-generation/tictactoeweb-620896-aa8990a6/tic_tac_toe_frontend/node_modules/@babel/parser/lib/index.js:10491:17)
    at FlowParserMixin.parseVar (/tmp/kavia/workspace/code-generation/tictactoeweb-620896-aa8990a6/tic_tac_toe_frontend/node_modules/@babel/parser/lib/index.js:13028:91)
    at FlowParserMixin.parseVarStatement (/tmp/kavia/workspace/code-generation/tictactoeweb-620896-aa8990a6/tic_tac_toe_frontend/node_modules/@babel/parser/lib/index.js:12874:10)
    at FlowParserMixin.parseStatementContent (/tmp/kavia/workspace/code-generation/tictactoeweb-620896-aa8990a6/tic_tac_toe_frontend/node_modules/@babel/parser/lib/index.js:12489:23)
    at FlowParserMixin.parseStatementLike (/tmp/kavia/workspace/code-generation/tictactoeweb-620896-aa8990a6/tic_tac_toe_frontend/node_modules/@babel/parser/lib/index.js:12406:17)
    at FlowParserMixin.parseStatementLike (/tmp/kavia/workspace/code-generation/tictactoeweb-620896-aa8990a6/tic_tac_toe_frontend/node_modules/@babel/parser/lib/index.js:5140:24)
    at FlowParserMixin.parseStatementListItem (/tmp/kavia/workspace/code-generation/tictactoeweb-620896-aa8990a6/tic_tac_toe_frontend/node_modules/@babel/parser/lib/index.js:12386:17)
    at FlowParserMixin.parseBlockOrModuleBlockBody (/tmp/kavia/workspace/code-generation/tictactoeweb-620896-aa8990a6/tic_tac_toe_frontend/node_modules/@babel/parser/lib/index.js:12960:61)
    at FlowParserMixin.parseBlockBody (/tmp/kavia/workspace/code-generation/tictactoeweb-620896-aa8990a6/tic_tac_toe_frontend/node_modules/@babel/parser/lib/index.js:12953:10)
    at FlowParserMixin.parseBlock (/tmp/kavia/workspace/code-generation/tictactoeweb-620896-aa8990a6/tic_tac_toe_frontend/node_modules/@babel/parser/lib/index.js:12941:10)
    at FlowParserMixin.parseTryStatement (/tmp/kavia/workspace/code-generation/tictactoeweb-620896-aa8990a6/tic_tac_toe_frontend/node_modules/@babel/parser/lib/index.js:12849:23)
    at FlowParserMixin.parseStatementContent (/tmp/kavia/workspace/code-generation/tictactoeweb-620896-aa8990a6/tic_tac_toe_frontend/node_modules/@babel/parser/lib/index.js:12443:21)
    at FlowParserMixin.parseStatementLike (/tmp/kavia/workspace/code-generation/tictactoeweb-620896-aa8990a6/tic_tac_toe_frontend/node_modules/@babel/parser/lib/index.js:12406:17)
    at FlowParserMixin.parseStatementLike (/tmp/kavia/workspace/code-generation/tictactoeweb-620896-aa8990a6/tic_tac_toe_frontend/node_modules/@babel/parser/lib/index.js:5140:24)
    at FlowParserMixin.parseStatementListItem (/tmp/kavia/workspace/code-generation/tictactoeweb-620896-aa8990a6/tic_tac_toe_frontend/node_modules/@babel/parser/lib/index.js:12386:17)
    at FlowParserMixin.parseBlockOrModuleBlockBody (/tmp/kavia/workspace/code-generation/tictactoeweb-620896-aa8990a6/tic_tac_toe_frontend/node_modules/@babel/parser/lib/index.js:12960:61)
    at FlowParserMixin.parseBlockBody (/tmp/kavia/workspace/code-generation/tictactoeweb-620896-aa8990a6/tic_tac_toe_frontend/node_modules/@babel/parser/lib/index.js:12953:10)
    at FlowParserMixin.parseBlock (/tmp/kavia/workspace/code-generation/tictactoeweb-620896-aa8990a6/tic_tac_toe_frontend/node_modules/@babel/parser/lib/index.js:12941:10)
    at FlowParserMixin.parseFunctionBody (/tmp/kavia/workspace/code-generation/tictactoeweb-620896-aa8990a6/tic_tac_toe_frontend/node_modules/@babel/parser/lib/index.js:11783:24)
    at FlowParserMixin.parseFunctionBody (/tmp/kavia/workspace/code-generation/tictactoeweb-620896-aa8990a6/tic_tac_toe_frontend/node_modules/@babel/parser/lib/index.js:5117:11)
    at FlowParserMixin.parseFunctionBodyAndFinish (/tmp/kavia/workspace/code-generation/tictactoeweb-620896-aa8990a6/tic_tac_toe_frontend/node_modules/@babel/parser/lib/index.js:11769:10)
    at FlowParserMixin.parseFunctionBodyAndFinish (/tmp/kavia/workspace/code-generation/tictactoeweb-620896-aa8990a6/tic_tac_toe_frontend/node_modules/@babel/parser/lib/index.js:5125:18)
    at /tmp/kavia/workspace/code-generation/tictactoeweb-620896-aa8990a6/tic_tac_toe_frontend/node_modules/@babel/parser/lib/index.js:13085:12
    at FlowParserMixin.withSmartMixTopicForbiddingContext (/tmp/kavia/workspace/code-generation/tictactoeweb-620896-aa8990a6/tic_tac_toe_frontend/node_modules/@babel/parser/lib/index.js:12077:14)
    at FlowParserMixin.parseFunction (/tmp/kavia/workspace/code-generation/tictactoeweb-620896-aa8990a6/tic_tac_toe_frontend/node_modules/@babel/parser/lib/index.js:13084:10)
    at FlowParserMixin.parseFunctionStatement (/tmp/kavia/workspace/code-generation/tictactoeweb-620896-aa8990a6/tic_tac_toe_frontend/node_modules/@babel/parser/lib/index.js:12769:17)
    at FlowParserMixin.parseStatementContent (/tmp/kavia/workspace/code-generation/tictactoeweb-620896-aa8990a6/tic_tac_toe_frontend/node_modules/@babel/parser/lib/index.js:12430:21)
    at FlowParserMixin.parseStatementLike (/tmp/kavia/workspace/code-generation/tictactoeweb-620896-aa8990a6/tic_tac_toe_frontend/node_modules/@babel/parser/lib/index.js:12406:17)
    at FlowParserMixin.parseStatementLike (/tmp/kavia/workspace/code-generation/tictactoeweb-620896-aa8990a6/tic_tac_toe_frontend/node_modules/@babel/parser/lib/index.js:5140:24)
    at FlowParserMixin.parseModuleItem (/tmp/kavia/workspace/code-generation/tictactoeweb-620896-aa8990a6/tic_tac_toe_frontend/node_modules/@babel/parser/lib/index.js:12383:17)
    at FlowParserMixin.parseBlockOrModuleBlockBody (/tmp/kavia/workspace/code-generation/tictactoeweb-620896-aa8990a6/tic_tac_toe_frontend/node_modules/@babel/parser/lib/index.js:12960:36)
    at FlowParserMixin.parseBlockBody (/tmp/kavia/workspace/code-generation/tictactoeweb-620896-aa8990a6/tic_tac_toe_frontend/node_modules/@babel/parser/lib/index.js:12953:10)
    at FlowParserMixin.parseProgram (/tmp/kavia/workspace/code-generation/tictactoeweb-620896-aa8990a6/tic_tac_toe_frontend/node_modules/@babel/parser/lib/index.js:12280:10)

ERROR in [eslint] 
src/App.js
  Line 32:18:  Parsing error: Unexpected reserved word 'await'. (32:18)

webpack compiled with 2 errors
Compiling...
Failed to compile.

[eslint] 
src/App.js
Syntax error: Unexpected reserved word 'await'. (32:18) (32:18)
ERROR in ./src/App.js
Module build failed (from ./node_modules/babel-loader/lib/index.js):
SyntaxError: /tmp/kavia/workspace/code-generation/tictactoeweb-620896-aa8990a6/tic_tac_toe_frontend/src/App.js: Unexpected reserved word 'await'. (32:18)

  30 |     try {
  31 |       // POST to backend's "start game" endpoint
> 32 |       const res = await fetch(`${API_BASE_URL}/start`, { method: "POST" });
     |                   ^
  33 |       const data = await res.json();
  34 |       setGameId(data.game_id || data.id || null);
  35 |       setBoard(data.board || Array(9).fill(""));
    at constructor (/tmp/kavia/workspace/code-generation/tictactoeweb-620896-aa8990a6/tic_tac_toe_frontend/node_modules/@babel/parser/lib/index.js:360:19)
    at FlowParserMixin.raise (/tmp/kavia/workspace/code-generation/tictactoeweb-620896-aa8990a6/tic_tac_toe_frontend/node_modules/@babel/parser/lib/index.js:3327:19)
    at FlowParserMixin.checkReservedWord (/tmp/kavia/workspace/code-generation/tictactoeweb-620896-aa8990a6/tic_tac_toe_frontend/node_modules/@babel/parser/lib/index.js:11909:12)
    at FlowParserMixin.parseIdentifierName (/tmp/kavia/workspace/code-generation/tictactoeweb-620896-aa8990a6/tic_tac_toe_frontend/node_modules/@babel/parser/lib/index.js:11889:12)
    at FlowParserMixin.parseIdentifier (/tmp/kavia/workspace/code-generation/tictactoeweb-620896-aa8990a6/tic_tac_toe_frontend/node_modules/@babel/parser/lib/index.js:11864:23)
    at FlowParserMixin.parseExprAtom (/tmp/kavia/workspace/code-generation/tictactoeweb-620896-aa8990a6/tic_tac_toe_frontend/node_modules/@babel/parser/lib/index.js:11100:27)
    at FlowParserMixin.parseExprAtom (/tmp/kavia/workspace/code-generation/tictactoeweb-620896-aa8990a6/tic_tac_toe_frontend/node_modules/@babel/parser/lib/index.js:6937:20)
    at FlowParserMixin.parseExprSubscripts (/tmp/kavia/workspace/code-generation/tictactoeweb-620896-aa8990a6/tic_tac_toe_frontend/node_modules/@babel/parser/lib/index.js:10758:23)
    at FlowParserMixin.parseUpdate (/tmp/kavia/workspace/code-generation/tictactoeweb-620896-aa8990a6/tic_tac_toe_frontend/node_modules/@babel/parser/lib/index.js:10743:21)
    at FlowParserMixin.parseMaybeUnary (/tmp/kavia/workspace/code-generation/tictactoeweb-620896-aa8990a6/tic_tac_toe_frontend/node_modules/@babel/parser/lib/index.js:10723:23)
    at FlowParserMixin.parseMaybeUnaryOrPrivate (/tmp/kavia/workspace/code-generation/tictactoeweb-620896-aa8990a6/tic_tac_toe_frontend/node_modules/@babel/parser/lib/index.js:10576:61)
    at FlowParserMixin.parseExprOps (/tmp/kavia/workspace/code-generation/tictactoeweb-620896-aa8990a6/tic_tac_toe_frontend/node_modules/@babel/parser/lib/index.js:10581:23)
    at FlowParserMixin.parseMaybeConditional (/tmp/kavia/workspace/code-generation/tictactoeweb-620896-aa8990a6/tic_tac_toe_frontend/node_modules/@babel/parser/lib/index.js:10558:23)
    at FlowParserMixin.parseMaybeAssign (/tmp/kavia/workspace/code-generation/tictactoeweb-620896-aa8990a6/tic_tac_toe_frontend/node_modules/@babel/parser/lib/index.js:10521:21)
    at FlowParserMixin.parseMaybeAssign (/tmp/kavia/workspace/code-generation/tictactoeweb-620896-aa8990a6/tic_tac_toe_frontend/node_modules/@babel/parser/lib/index.js:5773:18)
    at /tmp/kavia/workspace/code-generation/tictactoeweb-620896-aa8990a6/tic_tac_toe_frontend/node_modules/@babel/parser/lib/index.js:10491:39
    at FlowParserMixin.allowInAnd (/tmp/kavia/workspace/code-generation/tictactoeweb-620896-aa8990a6/tic_tac_toe_frontend/node_modules/@babel/parser/lib/index.js:12095:16)
    at FlowParserMixin.parseMaybeAssignAllowIn (/tmp/kavia/workspace/code-generation/tictactoeweb-620896-aa8990a6/tic_tac_toe_frontend/node_modules/@babel/parser/lib/index.js:10491:17)
    at FlowParserMixin.parseVar (/tmp/kavia/workspace/code-generation/tictactoeweb-620896-aa8990a6/tic_tac_toe_frontend/node_modules/@babel/parser/lib/index.js:13028:91)
    at FlowParserMixin.parseVarStatement (/tmp/kavia/workspace/code-generation/tictactoeweb-620896-aa8990a6/tic_tac_toe_frontend/node_modules/@babel/parser/lib/index.js:12874:10)
    at FlowParserMixin.parseStatementContent (/tmp/kavia/workspace/code-generation/tictactoeweb-620896-aa8990a6/tic_tac_toe_frontend/node_modules/@babel/parser/lib/index.js:12489:23)
    at FlowParserMixin.parseStatementLike (/tmp/kavia/workspace/code-generation/tictactoeweb-620896-aa8990a6/tic_tac_toe_frontend/node_modules/@babel/parser/lib/index.js:12406:17)
    at FlowParserMixin.parseStatementLike (/tmp/kavia/workspace/code-generation/tictactoeweb-620896-aa8990a6/tic_tac_toe_frontend/node_modules/@babel/parser/lib/index.js:5140:24)
    at FlowParserMixin.parseStatementListItem (/tmp/kavia/workspace/code-generation/tictactoeweb-620896-aa8990a6/tic_tac_toe_frontend/node_modules/@babel/parser/lib/index.js:12386:17)
    at FlowParserMixin.parseBlockOrModuleBlockBody (/tmp/kavia/workspace/code-generation/tictactoeweb-620896-aa8990a6/tic_tac_toe_frontend/node_modules/@babel/parser/lib/index.js:12960:61)
    at FlowParserMixin.parseBlockBody (/tmp/kavia/workspace/code-generation/tictactoeweb-620896-aa8990a6/tic_tac_toe_frontend/node_modules/@babel/parser/lib/index.js:12953:10)
    at FlowParserMixin.parseBlock (/tmp/kavia/workspace/code-generation/tictactoeweb-620896-aa8990a6/tic_tac_toe_frontend/node_modules/@babel/parser/lib/index.js:12941:10)
    at FlowParserMixin.parseTryStatement (/tmp/kavia/workspace/code-generation/tictactoeweb-620896-aa8990a6/tic_tac_toe_frontend/node_modules/@babel/parser/lib/index.js:12849:23)
    at FlowParserMixin.parseStatementContent (/tmp/kavia/workspace/code-generation/tictactoeweb-620896-aa8990a6/tic_tac_toe_frontend/node_modules/@babel/parser/lib/index.js:12443:21)
    at FlowParserMixin.parseStatementLike (/tmp/kavia/workspace/code-generation/tictactoeweb-620896-aa8990a6/tic_tac_toe_frontend/node_modules/@babel/parser/lib/index.js:12406:17)
    at FlowParserMixin.parseStatementLike (/tmp/kavia/workspace/code-generation/tictactoeweb-620896-aa8990a6/tic_tac_toe_frontend/node_modules/@babel/parser/lib/index.js:5140:24)
    at FlowParserMixin.parseStatementListItem (/tmp/kavia/workspace/code-generation/tictactoeweb-620896-aa8990a6/tic_tac_toe_frontend/node_modules/@babel/parser/lib/index.js:12386:17)
    at FlowParserMixin.parseBlockOrModuleBlockBody (/tmp/kavia/workspace/code-generation/tictactoeweb-620896-aa8990a6/tic_tac_toe_frontend/node_modules/@babel/parser/lib/index.js:12960:61)
    at FlowParserMixin.parseBlockBody (/tmp/kavia/workspace/code-generation/tictactoeweb-620896-aa8990a6/tic_tac_toe_frontend/node_modules/@babel/parser/lib/index.js:12953:10)
    at FlowParserMixin.parseBlock (/tmp/kavia/workspace/code-generation/tictactoeweb-620896-aa8990a6/tic_tac_toe_frontend/node_modules/@babel/parser/lib/index.js:12941:10)
    at FlowParserMixin.parseFunctionBody (/tmp/kavia/workspace/code-generation/tictactoeweb-620896-aa8990a6/tic_tac_toe_frontend/node_modules/@babel/parser/lib/index.js:11783:24)
    at FlowParserMixin.parseFunctionBody (/tmp/kavia/workspace/code-generation/tictactoeweb-620896-aa8990a6/tic_tac_toe_frontend/node_modules/@babel/parser/lib/index.js:5117:11)
    at FlowParserMixin.parseFunctionBodyAndFinish (/tmp/kavia/workspace/code-generation/tictactoeweb-620896-aa8990a6/tic_tac_toe_frontend/node_modules/@babel/parser/lib/index.js:11769:10)
    at FlowParserMixin.parseFunctionBodyAndFinish (/tmp/kavia/workspace/code-generation/tictactoeweb-620896-aa8990a6/tic_tac_toe_frontend/node_modules/@babel/parser/lib/index.js:5125:18)
    at /tmp/kavia/workspace/code-generation/tictactoeweb-620896-aa8990a6/tic_tac_toe_frontend/node_modules/@babel/parser/lib/index.js:13085:12
    at FlowParserMixin.withSmartMixTopicForbiddingContext (/tmp/kavia/workspace/code-generation/tictactoeweb-620896-aa8990a6/tic_tac_toe_frontend/node_modules/@babel/parser/lib/index.js:12077:14)
    at FlowParserMixin.parseFunction (/tmp/kavia/workspace/code-generation/tictactoeweb-620896-aa8990a6/tic_tac_toe_frontend/node_modules/@babel/parser/lib/index.js:13084:10)
    at FlowParserMixin.parseFunctionStatement (/tmp/kavia/workspace/code-generation/tictactoeweb-620896-aa8990a6/tic_tac_toe_frontend/node_modules/@babel/parser/lib/index.js:12769:17)
    at FlowParserMixin.parseStatementContent (/tmp/kavia/workspace/code-generation/tictactoeweb-620896-aa8990a6/tic_tac_toe_frontend/node_modules/@babel/parser/lib/index.js:12430:21)
    at FlowParserMixin.parseStatementLike (/tmp/kavia/workspace/code-generation/tictactoeweb-620896-aa8990a6/tic_tac_toe_frontend/node_modules/@babel/parser/lib/index.js:12406:17)
    at FlowParserMixin.parseStatementLike (/tmp/kavia/workspace/code-generation/tictactoeweb-620896-aa8990a6/tic_tac_toe_frontend/node_modules/@babel/parser/lib/index.js:5140:24)
    at FlowParserMixin.parseModuleItem (/tmp/kavia/workspace/code-generation/tictactoeweb-620896-aa8990a6/tic_tac_toe_frontend/node_modules/@babel/parser/lib/index.js:12383:17)
    at FlowParserMixin.parseBlockOrModuleBlockBody (/tmp/kavia/workspace/code-generation/tictactoeweb-620896-aa8990a6/tic_tac_toe_frontend/node_modules/@babel/parser/lib/index.js:12960:36)
    at FlowParserMixin.parseBlockBody (/tmp/kavia/workspace/code-generation/tictactoeweb-620896-aa8990a6/tic_tac_toe_frontend/node_modules/@babel/parser/lib/index.js:12953:10)
    at FlowParserMixin.parseProgram (/tmp/kavia/workspace/code-generation/tictactoeweb-620896-aa8990a6/tic_tac_toe_frontend/node_modules/@babel/parser/lib/index.js:12280:10)

ERROR in [eslint] 
src/App.js
  Line 32:18:  Parsing error: Unexpected reserved word 'await'. (32:18)

webpack compiled with 2 errors
Compiling...
Failed to compile.

[eslint] 
src/App.js
Syntax error: Unexpected reserved word 'await'. (32:18) (32:18)
ERROR in ./src/App.js
Module build failed (from ./node_modules/babel-loader/lib/index.js):
SyntaxError: /tmp/kavia/workspace/code-generation/tictactoeweb-620896-aa8990a6/tic_tac_toe_frontend/src/App.js: Unexpected reserved word 'await'. (32:18)

  30 |     try {
  31 |       // POST to backend's "start game" endpoint
> 32 |       const res = await fetch(`${API_BASE_URL}/start`, { method: "POST" });
     |                   ^
  33 |       const data = await res.json();
  34 |       setGameId(data.game_id || data.id || null);
  35 |       setBoard(data.board || Array(9).fill(""));
    at constructor (/tmp/kavia/workspace/code-generation/tictactoeweb-620896-aa8990a6/tic_tac_toe_frontend/node_modules/@babel/parser/lib/index.js:360:19)
    at FlowParserMixin.raise (/tmp/kavia/workspace/code-generation/tictactoeweb-620896-aa8990a6/tic_tac_toe_frontend/node_modules/@babel/parser/lib/index.js:3327:19)
    at FlowParserMixin.checkReservedWord (/tmp/kavia/workspace/code-generation/tictactoeweb-620896-aa8990a6/tic_tac_toe_frontend/node_modules/@babel/parser/lib/index.js:11909:12)
    at FlowParserMixin.parseIdentifierName (/tmp/kavia/workspace/code-generation/tictactoeweb-620896-aa8990a6/tic_tac_toe_frontend/node_modules/@babel/parser/lib/index.js:11889:12)
    at FlowParserMixin.parseIdentifier (/tmp/kavia/workspace/code-generation/tictactoeweb-620896-aa8990a6/tic_tac_toe_frontend/node_modules/@babel/parser/lib/index.js:11864:23)
    at FlowParserMixin.parseExprAtom (/tmp/kavia/workspace/code-generation/tictactoeweb-620896-aa8990a6/tic_tac_toe_frontend/node_modules/@babel/parser/lib/index.js:11100:27)
    at FlowParserMixin.parseExprAtom (/tmp/kavia/workspace/code-generation/tictactoeweb-620896-aa8990a6/tic_tac_toe_frontend/node_modules/@babel/parser/lib/index.js:6937:20)
    at FlowParserMixin.parseExprSubscripts (/tmp/kavia/workspace/code-generation/tictactoeweb-620896-aa8990a6/tic_tac_toe_frontend/node_modules/@babel/parser/lib/index.js:10758:23)
    at FlowParserMixin.parseUpdate (/tmp/kavia/workspace/code-generation/tictactoeweb-620896-aa8990a6/tic_tac_toe_frontend/node_modules/@babel/parser/lib/index.js:10743:21)
    at FlowParserMixin.parseMaybeUnary (/tmp/kavia/workspace/code-generation/tictactoeweb-620896-aa8990a6/tic_tac_toe_frontend/node_modules/@babel/parser/lib/index.js:10723:23)
    at FlowParserMixin.parseMaybeUnaryOrPrivate (/tmp/kavia/workspace/code-generation/tictactoeweb-620896-aa8990a6/tic_tac_toe_frontend/node_modules/@babel/parser/lib/index.js:10576:61)
    at FlowParserMixin.parseExprOps (/tmp/kavia/workspace/code-generation/tictactoeweb-620896-aa8990a6/tic_tac_toe_frontend/node_modules/@babel/parser/lib/index.js:10581:23)
    at FlowParserMixin.parseMaybeConditional (/tmp/kavia/workspace/code-generation/tictactoeweb-620896-aa8990a6/tic_tac_toe_frontend/node_modules/@babel/parser/lib/index.js:10558:23)
    at FlowParserMixin.parseMaybeAssign (/tmp/kavia/workspace/code-generation/tictactoeweb-620896-aa8990a6/tic_tac_toe_frontend/node_modules/@babel/parser/lib/index.js:10521:21)
    at FlowParserMixin.parseMaybeAssign (/tmp/kavia/workspace/code-generation/tictactoeweb-620896-aa8990a6/tic_tac_toe_frontend/node_modules/@babel/parser/lib/index.js:5773:18)
    at /tmp/kavia/workspace/code-generation/tictactoeweb-620896-aa8990a6/tic_tac_toe_frontend/node_modules/@babel/parser/lib/index.js:10491:39
    at FlowParserMixin.allowInAnd (/tmp/kavia/workspace/code-generation/tictactoeweb-620896-aa8990a6/tic_tac_toe_frontend/node_modules/@babel/parser/lib/index.js:12095:16)
    at FlowParserMixin.parseMaybeAssignAllowIn (/tmp/kavia/workspace/code-generation/tictactoeweb-620896-aa8990a6/tic_tac_toe_frontend/node_modules/@babel/parser/lib/index.js:10491:17)
    at FlowParserMixin.parseVar (/tmp/kavia/workspace/code-generation/tictactoeweb-620896-aa8990a6/tic_tac_toe_frontend/node_modules/@babel/parser/lib/index.js:13028:91)
    at FlowParserMixin.parseVarStatement (/tmp/kavia/workspace/code-generation/tictactoeweb-620896-aa8990a6/tic_tac_toe_frontend/node_modules/@babel/parser/lib/index.js:12874:10)
    at FlowParserMixin.parseStatementContent (/tmp/kavia/workspace/code-generation/tictactoeweb-620896-aa8990a6/tic_tac_toe_frontend/node_modules/@babel/parser/lib/index.js:12489:23)
    at FlowParserMixin.parseStatementLike (/tmp/kavia/workspace/code-generation/tictactoeweb-620896-aa8990a6/tic_tac_toe_frontend/node_modules/@babel/parser/lib/index.js:12406:17)
    at FlowParserMixin.parseStatementLike (/tmp/kavia/workspace/code-generation/tictactoeweb-620896-aa8990a6/tic_tac_toe_frontend/node_modules/@babel/parser/lib/index.js:5140:24)
    at FlowParserMixin.parseStatementListItem (/tmp/kavia/workspace/code-generation/tictactoeweb-620896-aa8990a6/tic_tac_toe_frontend/node_modules/@babel/parser/lib/index.js:12386:17)
    at FlowParserMixin.parseBlockOrModuleBlockBody (/tmp/kavia/workspace/code-generation/tictactoeweb-620896-aa8990a6/tic_tac_toe_frontend/node_modules/@babel/parser/lib/index.js:12960:61)
    at FlowParserMixin.parseBlockBody (/tmp/kavia/workspace/code-generation/tictactoeweb-620896-aa8990a6/tic_tac_toe_frontend/node_modules/@babel/parser/lib/index.js:12953:10)
    at FlowParserMixin.parseBlock (/tmp/kavia/workspace/code-generation/tictactoeweb-620896-aa8990a6/tic_tac_toe_frontend/node_modules/@babel/parser/lib/index.js:12941:10)
    at FlowParserMixin.parseTryStatement (/tmp/kavia/workspace/code-generation/tictactoeweb-620896-aa8990a6/tic_tac_toe_frontend/node_modules/@babel/parser/lib/index.js:12849:23)
    at FlowParserMixin.parseStatementContent (/tmp/kavia/workspace/code-generation/tictactoeweb-620896-aa8990a6/tic_tac_toe_frontend/node_modules/@babel/parser/lib/index.js:12443:21)
    at FlowParserMixin.parseStatementLike (/tmp/kavia/workspace/code-generation/tictactoeweb-620896-aa8990a6/tic_tac_toe_frontend/node_modules/@babel/parser/lib/index.js:12406:17)
    at FlowParserMixin.parseStatementLike (/tmp/kavia/workspace/code-generation/tictactoeweb-620896-aa8990a6/tic_tac_toe_frontend/node_modules/@babel/parser/lib/index.js:5140:24)
    at FlowParserMixin.parseStatementListItem (/tmp/kavia/workspace/code-generation/tictactoeweb-620896-aa8990a6/tic_tac_toe_frontend/node_modules/@babel/parser/lib/index.js:12386:17)
    at FlowParserMixin.parseBlockOrModuleBlockBody (/tmp/kavia/workspace/code-generation/tictactoeweb-620896-aa8990a6/tic_tac_toe_frontend/node_modules/@babel/parser/lib/index.js:12960:61)
    at FlowParserMixin.parseBlockBody (/tmp/kavia/workspace/code-generation/tictactoeweb-620896-aa8990a6/tic_tac_toe_frontend/node_modules/@babel/parser/lib/index.js:12953:10)
    at FlowParserMixin.parseBlock (/tmp/kavia/workspace/code-generation/tictactoeweb-620896-aa8990a6/tic_tac_toe_frontend/node_modules/@babel/parser/lib/index.js:12941:10)
    at FlowParserMixin.parseFunctionBody (/tmp/kavia/workspace/code-generation/tictactoeweb-620896-aa8990a6/tic_tac_toe_frontend/node_modules/@babel/parser/lib/index.js:11783:24)
    at FlowParserMixin.parseFunctionBody (/tmp/kavia/workspace/code-generation/tictactoeweb-620896-aa8990a6/tic_tac_toe_frontend/node_modules/@babel/parser/lib/index.js:5117:11)
    at FlowParserMixin.parseFunctionBodyAndFinish (/tmp/kavia/workspace/code-generation/tictactoeweb-620896-aa8990a6/tic_tac_toe_frontend/node_modules/@babel/parser/lib/index.js:11769:10)
    at FlowParserMixin.parseFunctionBodyAndFinish (/tmp/kavia/workspace/code-generation/tictactoeweb-620896-aa8990a6/tic_tac_toe_frontend/node_modules/@babel/parser/lib/index.js:5125:18)
    at /tmp/kavia/workspace/code-generation/tictactoeweb-620896-aa8990a6/tic_tac_toe_frontend/node_modules/@babel/parser/lib/index.js:13085:12
    at FlowParserMixin.withSmartMixTopicForbiddingContext (/tmp/kavia/workspace/code-generation/tictactoeweb-620896-aa8990a6/tic_tac_toe_frontend/node_modules/@babel/parser/lib/index.js:12077:14)
    at FlowParserMixin.parseFunction (/tmp/kavia/workspace/code-generation/tictactoeweb-620896-aa8990a6/tic_tac_toe_frontend/node_modules/@babel/parser/lib/index.js:13084:10)
    at FlowParserMixin.parseFunctionStatement (/tmp/kavia/workspace/code-generation/tictactoeweb-620896-aa8990a6/tic_tac_toe_frontend/node_modules/@babel/parser/lib/index.js:12769:17)
    at FlowParserMixin.parseStatementContent (/tmp/kavia/workspace/code-generation/tictactoeweb-620896-aa8990a6/tic_tac_toe_frontend/node_modules/@babel/parser/lib/index.js:12430:21)
    at FlowParserMixin.parseStatementLike (/tmp/kavia/workspace/code-generation/tictactoeweb-620896-aa8990a6/tic_tac_toe_frontend/node_modules/@babel/parser/lib/index.js:12406:17)
    at FlowParserMixin.parseStatementLike (/tmp/kavia/workspace/code-generation/tictactoeweb-620896-aa8990a6/tic_tac_toe_frontend/node_modules/@babel/parser/lib/index.js:5140:24)
    at FlowParserMixin.parseModuleItem (/tmp/kavia/workspace/code-generation/tictactoeweb-620896-aa8990a6/tic_tac_toe_frontend/node_modules/@babel/parser/lib/index.js:12383:17)
    at FlowParserMixin.parseBlockOrModuleBlockBody (/tmp/kavia/workspace/code-generation/tictactoeweb-620896-aa8990a6/tic_tac_toe_frontend/node_modules/@babel/parser/lib/index.js:12960:36)
    at FlowParserMixin.parseBlockBody (/tmp/kavia/workspace/code-generation/tictactoeweb-620896-aa8990a6/tic_tac_toe_frontend/node_modules/@babel/parser/lib/index.js:12953:10)
    at FlowParserMixin.parseProgram (/tmp/kavia/workspace/code-generation/tictactoeweb-620896-aa8990a6/tic_tac_toe_frontend/node_modules/@babel/parser/lib/index.js:12280:10)

ERROR in [eslint] 
src/App.js
  Line 32:18:  Parsing error: Unexpected reserved word 'await'. (32:18)

webpack compiled with 2 errors
Compiling...
Failed to compile.

[eslint] 
src/App.js
Syntax error: Unexpected reserved word 'await'. (32:18) (32:18)
ERROR in ./src/App.js
Module build failed (from ./node_modules/babel-loader/lib/index.js):
SyntaxError: /tmp/kavia/workspace/code-generation/tictactoeweb-620896-aa8990a6/tic_tac_toe_frontend/src/App.js: Unexpected reserved word 'await'. (32:18)

  30 |     try {
  31 |       // POST to backend's "start game" endpoint
> 32 |       const res = await fetch(`${API_BASE_URL}/start`, { method: "POST" });
     |                   ^
  33 |       const data = await res.json();
  34 |       setGameId(data.game_id || data.id || null);
  35 |       setBoard(data.board || Array(9).fill(""));
    at constructor (/tmp/kavia/workspace/code-generation/tictactoeweb-620896-aa8990a6/tic_tac_toe_frontend/node_modules/@babel/parser/lib/index.js:360:19)
    at FlowParserMixin.raise (/tmp/kavia/workspace/code-generation/tictactoeweb-620896-aa8990a6/tic_tac_toe_frontend/node_modules/@babel/parser/lib/index.js:3327:19)
    at FlowParserMixin.checkReservedWord (/tmp/kavia/workspace/code-generation/tictactoeweb-620896-aa8990a6/tic_tac_toe_frontend/node_modules/@babel/parser/lib/index.js:11909:12)
    at FlowParserMixin.parseIdentifierName (/tmp/kavia/workspace/code-generation/tictactoeweb-620896-aa8990a6/tic_tac_toe_frontend/node_modules/@babel/parser/lib/index.js:11889:12)
    at FlowParserMixin.parseIdentifier (/tmp/kavia/workspace/code-generation/tictactoeweb-620896-aa8990a6/tic_tac_toe_frontend/node_modules/@babel/parser/lib/index.js:11864:23)
    at FlowParserMixin.parseExprAtom (/tmp/kavia/workspace/code-generation/tictactoeweb-620896-aa8990a6/tic_tac_toe_frontend/node_modules/@babel/parser/lib/index.js:11100:27)
    at FlowParserMixin.parseExprAtom (/tmp/kavia/workspace/code-generation/tictactoeweb-620896-aa8990a6/tic_tac_toe_frontend/node_modules/@babel/parser/lib/index.js:6937:20)
    at FlowParserMixin.parseExprSubscripts (/tmp/kavia/workspace/code-generation/tictactoeweb-620896-aa8990a6/tic_tac_toe_frontend/node_modules/@babel/parser/lib/index.js:10758:23)
    at FlowParserMixin.parseUpdate (/tmp/kavia/workspace/code-generation/tictactoeweb-620896-aa8990a6/tic_tac_toe_frontend/node_modules/@babel/parser/lib/index.js:10743:21)
    at FlowParserMixin.parseMaybeUnary (/tmp/kavia/workspace/code-generation/tictactoeweb-620896-aa8990a6/tic_tac_toe_frontend/node_modules/@babel/parser/lib/index.js:10723:23)
    at FlowParserMixin.parseMaybeUnaryOrPrivate (/tmp/kavia/workspace/code-generation/tictactoeweb-620896-aa8990a6/tic_tac_toe_frontend/node_modules/@babel/parser/lib/index.js:10576:61)
    at FlowParserMixin.parseExprOps (/tmp/kavia/workspace/code-generation/tictactoeweb-620896-aa8990a6/tic_tac_toe_frontend/node_modules/@babel/parser/lib/index.js:10581:23)
    at FlowParserMixin.parseMaybeConditional (/tmp/kavia/workspace/code-generation/tictactoeweb-620896-aa8990a6/tic_tac_toe_frontend/node_modules/@babel/parser/lib/index.js:10558:23)
    at FlowParserMixin.parseMaybeAssign (/tmp/kavia/workspace/code-generation/tictactoeweb-620896-aa8990a6/tic_tac_toe_frontend/node_modules/@babel/parser/lib/index.js:10521:21)
    at FlowParserMixin.parseMaybeAssign (/tmp/kavia/workspace/code-generation/tictactoeweb-620896-aa8990a6/tic_tac_toe_frontend/node_modules/@babel/parser/lib/index.js:5773:18)
    at /tmp/kavia/workspace/code-generation/tictactoeweb-620896-aa8990a6/tic_tac_toe_frontend/node_modules/@babel/parser/lib/index.js:10491:39
    at FlowParserMixin.allowInAnd (/tmp/kavia/workspace/code-generation/tictactoeweb-620896-aa8990a6/tic_tac_toe_frontend/node_modules/@babel/parser/lib/index.js:12095:16)
    at FlowParserMixin.parseMaybeAssignAllowIn (/tmp/kavia/workspace/code-generation/tictactoeweb-620896-aa8990a6/tic_tac_toe_frontend/node_modules/@babel/parser/lib/index.js:10491:17)
    at FlowParserMixin.parseVar (/tmp/kavia/workspace/code-generation/tictactoeweb-620896-aa8990a6/tic_tac_toe_frontend/node_modules/@babel/parser/lib/index.js:13028:91)
    at FlowParserMixin.parseVarStatement (/tmp/kavia/workspace/code-generation/tictactoeweb-620896-aa8990a6/tic_tac_toe_frontend/node_modules/@babel/parser/lib/index.js:12874:10)
    at FlowParserMixin.parseStatementContent (/tmp/kavia/workspace/code-generation/tictactoeweb-620896-aa8990a6/tic_tac_toe_frontend/node_modules/@babel/parser/lib/index.js:12489:23)
    at FlowParserMixin.parseStatementLike (/tmp/kavia/workspace/code-generation/tictactoeweb-620896-aa8990a6/tic_tac_toe_frontend/node_modules/@babel/parser/lib/index.js:12406:17)
    at FlowParserMixin.parseStatementLike (/tmp/kavia/workspace/code-generation/tictactoeweb-620896-aa8990a6/tic_tac_toe_frontend/node_modules/@babel/parser/lib/index.js:5140:24)
    at FlowParserMixin.parseStatementListItem (/tmp/kavia/workspace/code-generation/tictactoeweb-620896-aa8990a6/tic_tac_toe_frontend/node_modules/@babel/parser/lib/index.js:12386:17)
    at FlowParserMixin.parseBlockOrModuleBlockBody (/tmp/kavia/workspace/code-generation/tictactoeweb-620896-aa8990a6/tic_tac_toe_frontend/node_modules/@babel/parser/lib/index.js:12960:61)
    at FlowParserMixin.parseBlockBody (/tmp/kavia/workspace/code-generation/tictactoeweb-620896-aa8990a6/tic_tac_toe_frontend/node_modules/@babel/parser/lib/index.js:12953:10)
    at FlowParserMixin.parseBlock (/tmp/kavia/workspace/code-generation/tictactoeweb-620896-aa8990a6/tic_tac_toe_frontend/node_modules/@babel/parser/lib/index.js:12941:10)
    at FlowParserMixin.parseTryStatement (/tmp/kavia/workspace/code-generation/tictactoeweb-620896-aa8990a6/tic_tac_toe_frontend/node_modules/@babel/parser/lib/index.js:12849:23)
    at FlowParserMixin.parseStatementContent (/tmp/kavia/workspace/code-generation/tictactoeweb-620896-aa8990a6/tic_tac_toe_frontend/node_modules/@babel/parser/lib/index.js:12443:21)
    at FlowParserMixin.parseStatementLike (/tmp/kavia/workspace/code-generation/tictactoeweb-620896-aa8990a6/tic_tac_toe_frontend/node_modules/@babel/parser/lib/index.js:12406:17)
    at FlowParserMixin.parseStatementLike (/tmp/kavia/workspace/code-generation/tictactoeweb-620896-aa8990a6/tic_tac_toe_frontend/node_modules/@babel/parser/lib/index.js:5140:24)
    at FlowParserMixin.parseStatementListItem (/tmp/kavia/workspace/code-generation/tictactoeweb-620896-aa8990a6/tic_tac_toe_frontend/node_modules/@babel/parser/lib/index.js:12386:17)
    at FlowParserMixin.parseBlockOrModuleBlockBody (/tmp/kavia/workspace/code-generation/tictactoeweb-620896-aa8990a6/tic_tac_toe_frontend/node_modules/@babel/parser/lib/index.js:12960:61)
    at FlowParserMixin.parseBlockBody (/tmp/kavia/workspace/code-generation/tictactoeweb-620896-aa8990a6/tic_tac_toe_frontend/node_modules/@babel/parser/lib/index.js:12953:10)
    at FlowParserMixin.parseBlock (/tmp/kavia/workspace/code-generation/tictactoeweb-620896-aa8990a6/tic_tac_toe_frontend/node_modules/@babel/parser/lib/index.js:12941:10)
    at FlowParserMixin.parseFunctionBody (/tmp/kavia/workspace/code-generation/tictactoeweb-620896-aa8990a6/tic_tac_toe_frontend/node_modules/@babel/parser/lib/index.js:11783:24)
    at FlowParserMixin.parseFunctionBody (/tmp/kavia/workspace/code-generation/tictactoeweb-620896-aa8990a6/tic_tac_toe_frontend/node_modules/@babel/parser/lib/index.js:5117:11)
    at FlowParserMixin.parseFunctionBodyAndFinish (/tmp/kavia/workspace/code-generation/tictactoeweb-620896-aa8990a6/tic_tac_toe_frontend/node_modules/@babel/parser/lib/index.js:11769:10)
    at FlowParserMixin.parseFunctionBodyAndFinish (/tmp/kavia/workspace/code-generation/tictactoeweb-620896-aa8990a6/tic_tac_toe_frontend/node_modules/@babel/parser/lib/index.js:5125:18)
    at /tmp/kavia/workspace/code-generation/tictactoeweb-620896-aa8990a6/tic_tac_toe_frontend/node_modules/@babel/parser/lib/index.js:13085:12
    at FlowParserMixin.withSmartMixTopicForbiddingContext (/tmp/kavia/workspace/code-generation/tictactoeweb-620896-aa8990a6/tic_tac_toe_frontend/node_modules/@babel/parser/lib/index.js:12077:14)
    at FlowParserMixin.parseFunction (/tmp/kavia/workspace/code-generation/tictactoeweb-620896-aa8990a6/tic_tac_toe_frontend/node_modules/@babel/parser/lib/index.js:13084:10)
    at FlowParserMixin.parseFunctionStatement (/tmp/kavia/workspace/code-generation/tictactoeweb-620896-aa8990a6/tic_tac_toe_frontend/node_modules/@babel/parser/lib/index.js:12769:17)
    at FlowParserMixin.parseStatementContent (/tmp/kavia/workspace/code-generation/tictactoeweb-620896-aa8990a6/tic_tac_toe_frontend/node_modules/@babel/parser/lib/index.js:12430:21)
    at FlowParserMixin.parseStatementLike (/tmp/kavia/workspace/code-generation/tictactoeweb-620896-aa8990a6/tic_tac_toe_frontend/node_modules/@babel/parser/lib/index.js:12406:17)
    at FlowParserMixin.parseStatementLike (/tmp/kavia/workspace/code-generation/tictactoeweb-620896-aa8990a6/tic_tac_toe_frontend/node_modules/@babel/parser/lib/index.js:5140:24)
    at FlowParserMixin.parseModuleItem (/tmp/kavia/workspace/code-generation/tictactoeweb-620896-aa8990a6/tic_tac_toe_frontend/node_modules/@babel/parser/lib/index.js:12383:17)
    at FlowParserMixin.parseBlockOrModuleBlockBody (/tmp/kavia/workspace/code-generation/tictactoeweb-620896-aa8990a6/tic_tac_toe_frontend/node_modules/@babel/parser/lib/index.js:12960:36)
    at FlowParserMixin.parseBlockBody (/tmp/kavia/workspace/code-generation/tictactoeweb-620896-aa8990a6/tic_tac_toe_frontend/node_modules/@babel/parser/lib/index.js:12953:10)
    at FlowParserMixin.parseProgram (/tmp/kavia/workspace/code-generation/tictactoeweb-620896-aa8990a6/tic_tac_toe_frontend/node_modules/@babel/parser/lib/index.js:12280:10)

ERROR in [eslint] 
src/App.js
  Line 32:18:  Parsing error: Unexpected reserved word 'await'. (32:18)

webpack compiled with 2 errors
Compiling...
Failed to compile.

[eslint] 
src/App.js
Syntax error: Unexpected reserved word 'await'. (32:18) (32:18)
ERROR in ./src/App.js
Module build failed (from ./node_modules/babel-loader/lib/index.js):
SyntaxError: /tmp/kavia/workspace/code-generation/tictactoeweb-620896-aa8990a6/tic_tac_toe_frontend/src/App.js: Unexpected reserved word 'await'. (32:18)

  30 |     try {
  31 |       // POST to backend's "start game" endpoint
> 32 |       const res = await fetch(`${API_BASE_URL}/start`, { method: "POST" });
     |                   ^
  33 |       const data = await res.json();
  34 |       setGameId(data.game_id || data.id || null);
  35 |       setBoard(data.board || Array(9).fill(""));
    at constructor (/tmp/kavia/workspace/code-generation/tictactoeweb-620896-aa8990a6/tic_tac_toe_frontend/node_modules/@babel/parser/lib/index.js:360:19)
    at FlowParserMixin.raise (/tmp/kavia/workspace/code-generation/tictactoeweb-620896-aa8990a6/tic_tac_toe_frontend/node_modules/@babel/parser/lib/index.js:3327:19)
    at FlowParserMixin.checkReservedWord (/tmp/kavia/workspace/code-generation/tictactoeweb-620896-aa8990a6/tic_tac_toe_frontend/node_modules/@babel/parser/lib/index.js:11909:12)
    at FlowParserMixin.parseIdentifierName (/tmp/kavia/workspace/code-generation/tictactoeweb-620896-aa8990a6/tic_tac_toe_frontend/node_modules/@babel/parser/lib/index.js:11889:12)
    at FlowParserMixin.parseIdentifier (/tmp/kavia/workspace/code-generation/tictactoeweb-620896-aa8990a6/tic_tac_toe_frontend/node_modules/@babel/parser/lib/index.js:11864:23)
    at FlowParserMixin.parseExprAtom (/tmp/kavia/workspace/code-generation/tictactoeweb-620896-aa8990a6/tic_tac_toe_frontend/node_modules/@babel/parser/lib/index.js:11100:27)
    at FlowParserMixin.parseExprAtom (/tmp/kavia/workspace/code-generation/tictactoeweb-620896-aa8990a6/tic_tac_toe_frontend/node_modules/@babel/parser/lib/index.js:6937:20)
    at FlowParserMixin.parseExprSubscripts (/tmp/kavia/workspace/code-generation/tictactoeweb-620896-aa8990a6/tic_tac_toe_frontend/node_modules/@babel/parser/lib/index.js:10758:23)
    at FlowParserMixin.parseUpdate (/tmp/kavia/workspace/code-generation/tictactoeweb-620896-aa8990a6/tic_tac_toe_frontend/node_modules/@babel/parser/lib/index.js:10743:21)
    at FlowParserMixin.parseMaybeUnary (/tmp/kavia/workspace/code-generation/tictactoeweb-620896-aa8990a6/tic_tac_toe_frontend/node_modules/@babel/parser/lib/index.js:10723:23)
    at FlowParserMixin.parseMaybeUnaryOrPrivate (/tmp/kavia/workspace/code-generation/tictactoeweb-620896-aa8990a6/tic_tac_toe_frontend/node_modules/@babel/parser/lib/index.js:10576:61)
    at FlowParserMixin.parseExprOps (/tmp/kavia/workspace/code-generation/tictactoeweb-620896-aa8990a6/tic_tac_toe_frontend/node_modules/@babel/parser/lib/index.js:10581:23)
    at FlowParserMixin.parseMaybeConditional (/tmp/kavia/workspace/code-generation/tictactoeweb-620896-aa8990a6/tic_tac_toe_frontend/node_modules/@babel/parser/lib/index.js:10558:23)
    at FlowParserMixin.parseMaybeAssign (/tmp/kavia/workspace/code-generation/tictactoeweb-620896-aa8990a6/tic_tac_toe_frontend/node_modules/@babel/parser/lib/index.js:10521:21)
    at FlowParserMixin.parseMaybeAssign (/tmp/kavia/workspace/code-generation/tictactoeweb-620896-aa8990a6/tic_tac_toe_frontend/node_modules/@babel/parser/lib/index.js:5773:18)
    at /tmp/kavia/workspace/code-generation/tictactoeweb-620896-aa8990a6/tic_tac_toe_frontend/node_modules/@babel/parser/lib/index.js:10491:39
    at FlowParserMixin.allowInAnd (/tmp/kavia/workspace/code-generation/tictactoeweb-620896-aa8990a6/tic_tac_toe_frontend/node_modules/@babel/parser/lib/index.js:12095:16)
    at FlowParserMixin.parseMaybeAssignAllowIn (/tmp/kavia/workspace/code-generation/tictactoeweb-620896-aa8990a6/tic_tac_toe_frontend/node_modules/@babel/parser/lib/index.js:10491:17)
    at FlowParserMixin.parseVar (/tmp/kavia/workspace/code-generation/tictactoeweb-620896-aa8990a6/tic_tac_toe_frontend/node_modules/@babel/parser/lib/index.js:13028:91)
    at FlowParserMixin.parseVarStatement (/tmp/kavia/workspace/code-generation/tictactoeweb-620896-aa8990a6/tic_tac_toe_frontend/node_modules/@babel/parser/lib/index.js:12874:10)
    at FlowParserMixin.parseStatementContent (/tmp/kavia/workspace/code-generation/tictactoeweb-620896-aa8990a6/tic_tac_toe_frontend/node_modules/@babel/parser/lib/index.js:12489:23)
    at FlowParserMixin.parseStatementLike (/tmp/kavia/workspace/code-generation/tictactoeweb-620896-aa8990a6/tic_tac_toe_frontend/node_modules/@babel/parser/lib/index.js:12406:17)
    at FlowParserMixin.parseStatementLike (/tmp/kavia/workspace/code-generation/tictactoeweb-620896-aa8990a6/tic_tac_toe_frontend/node_modules/@babel/parser/lib/index.js:5140:24)
    at FlowParserMixin.parseStatementListItem (/tmp/kavia/workspace/code-generation/tictactoeweb-620896-aa8990a6/tic_tac_toe_frontend/node_modules/@babel/parser/lib/index.js:12386:17)
    at FlowParserMixin.parseBlockOrModuleBlockBody (/tmp/kavia/workspace/code-generation/tictactoeweb-620896-aa8990a6/tic_tac_toe_frontend/node_modules/@babel/parser/lib/index.js:12960:61)
    at FlowParserMixin.parseBlockBody (/tmp/kavia/workspace/code-generation/tictactoeweb-620896-aa8990a6/tic_tac_toe_frontend/node_modules/@babel/parser/lib/index.js:12953:10)
    at FlowParserMixin.parseBlock (/tmp/kavia/workspace/code-generation/tictactoeweb-620896-aa8990a6/tic_tac_toe_frontend/node_modules/@babel/parser/lib/index.js:12941:10)
    at FlowParserMixin.parseTryStatement (/tmp/kavia/workspace/code-generation/tictactoeweb-620896-aa8990a6/tic_tac_toe_frontend/node_modules/@babel/parser/lib/index.js:12849:23)
    at FlowParserMixin.parseStatementContent (/tmp/kavia/workspace/code-generation/tictactoeweb-620896-aa8990a6/tic_tac_toe_frontend/node_modules/@babel/parser/lib/index.js:12443:21)
    at FlowParserMixin.parseStatementLike (/tmp/kavia/workspace/code-generation/tictactoeweb-620896-aa8990a6/tic_tac_toe_frontend/node_modules/@babel/parser/lib/index.js:12406:17)
    at FlowParserMixin.parseStatementLike (/tmp/kavia/workspace/code-generation/tictactoeweb-620896-aa8990a6/tic_tac_toe_frontend/node_modules/@babel/parser/lib/index.js:5140:24)
    at FlowParserMixin.parseStatementListItem (/tmp/kavia/workspace/code-generation/tictactoeweb-620896-aa8990a6/tic_tac_toe_frontend/node_modules/@babel/parser/lib/index.js:12386:17)
    at FlowParserMixin.parseBlockOrModuleBlockBody (/tmp/kavia/workspace/code-generation/tictactoeweb-620896-aa8990a6/tic_tac_toe_frontend/node_modules/@babel/parser/lib/index.js:12960:61)
    at FlowParserMixin.parseBlockBody (/tmp/kavia/workspace/code-generation/tictactoeweb-620896-aa8990a6/tic_tac_toe_frontend/node_modules/@babel/parser/lib/index.js:12953:10)
    at FlowParserMixin.parseBlock (/tmp/kavia/workspace/code-generation/tictactoeweb-620896-aa8990a6/tic_tac_toe_frontend/node_modules/@babel/parser/lib/index.js:12941:10)
    at FlowParserMixin.parseFunctionBody (/tmp/kavia/workspace/code-generation/tictactoeweb-620896-aa8990a6/tic_tac_toe_frontend/node_modules/@babel/parser/lib/index.js:11783:24)
    at FlowParserMixin.parseFunctionBody (/tmp/kavia/workspace/code-generation/tictactoeweb-620896-aa8990a6/tic_tac_toe_frontend/node_modules/@babel/parser/lib/index.js:5117:11)
    at FlowParserMixin.parseFunctionBodyAndFinish (/tmp/kavia/workspace/code-generation/tictactoeweb-620896-aa8990a6/tic_tac_toe_frontend/node_modules/@babel/parser/lib/index.js:11769:10)
    at FlowParserMixin.parseFunctionBodyAndFinish (/tmp/kavia/workspace/code-generation/tictactoeweb-620896-aa8990a6/tic_tac_toe_frontend/node_modules/@babel/parser/lib/index.js:5125:18)
    at /tmp/kavia/workspace/code-generation/tictactoeweb-620896-aa8990a6/tic_tac_toe_frontend/node_modules/@babel/parser/lib/index.js:13085:12
    at FlowParserMixin.withSmartMixTopicForbiddingContext (/tmp/kavia/workspace/code-generation/tictactoeweb-620896-aa8990a6/tic_tac_toe_frontend/node_modules/@babel/parser/lib/index.js:12077:14)
    at FlowParserMixin.parseFunction (/tmp/kavia/workspace/code-generation/tictactoeweb-620896-aa8990a6/tic_tac_toe_frontend/node_modules/@babel/parser/lib/index.js:13084:10)
    at FlowParserMixin.parseFunctionStatement (/tmp/kavia/workspace/code-generation/tictactoeweb-620896-aa8990a6/tic_tac_toe_frontend/node_modules/@babel/parser/lib/index.js:12769:17)
    at FlowParserMixin.parseStatementContent (/tmp/kavia/workspace/code-generation/tictactoeweb-620896-aa8990a6/tic_tac_toe_frontend/node_modules/@babel/parser/lib/index.js:12430:21)
    at FlowParserMixin.parseStatementLike (/tmp/kavia/workspace/code-generation/tictactoeweb-620896-aa8990a6/tic_tac_toe_frontend/node_modules/@babel/parser/lib/index.js:12406:17)
    at FlowParserMixin.parseStatementLike (/tmp/kavia/workspace/code-generation/tictactoeweb-620896-aa8990a6/tic_tac_toe_frontend/node_modules/@babel/parser/lib/index.js:5140:24)
    at FlowParserMixin.parseModuleItem (/tmp/kavia/workspace/code-generation/tictactoeweb-620896-aa8990a6/tic_tac_toe_frontend/node_modules/@babel/parser/lib/index.js:12383:17)
    at FlowParserMixin.parseBlockOrModuleBlockBody (/tmp/kavia/workspace/code-generation/tictactoeweb-620896-aa8990a6/tic_tac_toe_frontend/node_modules/@babel/parser/lib/index.js:12960:36)
    at FlowParserMixin.parseBlockBody (/tmp/kavia/workspace/code-generation/tictactoeweb-620896-aa8990a6/tic_tac_toe_frontend/node_modules/@babel/parser/lib/index.js:12953:10)
    at FlowParserMixin.parseProgram (/tmp/kavia/workspace/code-generation/tictactoeweb-620896-aa8990a6/tic_tac_toe_frontend/node_modules/@babel/parser/lib/index.js:12280:10)

ERROR in [eslint] 
src/App.js
  Line 32:18:  Parsing error: Unexpected reserved word 'await'. (32:18)

webpack compiled with 2 errors
Compiling...
Failed to compile.

[eslint] 
src/App.js
Syntax error: Unexpected reserved word 'await'. (32:18) (32:18)
ERROR in ./src/App.js
Module build failed (from ./node_modules/babel-loader/lib/index.js):
SyntaxError: /tmp/kavia/workspace/code-generation/tictactoeweb-620896-aa8990a6/tic_tac_toe_frontend/src/App.js: Unexpected reserved word 'await'. (32:18)

  30 |     try {
  31 |       // POST to backend's "start game" endpoint
> 32 |       const res = await fetch(`${API_BASE_URL}/start`, { method: "POST" });
     |                   ^
  33 |       const data = await res.json();
  34 |       setGameId(data.game_id || data.id || null);
  35 |       setBoard(data.board || Array(9).fill(""));
    at constructor (/tmp/kavia/workspace/code-generation/tictactoeweb-620896-aa8990a6/tic_tac_toe_frontend/node_modules/@babel/parser/lib/index.js:360:19)
    at FlowParserMixin.raise (/tmp/kavia/workspace/code-generation/tictactoeweb-620896-aa8990a6/tic_tac_toe_frontend/node_modules/@babel/parser/lib/index.js:3327:19)
    at FlowParserMixin.checkReservedWord (/tmp/kavia/workspace/code-generation/tictactoeweb-620896-aa8990a6/tic_tac_toe_frontend/node_modules/@babel/parser/lib/index.js:11909:12)
    at FlowParserMixin.parseIdentifierName (/tmp/kavia/workspace/code-generation/tictactoeweb-620896-aa8990a6/tic_tac_toe_frontend/node_modules/@babel/parser/lib/index.js:11889:12)
    at FlowParserMixin.parseIdentifier (/tmp/kavia/workspace/code-generation/tictactoeweb-620896-aa8990a6/tic_tac_toe_frontend/node_modules/@babel/parser/lib/index.js:11864:23)
    at FlowParserMixin.parseExprAtom (/tmp/kavia/workspace/code-generation/tictactoeweb-620896-aa8990a6/tic_tac_toe_frontend/node_modules/@babel/parser/lib/index.js:11100:27)
    at FlowParserMixin.parseExprAtom (/tmp/kavia/workspace/code-generation/tictactoeweb-620896-aa8990a6/tic_tac_toe_frontend/node_modules/@babel/parser/lib/index.js:6937:20)
    at FlowParserMixin.parseExprSubscripts (/tmp/kavia/workspace/code-generation/tictactoeweb-620896-aa8990a6/tic_tac_toe_frontend/node_modules/@babel/parser/lib/index.js:10758:23)
    at FlowParserMixin.parseUpdate (/tmp/kavia/workspace/code-generation/tictactoeweb-620896-aa8990a6/tic_tac_toe_frontend/node_modules/@babel/parser/lib/index.js:10743:21)
    at FlowParserMixin.parseMaybeUnary (/tmp/kavia/workspace/code-generation/tictactoeweb-620896-aa8990a6/tic_tac_toe_frontend/node_modules/@babel/parser/lib/index.js:10723:23)
    at FlowParserMixin.parseMaybeUnaryOrPrivate (/tmp/kavia/workspace/code-generation/tictactoeweb-620896-aa8990a6/tic_tac_toe_frontend/node_modules/@babel/parser/lib/index.js:10576:61)
    at FlowParserMixin.parseExprOps (/tmp/kavia/workspace/code-generation/tictactoeweb-620896-aa8990a6/tic_tac_toe_frontend/node_modules/@babel/parser/lib/index.js:10581:23)
    at FlowParserMixin.parseMaybeConditional (/tmp/kavia/workspace/code-generation/tictactoeweb-620896-aa8990a6/tic_tac_toe_frontend/node_modules/@babel/parser/lib/index.js:10558:23)
    at FlowParserMixin.parseMaybeAssign (/tmp/kavia/workspace/code-generation/tictactoeweb-620896-aa8990a6/tic_tac_toe_frontend/node_modules/@babel/parser/lib/index.js:10521:21)
    at FlowParserMixin.parseMaybeAssign (/tmp/kavia/workspace/code-generation/tictactoeweb-620896-aa8990a6/tic_tac_toe_frontend/node_modules/@babel/parser/lib/index.js:5773:18)
    at /tmp/kavia/workspace/code-generation/tictactoeweb-620896-aa8990a6/tic_tac_toe_frontend/node_modules/@babel/parser/lib/index.js:10491:39
    at FlowParserMixin.allowInAnd (/tmp/kavia/workspace/code-generation/tictactoeweb-620896-aa8990a6/tic_tac_toe_frontend/node_modules/@babel/parser/lib/index.js:12095:16)
    at FlowParserMixin.parseMaybeAssignAllowIn (/tmp/kavia/workspace/code-generation/tictactoeweb-620896-aa8990a6/tic_tac_toe_frontend/node_modules/@babel/parser/lib/index.js:10491:17)
    at FlowParserMixin.parseVar (/tmp/kavia/workspace/code-generation/tictactoeweb-620896-aa8990a6/tic_tac_toe_frontend/node_modules/@babel/parser/lib/index.js:13028:91)
    at FlowParserMixin.parseVarStatement (/tmp/kavia/workspace/code-generation/tictactoeweb-620896-aa8990a6/tic_tac_toe_frontend/node_modules/@babel/parser/lib/index.js:12874:10)
    at FlowParserMixin.parseStatementContent (/tmp/kavia/workspace/code-generation/tictactoeweb-620896-aa8990a6/tic_tac_toe_frontend/node_modules/@babel/parser/lib/index.js:12489:23)
    at FlowParserMixin.parseStatementLike (/tmp/kavia/workspace/code-generation/tictactoeweb-620896-aa8990a6/tic_tac_toe_frontend/node_modules/@babel/parser/lib/index.js:12406:17)
    at FlowParserMixin.parseStatementLike (/tmp/kavia/workspace/code-generation/tictactoeweb-620896-aa8990a6/tic_tac_toe_frontend/node_modules/@babel/parser/lib/index.js:5140:24)
    at FlowParserMixin.parseStatementListItem (/tmp/kavia/workspace/code-generation/tictactoeweb-620896-aa8990a6/tic_tac_toe_frontend/node_modules/@babel/parser/lib/index.js:12386:17)
    at FlowParserMixin.parseBlockOrModuleBlockBody (/tmp/kavia/workspace/code-generation/tictactoeweb-620896-aa8990a6/tic_tac_toe_frontend/node_modules/@babel/parser/lib/index.js:12960:61)
    at FlowParserMixin.parseBlockBody (/tmp/kavia/workspace/code-generation/tictactoeweb-620896-aa8990a6/tic_tac_toe_frontend/node_modules/@babel/parser/lib/index.js:12953:10)
    at FlowParserMixin.parseBlock (/tmp/kavia/workspace/code-generation/tictactoeweb-620896-aa8990a6/tic_tac_toe_frontend/node_modules/@babel/parser/lib/index.js:12941:10)
    at FlowParserMixin.parseTryStatement (/tmp/kavia/workspace/code-generation/tictactoeweb-620896-aa8990a6/tic_tac_toe_frontend/node_modules/@babel/parser/lib/index.js:12849:23)
    at FlowParserMixin.parseStatementContent (/tmp/kavia/workspace/code-generation/tictactoeweb-620896-aa8990a6/tic_tac_toe_frontend/node_modules/@babel/parser/lib/index.js:12443:21)
    at FlowParserMixin.parseStatementLike (/tmp/kavia/workspace/code-generation/tictactoeweb-620896-aa8990a6/tic_tac_toe_frontend/node_modules/@babel/parser/lib/index.js:12406:17)
    at FlowParserMixin.parseStatementLike (/tmp/kavia/workspace/code-generation/tictactoeweb-620896-aa8990a6/tic_tac_toe_frontend/node_modules/@babel/parser/lib/index.js:5140:24)
    at FlowParserMixin.parseStatementListItem (/tmp/kavia/workspace/code-generation/tictactoeweb-620896-aa8990a6/tic_tac_toe_frontend/node_modules/@babel/parser/lib/index.js:12386:17)
    at FlowParserMixin.parseBlockOrModuleBlockBody (/tmp/kavia/workspace/code-generation/tictactoeweb-620896-aa8990a6/tic_tac_toe_frontend/node_modules/@babel/parser/lib/index.js:12960:61)
    at FlowParserMixin.parseBlockBody (/tmp/kavia/workspace/code-generation/tictactoeweb-620896-aa8990a6/tic_tac_toe_frontend/node_modules/@babel/parser/lib/index.js:12953:10)
    at FlowParserMixin.parseBlock (/tmp/kavia/workspace/code-generation/tictactoeweb-620896-aa8990a6/tic_tac_toe_frontend/node_modules/@babel/parser/lib/index.js:12941:10)
    at FlowParserMixin.parseFunctionBody (/tmp/kavia/workspace/code-generation/tictactoeweb-620896-aa8990a6/tic_tac_toe_frontend/node_modules/@babel/parser/lib/index.js:11783:24)
    at FlowParserMixin.parseFunctionBody (/tmp/kavia/workspace/code-generation/tictactoeweb-620896-aa8990a6/tic_tac_toe_frontend/node_modules/@babel/parser/lib/index.js:5117:11)
    at FlowParserMixin.parseFunctionBodyAndFinish (/tmp/kavia/workspace/code-generation/tictactoeweb-620896-aa8990a6/tic_tac_toe_frontend/node_modules/@babel/parser/lib/index.js:11769:10)
    at FlowParserMixin.parseFunctionBodyAndFinish (/tmp/kavia/workspace/code-generation/tictactoeweb-620896-aa8990a6/tic_tac_toe_frontend/node_modules/@babel/parser/lib/index.js:5125:18)
    at /tmp/kavia/workspace/code-generation/tictactoeweb-620896-aa8990a6/tic_tac_toe_frontend/node_modules/@babel/parser/lib/index.js:13085:12
    at FlowParserMixin.withSmartMixTopicForbiddingContext (/tmp/kavia/workspace/code-generation/tictactoeweb-620896-aa8990a6/tic_tac_toe_frontend/node_modules/@babel/parser/lib/index.js:12077:14)
    at FlowParserMixin.parseFunction (/tmp/kavia/workspace/code-generation/tictactoeweb-620896-aa8990a6/tic_tac_toe_frontend/node_modules/@babel/parser/lib/index.js:13084:10)
    at FlowParserMixin.parseFunctionStatement (/tmp/kavia/workspace/code-generation/tictactoeweb-620896-aa8990a6/tic_tac_toe_frontend/node_modules/@babel/parser/lib/index.js:12769:17)
    at FlowParserMixin.parseStatementContent (/tmp/kavia/workspace/code-generation/tictactoeweb-620896-aa8990a6/tic_tac_toe_frontend/node_modules/@babel/parser/lib/index.js:12430:21)
    at FlowParserMixin.parseStatementLike (/tmp/kavia/workspace/code-generation/tictactoeweb-620896-aa8990a6/tic_tac_toe_frontend/node_modules/@babel/parser/lib/index.js:12406:17)
    at FlowParserMixin.parseStatementLike (/tmp/kavia/workspace/code-generation/tictactoeweb-620896-aa8990a6/tic_tac_toe_frontend/node_modules/@babel/parser/lib/index.js:5140:24)
    at FlowParserMixin.parseModuleItem (/tmp/kavia/workspace/code-generation/tictactoeweb-620896-aa8990a6/tic_tac_toe_frontend/node_modules/@babel/parser/lib/index.js:12383:17)
    at FlowParserMixin.parseBlockOrModuleBlockBody (/tmp/kavia/workspace/code-generation/tictactoeweb-620896-aa8990a6/tic_tac_toe_frontend/node_modules/@babel/parser/lib/index.js:12960:36)
    at FlowParserMixin.parseBlockBody (/tmp/kavia/workspace/code-generation/tictactoeweb-620896-aa8990a6/tic_tac_toe_frontend/node_modules/@babel/parser/lib/index.js:12953:10)
    at FlowParserMixin.parseProgram (/tmp/kavia/workspace/code-generation/tictactoeweb-620896-aa8990a6/tic_tac_toe_frontend/node_modules/@babel/parser/lib/index.js:12280:10)

ERROR in [eslint] 
src/App.js
  Line 32:18:  Parsing error: Unexpected reserved word 'await'. (32:18)

webpack compiled with 2 errors
Compiling...
Failed to compile.

[eslint] 
src/App.js
Syntax error: Unterminated comment. (55:2) (55:2)
ERROR in ./src/App.js
Module build failed (from ./node_modules/babel-loader/lib/index.js):
SyntaxError: /tmp/kavia/workspace/code-generation/tictactoeweb-620896-aa8990a6/tic_tac_toe_frontend/src/App.js: Unterminated comment. (55:2)

  53 |
  54 |   // PUBLIC_INTERFACE
> 55 |   /**
     |   ^
  56 |
    at constructor (/tmp/kavia/workspace/code-generation/tictactoeweb-620896-aa8990a6/tic_tac_toe_frontend/node_modules/@babel/parser/lib/index.js:360:19)
    at FlowParserMixin.raise (/tmp/kavia/workspace/code-generation/tictactoeweb-620896-aa8990a6/tic_tac_toe_frontend/node_modules/@babel/parser/lib/index.js:3327:19)
    at FlowParserMixin.skipBlockComment (/tmp/kavia/workspace/code-generation/tictactoeweb-620896-aa8990a6/tic_tac_toe_frontend/node_modules/@babel/parser/lib/index.js:2518:18)
    at FlowParserMixin.skipBlockComment (/tmp/kavia/workspace/code-generation/tictactoeweb-620896-aa8990a6/tic_tac_toe_frontend/node_modules/@babel/parser/lib/index.js:5928:18)
    at FlowParserMixin.skipSpace (/tmp/kavia/workspace/code-generation/tictactoeweb-620896-aa8990a6/tic_tac_toe_frontend/node_modules/@babel/parser/lib/index.js:2586:38)
    at FlowParserMixin.skipSpace (/tmp/kavia/workspace/code-generation/tictactoeweb-620896-aa8990a6/tic_tac_toe_frontend/node_modules/@babel/parser/lib/index.js:6942:42)
    at FlowParserMixin.nextToken (/tmp/kavia/workspace/code-generation/tictactoeweb-620896-aa8990a6/tic_tac_toe_frontend/node_modules/@babel/parser/lib/index.js:2503:10)
    at FlowParserMixin.next (/tmp/kavia/workspace/code-generation/tictactoeweb-620896-aa8990a6/tic_tac_toe_frontend/node_modules/@babel/parser/lib/index.js:2423:10)
    at FlowParserMixin.eat (/tmp/kavia/workspace/code-generation/tictactoeweb-620896-aa8990a6/tic_tac_toe_frontend/node_modules/@babel/parser/lib/index.js:2427:12)
    at FlowParserMixin.isLineTerminator (/tmp/kavia/workspace/code-generation/tictactoeweb-620896-aa8990a6/tic_tac_toe_frontend/node_modules/@babel/parser/lib/index.js:3649:17)
    at FlowParserMixin.semicolon (/tmp/kavia/workspace/code-generation/tictactoeweb-620896-aa8990a6/tic_tac_toe_frontend/node_modules/@babel/parser/lib/index.js:3652:25)
    at FlowParserMixin.parseExpressionStatement (/tmp/kavia/workspace/code-generation/tictactoeweb-620896-aa8990a6/tic_tac_toe_frontend/node_modules/@babel/parser/lib/index.js:12929:10)
    at FlowParserMixin.parseExpressionStatement (/tmp/kavia/workspace/code-generation/tictactoeweb-620896-aa8990a6/tic_tac_toe_frontend/node_modules/@babel/parser/lib/index.js:5162:18)
    at FlowParserMixin.parseStatementContent (/tmp/kavia/workspace/code-generation/tictactoeweb-620896-aa8990a6/tic_tac_toe_frontend/node_modules/@babel/parser/lib/index.js:12543:19)
    at FlowParserMixin.parseStatementLike (/tmp/kavia/workspace/code-generation/tictactoeweb-620896-aa8990a6/tic_tac_toe_frontend/node_modules/@babel/parser/lib/index.js:12406:17)
    at FlowParserMixin.parseStatementLike (/tmp/kavia/workspace/code-generation/tictactoeweb-620896-aa8990a6/tic_tac_toe_frontend/node_modules/@babel/parser/lib/index.js:5140:24)
    at FlowParserMixin.parseStatementListItem (/tmp/kavia/workspace/code-generation/tictactoeweb-620896-aa8990a6/tic_tac_toe_frontend/node_modules/@babel/parser/lib/index.js:12386:17)
    at FlowParserMixin.parseBlockOrModuleBlockBody (/tmp/kavia/workspace/code-generation/tictactoeweb-620896-aa8990a6/tic_tac_toe_frontend/node_modules/@babel/parser/lib/index.js:12960:61)
    at FlowParserMixin.parseBlockBody (/tmp/kavia/workspace/code-generation/tictactoeweb-620896-aa8990a6/tic_tac_toe_frontend/node_modules/@babel/parser/lib/index.js:12953:10)
    at FlowParserMixin.parseBlock (/tmp/kavia/workspace/code-generation/tictactoeweb-620896-aa8990a6/tic_tac_toe_frontend/node_modules/@babel/parser/lib/index.js:12941:10)
    at FlowParserMixin.parseFunctionBody (/tmp/kavia/workspace/code-generation/tictactoeweb-620896-aa8990a6/tic_tac_toe_frontend/node_modules/@babel/parser/lib/index.js:11783:24)
    at FlowParserMixin.parseFunctionBody (/tmp/kavia/workspace/code-generation/tictactoeweb-620896-aa8990a6/tic_tac_toe_frontend/node_modules/@babel/parser/lib/index.js:5117:11)
    at FlowParserMixin.parseFunctionBodyAndFinish (/tmp/kavia/workspace/code-generation/tictactoeweb-620896-aa8990a6/tic_tac_toe_frontend/node_modules/@babel/parser/lib/index.js:11769:10)
    at FlowParserMixin.parseFunctionBodyAndFinish (/tmp/kavia/workspace/code-generation/tictactoeweb-620896-aa8990a6/tic_tac_toe_frontend/node_modules/@babel/parser/lib/index.js:5125:18)
    at /tmp/kavia/workspace/code-generation/tictactoeweb-620896-aa8990a6/tic_tac_toe_frontend/node_modules/@babel/parser/lib/index.js:13085:12
    at FlowParserMixin.withSmartMixTopicForbiddingContext (/tmp/kavia/workspace/code-generation/tictactoeweb-620896-aa8990a6/tic_tac_toe_frontend/node_modules/@babel/parser/lib/index.js:12077:14)
    at FlowParserMixin.parseFunction (/tmp/kavia/workspace/code-generation/tictactoeweb-620896-aa8990a6/tic_tac_toe_frontend/node_modules/@babel/parser/lib/index.js:13084:10)
    at FlowParserMixin.parseFunctionStatement (/tmp/kavia/workspace/code-generation/tictactoeweb-620896-aa8990a6/tic_tac_toe_frontend/node_modules/@babel/parser/lib/index.js:12769:17)
    at FlowParserMixin.parseStatementContent (/tmp/kavia/workspace/code-generation/tictactoeweb-620896-aa8990a6/tic_tac_toe_frontend/node_modules/@babel/parser/lib/index.js:12430:21)
    at FlowParserMixin.parseStatementLike (/tmp/kavia/workspace/code-generation/tictactoeweb-620896-aa8990a6/tic_tac_toe_frontend/node_modules/@babel/parser/lib/index.js:12406:17)
    at FlowParserMixin.parseStatementLike (/tmp/kavia/workspace/code-generation/tictactoeweb-620896-aa8990a6/tic_tac_toe_frontend/node_modules/@babel/parser/lib/index.js:5140:24)
    at FlowParserMixin.parseModuleItem (/tmp/kavia/workspace/code-generation/tictactoeweb-620896-aa8990a6/tic_tac_toe_frontend/node_modules/@babel/parser/lib/index.js:12383:17)
    at FlowParserMixin.parseBlockOrModuleBlockBody (/tmp/kavia/workspace/code-generation/tictactoeweb-620896-aa8990a6/tic_tac_toe_frontend/node_modules/@babel/parser/lib/index.js:12960:36)
    at FlowParserMixin.parseBlockBody (/tmp/kavia/workspace/code-generation/tictactoeweb-620896-aa8990a6/tic_tac_toe_frontend/node_modules/@babel/parser/lib/index.js:12953:10)
    at FlowParserMixin.parseProgram (/tmp/kavia/workspace/code-generation/tictactoeweb-620896-aa8990a6/tic_tac_toe_frontend/node_modules/@babel/parser/lib/index.js:12280:10)
    at FlowParserMixin.parseTopLevel (/tmp/kavia/workspace/code-generation/tictactoeweb-620896-aa8990a6/tic_tac_toe_frontend/node_modules/@babel/parser/lib/index.js:12270:25)
    at FlowParserMixin.parseTopLevel (/tmp/kavia/workspace/code-generation/tictactoeweb-620896-aa8990a6/tic_tac_toe_frontend/node_modules/@babel/parser/lib/index.js:5909:28)
    at FlowParserMixin.parse (/tmp/kavia/workspace/code-generation/tictactoeweb-620896-aa8990a6/tic_tac_toe_frontend/node_modules/@babel/parser/lib/index.js:14120:10)
    at parse (/tmp/kavia/workspace/code-generation/tictactoeweb-620896-aa8990a6/tic_tac_toe_frontend/node_modules/@babel/parser/lib/index.js:14154:38)
    at parser (/tmp/kavia/workspace/code-generation/tictactoeweb-620896-aa8990a6/tic_tac_toe_frontend/node_modules/@babel/core/lib/parser/index.js:41:34)
    at parser.next (<anonymous>)
    at normalizeFile (/tmp/kavia/workspace/code-generation/tictactoeweb-620896-aa8990a6/tic_tac_toe_frontend/node_modules/@babel/core/lib/transformation/normalize-file.js:64:37)
    at normalizeFile.next (<anonymous>)
    at run (/tmp/kavia/workspace/code-generation/tictactoeweb-620896-aa8990a6/tic_tac_toe_frontend/node_modules/@babel/core/lib/transformation/index.js:22:50)
    at run.next (<anonymous>)
    at transform (/tmp/kavia/workspace/code-generation/tictactoeweb-620896-aa8990a6/tic_tac_toe_frontend/node_modules/@babel/core/lib/transform.js:22:33)
    at transform.next (<anonymous>)
    at step (/tmp/kavia/workspace/code-generation/tictactoeweb-620896-aa8990a6/tic_tac_toe_frontend/node_modules/gensync/index.js:261:32)
    at /tmp/kavia/workspace/code-generation/tictactoeweb-620896-aa8990a6/tic_tac_toe_frontend/node_modules/gensync/index.js:273:13
    at async.call.result.err.err (/tmp/kavia/workspace/code-generation/tictactoeweb-620896-aa8990a6/tic_tac_toe_frontend/node_modules/gensync/index.js:223:11)

ERROR in [eslint] 
src/App.js
  Line 55:2:  Parsing error: Unterminated comment. (55:2)

webpack compiled with 2 errors
Compiling...
Failed to compile.

[eslint] 
src/App.js
Syntax error: Unterminated comment. (55:2) (55:2)
ERROR in ./src/App.js
Module build failed (from ./node_modules/babel-loader/lib/index.js):
SyntaxError: /tmp/kavia/workspace/code-generation/tictactoeweb-620896-aa8990a6/tic_tac_toe_frontend/src/App.js: Unterminated comment. (55:2)

  53 |
  54 |   // PUBLIC_INTERFACE
> 55 |   /**
     |   ^
  56 |    * Handle a player move. Posts move to backend for validation and updates UI.
  57 |
    at constructor (/tmp/kavia/workspace/code-generation/tictactoeweb-620896-aa8990a6/tic_tac_toe_frontend/node_modules/@babel/parser/lib/index.js:360:19)
    at FlowParserMixin.raise (/tmp/kavia/workspace/code-generation/tictactoeweb-620896-aa8990a6/tic_tac_toe_frontend/node_modules/@babel/parser/lib/index.js:3327:19)
    at FlowParserMixin.skipBlockComment (/tmp/kavia/workspace/code-generation/tictactoeweb-620896-aa8990a6/tic_tac_toe_frontend/node_modules/@babel/parser/lib/index.js:2518:18)
    at FlowParserMixin.skipBlockComment (/tmp/kavia/workspace/code-generation/tictactoeweb-620896-aa8990a6/tic_tac_toe_frontend/node_modules/@babel/parser/lib/index.js:5928:18)
    at FlowParserMixin.skipSpace (/tmp/kavia/workspace/code-generation/tictactoeweb-620896-aa8990a6/tic_tac_toe_frontend/node_modules/@babel/parser/lib/index.js:2586:38)
    at FlowParserMixin.skipSpace (/tmp/kavia/workspace/code-generation/tictactoeweb-620896-aa8990a6/tic_tac_toe_frontend/node_modules/@babel/parser/lib/index.js:6942:42)
    at FlowParserMixin.nextToken (/tmp/kavia/workspace/code-generation/tictactoeweb-620896-aa8990a6/tic_tac_toe_frontend/node_modules/@babel/parser/lib/index.js:2503:10)
    at FlowParserMixin.next (/tmp/kavia/workspace/code-generation/tictactoeweb-620896-aa8990a6/tic_tac_toe_frontend/node_modules/@babel/parser/lib/index.js:2423:10)
    at FlowParserMixin.eat (/tmp/kavia/workspace/code-generation/tictactoeweb-620896-aa8990a6/tic_tac_toe_frontend/node_modules/@babel/parser/lib/index.js:2427:12)
    at FlowParserMixin.isLineTerminator (/tmp/kavia/workspace/code-generation/tictactoeweb-620896-aa8990a6/tic_tac_toe_frontend/node_modules/@babel/parser/lib/index.js:3649:17)
    at FlowParserMixin.semicolon (/tmp/kavia/workspace/code-generation/tictactoeweb-620896-aa8990a6/tic_tac_toe_frontend/node_modules/@babel/parser/lib/index.js:3652:25)
    at FlowParserMixin.parseExpressionStatement (/tmp/kavia/workspace/code-generation/tictactoeweb-620896-aa8990a6/tic_tac_toe_frontend/node_modules/@babel/parser/lib/index.js:12929:10)
    at FlowParserMixin.parseExpressionStatement (/tmp/kavia/workspace/code-generation/tictactoeweb-620896-aa8990a6/tic_tac_toe_frontend/node_modules/@babel/parser/lib/index.js:5162:18)
    at FlowParserMixin.parseStatementContent (/tmp/kavia/workspace/code-generation/tictactoeweb-620896-aa8990a6/tic_tac_toe_frontend/node_modules/@babel/parser/lib/index.js:12543:19)
    at FlowParserMixin.parseStatementLike (/tmp/kavia/workspace/code-generation/tictactoeweb-620896-aa8990a6/tic_tac_toe_frontend/node_modules/@babel/parser/lib/index.js:12406:17)
    at FlowParserMixin.parseStatementLike (/tmp/kavia/workspace/code-generation/tictactoeweb-620896-aa8990a6/tic_tac_toe_frontend/node_modules/@babel/parser/lib/index.js:5140:24)
    at FlowParserMixin.parseStatementListItem (/tmp/kavia/workspace/code-generation/tictactoeweb-620896-aa8990a6/tic_tac_toe_frontend/node_modules/@babel/parser/lib/index.js:12386:17)
    at FlowParserMixin.parseBlockOrModuleBlockBody (/tmp/kavia/workspace/code-generation/tictactoeweb-620896-aa8990a6/tic_tac_toe_frontend/node_modules/@babel/parser/lib/index.js:12960:61)
    at FlowParserMixin.parseBlockBody (/tmp/kavia/workspace/code-generation/tictactoeweb-620896-aa8990a6/tic_tac_toe_frontend/node_modules/@babel/parser/lib/index.js:12953:10)
    at FlowParserMixin.parseBlock (/tmp/kavia/workspace/code-generation/tictactoeweb-620896-aa8990a6/tic_tac_toe_frontend/node_modules/@babel/parser/lib/index.js:12941:10)
    at FlowParserMixin.parseFunctionBody (/tmp/kavia/workspace/code-generation/tictactoeweb-620896-aa8990a6/tic_tac_toe_frontend/node_modules/@babel/parser/lib/index.js:11783:24)
    at FlowParserMixin.parseFunctionBody (/tmp/kavia/workspace/code-generation/tictactoeweb-620896-aa8990a6/tic_tac_toe_frontend/node_modules/@babel/parser/lib/index.js:5117:11)
    at FlowParserMixin.parseFunctionBodyAndFinish (/tmp/kavia/workspace/code-generation/tictactoeweb-620896-aa8990a6/tic_tac_toe_frontend/node_modules/@babel/parser/lib/index.js:11769:10)
    at FlowParserMixin.parseFunctionBodyAndFinish (/tmp/kavia/workspace/code-generation/tictactoeweb-620896-aa8990a6/tic_tac_toe_frontend/node_modules/@babel/parser/lib/index.js:5125:18)
    at /tmp/kavia/workspace/code-generation/tictactoeweb-620896-aa8990a6/tic_tac_toe_frontend/node_modules/@babel/parser/lib/index.js:13085:12
    at FlowParserMixin.withSmartMixTopicForbiddingContext (/tmp/kavia/workspace/code-generation/tictactoeweb-620896-aa8990a6/tic_tac_toe_frontend/node_modules/@babel/parser/lib/index.js:12077:14)
    at FlowParserMixin.parseFunction (/tmp/kavia/workspace/code-generation/tictactoeweb-620896-aa8990a6/tic_tac_toe_frontend/node_modules/@babel/parser/lib/index.js:13084:10)
    at FlowParserMixin.parseFunctionStatement (/tmp/kavia/workspace/code-generation/tictactoeweb-620896-aa8990a6/tic_tac_toe_frontend/node_modules/@babel/parser/lib/index.js:12769:17)
    at FlowParserMixin.parseStatementContent (/tmp/kavia/workspace/code-generation/tictactoeweb-620896-aa8990a6/tic_tac_toe_frontend/node_modules/@babel/parser/lib/index.js:12430:21)
    at FlowParserMixin.parseStatementLike (/tmp/kavia/workspace/code-generation/tictactoeweb-620896-aa8990a6/tic_tac_toe_frontend/node_modules/@babel/parser/lib/index.js:12406:17)
    at FlowParserMixin.parseStatementLike (/tmp/kavia/workspace/code-generation/tictactoeweb-620896-aa8990a6/tic_tac_toe_frontend/node_modules/@babel/parser/lib/index.js:5140:24)
    at FlowParserMixin.parseModuleItem (/tmp/kavia/workspace/code-generation/tictactoeweb-620896-aa8990a6/tic_tac_toe_frontend/node_modules/@babel/parser/lib/index.js:12383:17)
    at FlowParserMixin.parseBlockOrModuleBlockBody (/tmp/kavia/workspace/code-generation/tictactoeweb-620896-aa8990a6/tic_tac_toe_frontend/node_modules/@babel/parser/lib/index.js:12960:36)
    at FlowParserMixin.parseBlockBody (/tmp/kavia/workspace/code-generation/tictactoeweb-620896-aa8990a6/tic_tac_toe_frontend/node_modules/@babel/parser/lib/index.js:12953:10)
    at FlowParserMixin.parseProgram (/tmp/kavia/workspace/code-generation/tictactoeweb-620896-aa8990a6/tic_tac_toe_frontend/node_modules/@babel/parser/lib/index.js:12280:10)
    at FlowParserMixin.parseTopLevel (/tmp/kavia/workspace/code-generation/tictactoeweb-620896-aa8990a6/tic_tac_toe_frontend/node_modules/@babel/parser/lib/index.js:12270:25)
    at FlowParserMixin.parseTopLevel (/tmp/kavia/workspace/code-generation/tictactoeweb-620896-aa8990a6/tic_tac_toe_frontend/node_modules/@babel/parser/lib/index.js:5909:28)
    at FlowParserMixin.parse (/tmp/kavia/workspace/code-generation/tictactoeweb-620896-aa8990a6/tic_tac_toe_frontend/node_modules/@babel/parser/lib/index.js:14120:10)
    at parse (/tmp/kavia/workspace/code-generation/tictactoeweb-620896-aa8990a6/tic_tac_toe_frontend/node_modules/@babel/parser/lib/index.js:14154:38)
    at parser (/tmp/kavia/workspace/code-generation/tictactoeweb-620896-aa8990a6/tic_tac_toe_frontend/node_modules/@babel/core/lib/parser/index.js:41:34)
    at parser.next (<anonymous>)
    at normalizeFile (/tmp/kavia/workspace/code-generation/tictactoeweb-620896-aa8990a6/tic_tac_toe_frontend/node_modules/@babel/core/lib/transformation/normalize-file.js:64:37)
    at normalizeFile.next (<anonymous>)
    at run (/tmp/kavia/workspace/code-generation/tictactoeweb-620896-aa8990a6/tic_tac_toe_frontend/node_modules/@babel/core/lib/transformation/index.js:22:50)
    at run.next (<anonymous>)
    at transform (/tmp/kavia/workspace/code-generation/tictactoeweb-620896-aa8990a6/tic_tac_toe_frontend/node_modules/@babel/core/lib/transform.js:22:33)
    at transform.next (<anonymous>)
    at step (/tmp/kavia/workspace/code-generation/tictactoeweb-620896-aa8990a6/tic_tac_toe_frontend/node_modules/gensync/index.js:261:32)
    at /tmp/kavia/workspace/code-generation/tictactoeweb-620896-aa8990a6/tic_tac_toe_frontend/node_modules/gensync/index.js:273:13
    at async.call.result.err.err (/tmp/kavia/workspace/code-generation/tictactoeweb-620896-aa8990a6/tic_tac_toe_frontend/node_modules/gensync/index.js:223:11)

ERROR in [eslint] 
src/App.js
  Line 55:2:  Parsing error: Unterminated comment. (55:2)

webpack compiled with 2 errors
Compiling...
Failed to compile.

[eslint] 
src/App.js
Syntax error: Unexpected token (59:0) (59:undefined)
ERROR in ./src/App.js
Module build failed (from ./node_modules/babel-loader/lib/index.js):
SyntaxError: /tmp/kavia/workspace/code-generation/tictactoeweb-620896-aa8990a6/tic_tac_toe_frontend/src/App.js: Unexpected token (59:0)

  57 |    * @param {number} idx - index of square clicked (0-8)
  58 |    */
> 59 |
     | ^
    at constructor (/tmp/kavia/workspace/code-generation/tictactoeweb-620896-aa8990a6/tic_tac_toe_frontend/node_modules/@babel/parser/lib/index.js:360:19)
    at FlowParserMixin.raise (/tmp/kavia/workspace/code-generation/tictactoeweb-620896-aa8990a6/tic_tac_toe_frontend/node_modules/@babel/parser/lib/index.js:3327:19)
    at FlowParserMixin.unexpected (/tmp/kavia/workspace/code-generation/tictactoeweb-620896-aa8990a6/tic_tac_toe_frontend/node_modules/@babel/parser/lib/index.js:3347:16)
    at FlowParserMixin.parseExprAtom (/tmp/kavia/workspace/code-generation/tictactoeweb-620896-aa8990a6/tic_tac_toe_frontend/node_modules/@babel/parser/lib/index.js:11126:16)
    at FlowParserMixin.parseExprAtom (/tmp/kavia/workspace/code-generation/tictactoeweb-620896-aa8990a6/tic_tac_toe_frontend/node_modules/@babel/parser/lib/index.js:6937:20)
    at FlowParserMixin.parseExprSubscripts (/tmp/kavia/workspace/code-generation/tictactoeweb-620896-aa8990a6/tic_tac_toe_frontend/node_modules/@babel/parser/lib/index.js:10758:23)
    at FlowParserMixin.parseUpdate (/tmp/kavia/workspace/code-generation/tictactoeweb-620896-aa8990a6/tic_tac_toe_frontend/node_modules/@babel/parser/lib/index.js:10743:21)
    at FlowParserMixin.parseMaybeUnary (/tmp/kavia/workspace/code-generation/tictactoeweb-620896-aa8990a6/tic_tac_toe_frontend/node_modules/@babel/parser/lib/index.js:10723:23)
    at FlowParserMixin.parseMaybeUnaryOrPrivate (/tmp/kavia/workspace/code-generation/tictactoeweb-620896-aa8990a6/tic_tac_toe_frontend/node_modules/@babel/parser/lib/index.js:10576:61)
    at FlowParserMixin.parseExprOps (/tmp/kavia/workspace/code-generation/tictactoeweb-620896-aa8990a6/tic_tac_toe_frontend/node_modules/@babel/parser/lib/index.js:10581:23)
    at FlowParserMixin.parseMaybeConditional (/tmp/kavia/workspace/code-generation/tictactoeweb-620896-aa8990a6/tic_tac_toe_frontend/node_modules/@babel/parser/lib/index.js:10558:23)
    at FlowParserMixin.parseMaybeAssign (/tmp/kavia/workspace/code-generation/tictactoeweb-620896-aa8990a6/tic_tac_toe_frontend/node_modules/@babel/parser/lib/index.js:10521:21)
    at FlowParserMixin.parseMaybeAssign (/tmp/kavia/workspace/code-generation/tictactoeweb-620896-aa8990a6/tic_tac_toe_frontend/node_modules/@babel/parser/lib/index.js:5773:18)
    at FlowParserMixin.parseExpressionBase (/tmp/kavia/workspace/code-generation/tictactoeweb-620896-aa8990a6/tic_tac_toe_frontend/node_modules/@babel/parser/lib/index.js:10475:23)
    at /tmp/kavia/workspace/code-generation/tictactoeweb-620896-aa8990a6/tic_tac_toe_frontend/node_modules/@babel/parser/lib/index.js:10471:39
    at FlowParserMixin.allowInAnd (/tmp/kavia/workspace/code-generation/tictactoeweb-620896-aa8990a6/tic_tac_toe_frontend/node_modules/@babel/parser/lib/index.js:12095:16)
    at FlowParserMixin.parseExpression (/tmp/kavia/workspace/code-generation/tictactoeweb-620896-aa8990a6/tic_tac_toe_frontend/node_modules/@babel/parser/lib/index.js:10471:17)
    at FlowParserMixin.parseStatementContent (/tmp/kavia/workspace/code-generation/tictactoeweb-620896-aa8990a6/tic_tac_toe_frontend/node_modules/@babel/parser/lib/index.js:12539:23)
    at FlowParserMixin.parseStatementLike (/tmp/kavia/workspace/code-generation/tictactoeweb-620896-aa8990a6/tic_tac_toe_frontend/node_modules/@babel/parser/lib/index.js:12406:17)
    at FlowParserMixin.parseStatementLike (/tmp/kavia/workspace/code-generation/tictactoeweb-620896-aa8990a6/tic_tac_toe_frontend/node_modules/@babel/parser/lib/index.js:5140:24)
    at FlowParserMixin.parseStatementListItem (/tmp/kavia/workspace/code-generation/tictactoeweb-620896-aa8990a6/tic_tac_toe_frontend/node_modules/@babel/parser/lib/index.js:12386:17)
    at FlowParserMixin.parseBlockOrModuleBlockBody (/tmp/kavia/workspace/code-generation/tictactoeweb-620896-aa8990a6/tic_tac_toe_frontend/node_modules/@babel/parser/lib/index.js:12960:61)
    at FlowParserMixin.parseBlockBody (/tmp/kavia/workspace/code-generation/tictactoeweb-620896-aa8990a6/tic_tac_toe_frontend/node_modules/@babel/parser/lib/index.js:12953:10)
    at FlowParserMixin.parseBlock (/tmp/kavia/workspace/code-generation/tictactoeweb-620896-aa8990a6/tic_tac_toe_frontend/node_modules/@babel/parser/lib/index.js:12941:10)
    at FlowParserMixin.parseFunctionBody (/tmp/kavia/workspace/code-generation/tictactoeweb-620896-aa8990a6/tic_tac_toe_frontend/node_modules/@babel/parser/lib/index.js:11783:24)
    at FlowParserMixin.parseFunctionBody (/tmp/kavia/workspace/code-generation/tictactoeweb-620896-aa8990a6/tic_tac_toe_frontend/node_modules/@babel/parser/lib/index.js:5117:11)
    at FlowParserMixin.parseFunctionBodyAndFinish (/tmp/kavia/workspace/code-generation/tictactoeweb-620896-aa8990a6/tic_tac_toe_frontend/node_modules/@babel/parser/lib/index.js:11769:10)
    at FlowParserMixin.parseFunctionBodyAndFinish (/tmp/kavia/workspace/code-generation/tictactoeweb-620896-aa8990a6/tic_tac_toe_frontend/node_modules/@babel/parser/lib/index.js:5125:18)
    at /tmp/kavia/workspace/code-generation/tictactoeweb-620896-aa8990a6/tic_tac_toe_frontend/node_modules/@babel/parser/lib/index.js:13085:12
    at FlowParserMixin.withSmartMixTopicForbiddingContext (/tmp/kavia/workspace/code-generation/tictactoeweb-620896-aa8990a6/tic_tac_toe_frontend/node_modules/@babel/parser/lib/index.js:12077:14)
    at FlowParserMixin.parseFunction (/tmp/kavia/workspace/code-generation/tictactoeweb-620896-aa8990a6/tic_tac_toe_frontend/node_modules/@babel/parser/lib/index.js:13084:10)
    at FlowParserMixin.parseFunctionStatement (/tmp/kavia/workspace/code-generation/tictactoeweb-620896-aa8990a6/tic_tac_toe_frontend/node_modules/@babel/parser/lib/index.js:12769:17)
    at FlowParserMixin.parseStatementContent (/tmp/kavia/workspace/code-generation/tictactoeweb-620896-aa8990a6/tic_tac_toe_frontend/node_modules/@babel/parser/lib/index.js:12430:21)
    at FlowParserMixin.parseStatementLike (/tmp/kavia/workspace/code-generation/tictactoeweb-620896-aa8990a6/tic_tac_toe_frontend/node_modules/@babel/parser/lib/index.js:12406:17)
    at FlowParserMixin.parseStatementLike (/tmp/kavia/workspace/code-generation/tictactoeweb-620896-aa8990a6/tic_tac_toe_frontend/node_modules/@babel/parser/lib/index.js:5140:24)
    at FlowParserMixin.parseModuleItem (/tmp/kavia/workspace/code-generation/tictactoeweb-620896-aa8990a6/tic_tac_toe_frontend/node_modules/@babel/parser/lib/index.js:12383:17)
    at FlowParserMixin.parseBlockOrModuleBlockBody (/tmp/kavia/workspace/code-generation/tictactoeweb-620896-aa8990a6/tic_tac_toe_frontend/node_modules/@babel/parser/lib/index.js:12960:36)
    at FlowParserMixin.parseBlockBody (/tmp/kavia/workspace/code-generation/tictactoeweb-620896-aa8990a6/tic_tac_toe_frontend/node_modules/@babel/parser/lib/index.js:12953:10)
    at FlowParserMixin.parseProgram (/tmp/kavia/workspace/code-generation/tictactoeweb-620896-aa8990a6/tic_tac_toe_frontend/node_modules/@babel/parser/lib/index.js:12280:10)
    at FlowParserMixin.parseTopLevel (/tmp/kavia/workspace/code-generation/tictactoeweb-620896-aa8990a6/tic_tac_toe_frontend/node_modules/@babel/parser/lib/index.js:12270:25)
    at FlowParserMixin.parseTopLevel (/tmp/kavia/workspace/code-generation/tictactoeweb-620896-aa8990a6/tic_tac_toe_frontend/node_modules/@babel/parser/lib/index.js:5909:28)
    at FlowParserMixin.parse (/tmp/kavia/workspace/code-generation/tictactoeweb-620896-aa8990a6/tic_tac_toe_frontend/node_modules/@babel/parser/lib/index.js:14120:10)
    at parse (/tmp/kavia/workspace/code-generation/tictactoeweb-620896-aa8990a6/tic_tac_toe_frontend/node_modules/@babel/parser/lib/index.js:14154:38)
    at parser (/tmp/kavia/workspace/code-generation/tictactoeweb-620896-aa8990a6/tic_tac_toe_frontend/node_modules/@babel/core/lib/parser/index.js:41:34)
    at parser.next (<anonymous>)
    at normalizeFile (/tmp/kavia/workspace/code-generation/tictactoeweb-620896-aa8990a6/tic_tac_toe_frontend/node_modules/@babel/core/lib/transformation/normalize-file.js:64:37)
    at normalizeFile.next (<anonymous>)
    at run (/tmp/kavia/workspace/code-generation/tictactoeweb-620896-aa8990a6/tic_tac_toe_frontend/node_modules/@babel/core/lib/transformation/index.js:22:50)
    at run.next (<anonymous>)
    at transform (/tmp/kavia/workspace/code-generation/tictactoeweb-620896-aa8990a6/tic_tac_toe_frontend/node_modules/@babel/core/lib/transform.js:22:33)

ERROR in [eslint] 
src/App.js
  Line 59:  Parsing error: Unexpected token (59:0)

webpack compiled with 2 errors
Compiling...
Failed to compile.

[eslint] 
src/App.js
Syntax error: Unexpected reserved word 'await'. (32:18) (32:18)
ERROR in ./src/App.js
Module build failed (from ./node_modules/babel-loader/lib/index.js):
SyntaxError: /tmp/kavia/workspace/code-generation/tictactoeweb-620896-aa8990a6/tic_tac_toe_frontend/src/App.js: Unexpected reserved word 'await'. (32:18)

  30 |     try {
  31 |       // POST to backend's "start game" endpoint
> 32 |       const res = await fetch(`${API_BASE_URL}/start`, { method: "POST" });
     |                   ^
  33 |       const data = await res.json();
  34 |       setGameId(data.game_id || data.id || null);
  35 |       setBoard(data.board || Array(9).fill(""));
    at constructor (/tmp/kavia/workspace/code-generation/tictactoeweb-620896-aa8990a6/tic_tac_toe_frontend/node_modules/@babel/parser/lib/index.js:360:19)
    at FlowParserMixin.raise (/tmp/kavia/workspace/code-generation/tictactoeweb-620896-aa8990a6/tic_tac_toe_frontend/node_modules/@babel/parser/lib/index.js:3327:19)
    at FlowParserMixin.checkReservedWord (/tmp/kavia/workspace/code-generation/tictactoeweb-620896-aa8990a6/tic_tac_toe_frontend/node_modules/@babel/parser/lib/index.js:11909:12)
    at FlowParserMixin.parseIdentifierName (/tmp/kavia/workspace/code-generation/tictactoeweb-620896-aa8990a6/tic_tac_toe_frontend/node_modules/@babel/parser/lib/index.js:11889:12)
    at FlowParserMixin.parseIdentifier (/tmp/kavia/workspace/code-generation/tictactoeweb-620896-aa8990a6/tic_tac_toe_frontend/node_modules/@babel/parser/lib/index.js:11864:23)
    at FlowParserMixin.parseExprAtom (/tmp/kavia/workspace/code-generation/tictactoeweb-620896-aa8990a6/tic_tac_toe_frontend/node_modules/@babel/parser/lib/index.js:11100:27)
    at FlowParserMixin.parseExprAtom (/tmp/kavia/workspace/code-generation/tictactoeweb-620896-aa8990a6/tic_tac_toe_frontend/node_modules/@babel/parser/lib/index.js:6937:20)
    at FlowParserMixin.parseExprSubscripts (/tmp/kavia/workspace/code-generation/tictactoeweb-620896-aa8990a6/tic_tac_toe_frontend/node_modules/@babel/parser/lib/index.js:10758:23)
    at FlowParserMixin.parseUpdate (/tmp/kavia/workspace/code-generation/tictactoeweb-620896-aa8990a6/tic_tac_toe_frontend/node_modules/@babel/parser/lib/index.js:10743:21)
    at FlowParserMixin.parseMaybeUnary (/tmp/kavia/workspace/code-generation/tictactoeweb-620896-aa8990a6/tic_tac_toe_frontend/node_modules/@babel/parser/lib/index.js:10723:23)
    at FlowParserMixin.parseMaybeUnaryOrPrivate (/tmp/kavia/workspace/code-generation/tictactoeweb-620896-aa8990a6/tic_tac_toe_frontend/node_modules/@babel/parser/lib/index.js:10576:61)
    at FlowParserMixin.parseExprOps (/tmp/kavia/workspace/code-generation/tictactoeweb-620896-aa8990a6/tic_tac_toe_frontend/node_modules/@babel/parser/lib/index.js:10581:23)
    at FlowParserMixin.parseMaybeConditional (/tmp/kavia/workspace/code-generation/tictactoeweb-620896-aa8990a6/tic_tac_toe_frontend/node_modules/@babel/parser/lib/index.js:10558:23)
    at FlowParserMixin.parseMaybeAssign (/tmp/kavia/workspace/code-generation/tictactoeweb-620896-aa8990a6/tic_tac_toe_frontend/node_modules/@babel/parser/lib/index.js:10521:21)
    at FlowParserMixin.parseMaybeAssign (/tmp/kavia/workspace/code-generation/tictactoeweb-620896-aa8990a6/tic_tac_toe_frontend/node_modules/@babel/parser/lib/index.js:5773:18)
    at /tmp/kavia/workspace/code-generation/tictactoeweb-620896-aa8990a6/tic_tac_toe_frontend/node_modules/@babel/parser/lib/index.js:10491:39
    at FlowParserMixin.allowInAnd (/tmp/kavia/workspace/code-generation/tictactoeweb-620896-aa8990a6/tic_tac_toe_frontend/node_modules/@babel/parser/lib/index.js:12095:16)
    at FlowParserMixin.parseMaybeAssignAllowIn (/tmp/kavia/workspace/code-generation/tictactoeweb-620896-aa8990a6/tic_tac_toe_frontend/node_modules/@babel/parser/lib/index.js:10491:17)
    at FlowParserMixin.parseVar (/tmp/kavia/workspace/code-generation/tictactoeweb-620896-aa8990a6/tic_tac_toe_frontend/node_modules/@babel/parser/lib/index.js:13028:91)
    at FlowParserMixin.parseVarStatement (/tmp/kavia/workspace/code-generation/tictactoeweb-620896-aa8990a6/tic_tac_toe_frontend/node_modules/@babel/parser/lib/index.js:12874:10)
    at FlowParserMixin.parseStatementContent (/tmp/kavia/workspace/code-generation/tictactoeweb-620896-aa8990a6/tic_tac_toe_frontend/node_modules/@babel/parser/lib/index.js:12489:23)
    at FlowParserMixin.parseStatementLike (/tmp/kavia/workspace/code-generation/tictactoeweb-620896-aa8990a6/tic_tac_toe_frontend/node_modules/@babel/parser/lib/index.js:12406:17)
    at FlowParserMixin.parseStatementLike (/tmp/kavia/workspace/code-generation/tictactoeweb-620896-aa8990a6/tic_tac_toe_frontend/node_modules/@babel/parser/lib/index.js:5140:24)
    at FlowParserMixin.parseStatementListItem (/tmp/kavia/workspace/code-generation/tictactoeweb-620896-aa8990a6/tic_tac_toe_frontend/node_modules/@babel/parser/lib/index.js:12386:17)
    at FlowParserMixin.parseBlockOrModuleBlockBody (/tmp/kavia/workspace/code-generation/tictactoeweb-620896-aa8990a6/tic_tac_toe_frontend/node_modules/@babel/parser/lib/index.js:12960:61)
    at FlowParserMixin.parseBlockBody (/tmp/kavia/workspace/code-generation/tictactoeweb-620896-aa8990a6/tic_tac_toe_frontend/node_modules/@babel/parser/lib/index.js:12953:10)
    at FlowParserMixin.parseBlock (/tmp/kavia/workspace/code-generation/tictactoeweb-620896-aa8990a6/tic_tac_toe_frontend/node_modules/@babel/parser/lib/index.js:12941:10)
    at FlowParserMixin.parseTryStatement (/tmp/kavia/workspace/code-generation/tictactoeweb-620896-aa8990a6/tic_tac_toe_frontend/node_modules/@babel/parser/lib/index.js:12849:23)
    at FlowParserMixin.parseStatementContent (/tmp/kavia/workspace/code-generation/tictactoeweb-620896-aa8990a6/tic_tac_toe_frontend/node_modules/@babel/parser/lib/index.js:12443:21)
    at FlowParserMixin.parseStatementLike (/tmp/kavia/workspace/code-generation/tictactoeweb-620896-aa8990a6/tic_tac_toe_frontend/node_modules/@babel/parser/lib/index.js:12406:17)
    at FlowParserMixin.parseStatementLike (/tmp/kavia/workspace/code-generation/tictactoeweb-620896-aa8990a6/tic_tac_toe_frontend/node_modules/@babel/parser/lib/index.js:5140:24)
    at FlowParserMixin.parseStatementListItem (/tmp/kavia/workspace/code-generation/tictactoeweb-620896-aa8990a6/tic_tac_toe_frontend/node_modules/@babel/parser/lib/index.js:12386:17)
    at FlowParserMixin.parseBlockOrModuleBlockBody (/tmp/kavia/workspace/code-generation/tictactoeweb-620896-aa8990a6/tic_tac_toe_frontend/node_modules/@babel/parser/lib/index.js:12960:61)
    at FlowParserMixin.parseBlockBody (/tmp/kavia/workspace/code-generation/tictactoeweb-620896-aa8990a6/tic_tac_toe_frontend/node_modules/@babel/parser/lib/index.js:12953:10)
    at FlowParserMixin.parseBlock (/tmp/kavia/workspace/code-generation/tictactoeweb-620896-aa8990a6/tic_tac_toe_frontend/node_modules/@babel/parser/lib/index.js:12941:10)
    at FlowParserMixin.parseFunctionBody (/tmp/kavia/workspace/code-generation/tictactoeweb-620896-aa8990a6/tic_tac_toe_frontend/node_modules/@babel/parser/lib/index.js:11783:24)
    at FlowParserMixin.parseFunctionBody (/tmp/kavia/workspace/code-generation/tictactoeweb-620896-aa8990a6/tic_tac_toe_frontend/node_modules/@babel/parser/lib/index.js:5117:11)
    at FlowParserMixin.parseFunctionBodyAndFinish (/tmp/kavia/workspace/code-generation/tictactoeweb-620896-aa8990a6/tic_tac_toe_frontend/node_modules/@babel/parser/lib/index.js:11769:10)
    at FlowParserMixin.parseFunctionBodyAndFinish (/tmp/kavia/workspace/code-generation/tictactoeweb-620896-aa8990a6/tic_tac_toe_frontend/node_modules/@babel/parser/lib/index.js:5125:18)
    at /tmp/kavia/workspace/code-generation/tictactoeweb-620896-aa8990a6/tic_tac_toe_frontend/node_modules/@babel/parser/lib/index.js:13085:12
    at FlowParserMixin.withSmartMixTopicForbiddingContext (/tmp/kavia/workspace/code-generation/tictactoeweb-620896-aa8990a6/tic_tac_toe_frontend/node_modules/@babel/parser/lib/index.js:12077:14)
    at FlowParserMixin.parseFunction (/tmp/kavia/workspace/code-generation/tictactoeweb-620896-aa8990a6/tic_tac_toe_frontend/node_modules/@babel/parser/lib/index.js:13084:10)
    at FlowParserMixin.parseFunctionStatement (/tmp/kavia/workspace/code-generation/tictactoeweb-620896-aa8990a6/tic_tac_toe_frontend/node_modules/@babel/parser/lib/index.js:12769:17)
    at FlowParserMixin.parseStatementContent (/tmp/kavia/workspace/code-generation/tictactoeweb-620896-aa8990a6/tic_tac_toe_frontend/node_modules/@babel/parser/lib/index.js:12430:21)
    at FlowParserMixin.parseStatementLike (/tmp/kavia/workspace/code-generation/tictactoeweb-620896-aa8990a6/tic_tac_toe_frontend/node_modules/@babel/parser/lib/index.js:12406:17)
    at FlowParserMixin.parseStatementLike (/tmp/kavia/workspace/code-generation/tictactoeweb-620896-aa8990a6/tic_tac_toe_frontend/node_modules/@babel/parser/lib/index.js:5140:24)
    at FlowParserMixin.parseModuleItem (/tmp/kavia/workspace/code-generation/tictactoeweb-620896-aa8990a6/tic_tac_toe_frontend/node_modules/@babel/parser/lib/index.js:12383:17)
    at FlowParserMixin.parseBlockOrModuleBlockBody (/tmp/kavia/workspace/code-generation/tictactoeweb-620896-aa8990a6/tic_tac_toe_frontend/node_modules/@babel/parser/lib/index.js:12960:36)
    at FlowParserMixin.parseBlockBody (/tmp/kavia/workspace/code-generation/tictactoeweb-620896-aa8990a6/tic_tac_toe_frontend/node_modules/@babel/parser/lib/index.js:12953:10)
    at FlowParserMixin.parseProgram (/tmp/kavia/workspace/code-generation/tictactoeweb-620896-aa8990a6/tic_tac_toe_frontend/node_modules/@babel/parser/lib/index.js:12280:10)

ERROR in [eslint] 
src/App.js
  Line 32:18:  Parsing error: Unexpected reserved word 'await'. (32:18)

webpack compiled with 2 errors
Compiling...
Failed to compile.

[eslint] 
src/App.js
Syntax error: Unexpected token (61:0) (61:undefined)
ERROR in ./src/App.js
Module build failed (from ./node_modules/babel-loader/lib/index.js):
SyntaxError: /tmp/kavia/workspace/code-generation/tictactoeweb-620896-aa8990a6/tic_tac_toe_frontend/src/App.js: Unexpected token (61:0)

  59 |   const handleMove = async (idx) => {
  60 |     if (board[idx] !== "" || gameOver || !gameId) return;
> 61 |
     | ^
    at constructor (/tmp/kavia/workspace/code-generation/tictactoeweb-620896-aa8990a6/tic_tac_toe_frontend/node_modules/@babel/parser/lib/index.js:360:19)
    at FlowParserMixin.raise (/tmp/kavia/workspace/code-generation/tictactoeweb-620896-aa8990a6/tic_tac_toe_frontend/node_modules/@babel/parser/lib/index.js:3327:19)
    at FlowParserMixin.unexpected (/tmp/kavia/workspace/code-generation/tictactoeweb-620896-aa8990a6/tic_tac_toe_frontend/node_modules/@babel/parser/lib/index.js:3347:16)
    at FlowParserMixin.parseExprAtom (/tmp/kavia/workspace/code-generation/tictactoeweb-620896-aa8990a6/tic_tac_toe_frontend/node_modules/@babel/parser/lib/index.js:11126:16)
    at FlowParserMixin.parseExprAtom (/tmp/kavia/workspace/code-generation/tictactoeweb-620896-aa8990a6/tic_tac_toe_frontend/node_modules/@babel/parser/lib/index.js:6937:20)
    at FlowParserMixin.parseExprSubscripts (/tmp/kavia/workspace/code-generation/tictactoeweb-620896-aa8990a6/tic_tac_toe_frontend/node_modules/@babel/parser/lib/index.js:10758:23)
    at FlowParserMixin.parseUpdate (/tmp/kavia/workspace/code-generation/tictactoeweb-620896-aa8990a6/tic_tac_toe_frontend/node_modules/@babel/parser/lib/index.js:10743:21)
    at FlowParserMixin.parseMaybeUnary (/tmp/kavia/workspace/code-generation/tictactoeweb-620896-aa8990a6/tic_tac_toe_frontend/node_modules/@babel/parser/lib/index.js:10723:23)
    at FlowParserMixin.parseMaybeUnaryOrPrivate (/tmp/kavia/workspace/code-generation/tictactoeweb-620896-aa8990a6/tic_tac_toe_frontend/node_modules/@babel/parser/lib/index.js:10576:61)
    at FlowParserMixin.parseExprOps (/tmp/kavia/workspace/code-generation/tictactoeweb-620896-aa8990a6/tic_tac_toe_frontend/node_modules/@babel/parser/lib/index.js:10581:23)
    at FlowParserMixin.parseMaybeConditional (/tmp/kavia/workspace/code-generation/tictactoeweb-620896-aa8990a6/tic_tac_toe_frontend/node_modules/@babel/parser/lib/index.js:10558:23)
    at FlowParserMixin.parseMaybeAssign (/tmp/kavia/workspace/code-generation/tictactoeweb-620896-aa8990a6/tic_tac_toe_frontend/node_modules/@babel/parser/lib/index.js:10521:21)
    at FlowParserMixin.parseMaybeAssign (/tmp/kavia/workspace/code-generation/tictactoeweb-620896-aa8990a6/tic_tac_toe_frontend/node_modules/@babel/parser/lib/index.js:5773:18)
    at FlowParserMixin.parseExpressionBase (/tmp/kavia/workspace/code-generation/tictactoeweb-620896-aa8990a6/tic_tac_toe_frontend/node_modules/@babel/parser/lib/index.js:10475:23)
    at /tmp/kavia/workspace/code-generation/tictactoeweb-620896-aa8990a6/tic_tac_toe_frontend/node_modules/@babel/parser/lib/index.js:10471:39
    at FlowParserMixin.allowInAnd (/tmp/kavia/workspace/code-generation/tictactoeweb-620896-aa8990a6/tic_tac_toe_frontend/node_modules/@babel/parser/lib/index.js:12095:16)
    at FlowParserMixin.parseExpression (/tmp/kavia/workspace/code-generation/tictactoeweb-620896-aa8990a6/tic_tac_toe_frontend/node_modules/@babel/parser/lib/index.js:10471:17)
    at FlowParserMixin.parseStatementContent (/tmp/kavia/workspace/code-generation/tictactoeweb-620896-aa8990a6/tic_tac_toe_frontend/node_modules/@babel/parser/lib/index.js:12539:23)
    at FlowParserMixin.parseStatementLike (/tmp/kavia/workspace/code-generation/tictactoeweb-620896-aa8990a6/tic_tac_toe_frontend/node_modules/@babel/parser/lib/index.js:12406:17)
    at FlowParserMixin.parseStatementLike (/tmp/kavia/workspace/code-generation/tictactoeweb-620896-aa8990a6/tic_tac_toe_frontend/node_modules/@babel/parser/lib/index.js:5140:24)
    at FlowParserMixin.parseStatementListItem (/tmp/kavia/workspace/code-generation/tictactoeweb-620896-aa8990a6/tic_tac_toe_frontend/node_modules/@babel/parser/lib/index.js:12386:17)
    at FlowParserMixin.parseBlockOrModuleBlockBody (/tmp/kavia/workspace/code-generation/tictactoeweb-620896-aa8990a6/tic_tac_toe_frontend/node_modules/@babel/parser/lib/index.js:12960:61)
    at FlowParserMixin.parseBlockBody (/tmp/kavia/workspace/code-generation/tictactoeweb-620896-aa8990a6/tic_tac_toe_frontend/node_modules/@babel/parser/lib/index.js:12953:10)
    at FlowParserMixin.parseBlock (/tmp/kavia/workspace/code-generation/tictactoeweb-620896-aa8990a6/tic_tac_toe_frontend/node_modules/@babel/parser/lib/index.js:12941:10)
    at FlowParserMixin.parseFunctionBody (/tmp/kavia/workspace/code-generation/tictactoeweb-620896-aa8990a6/tic_tac_toe_frontend/node_modules/@babel/parser/lib/index.js:11783:24)
    at /tmp/kavia/workspace/code-generation/tictactoeweb-620896-aa8990a6/tic_tac_toe_frontend/node_modules/@babel/parser/lib/index.js:5114:63
    at FlowParserMixin.forwardNoArrowParamsConversionAt (/tmp/kavia/workspace/code-generation/tictactoeweb-620896-aa8990a6/tic_tac_toe_frontend/node_modules/@babel/parser/lib/index.js:5290:16)
    at FlowParserMixin.parseFunctionBody (/tmp/kavia/workspace/code-generation/tictactoeweb-620896-aa8990a6/tic_tac_toe_frontend/node_modules/@babel/parser/lib/index.js:5114:12)
    at FlowParserMixin.parseArrowExpression (/tmp/kavia/workspace/code-generation/tictactoeweb-620896-aa8990a6/tic_tac_toe_frontend/node_modules/@babel/parser/lib/index.js:11758:10)
    at FlowParserMixin.parseAsyncArrowFromCallExpression (/tmp/kavia/workspace/code-generation/tictactoeweb-620896-aa8990a6/tic_tac_toe_frontend/node_modules/@babel/parser/lib/index.js:10939:10)
    at FlowParserMixin.parseAsyncArrowFromCallExpression (/tmp/kavia/workspace/code-generation/tictactoeweb-620896-aa8990a6/tic_tac_toe_frontend/node_modules/@babel/parser/lib/index.js:5711:18)
    at FlowParserMixin.parseCoverCallAndAsyncArrowHead (/tmp/kavia/workspace/code-generation/tictactoeweb-620896-aa8990a6/tic_tac_toe_frontend/node_modules/@babel/parser/lib/index.js:10869:27)
    at FlowParserMixin.parseSubscript (/tmp/kavia/workspace/code-generation/tictactoeweb-620896-aa8990a6/tic_tac_toe_frontend/node_modules/@babel/parser/lib/index.js:10798:19)
    at FlowParserMixin.parseSubscript (/tmp/kavia/workspace/code-generation/tictactoeweb-620896-aa8990a6/tic_tac_toe_frontend/node_modules/@babel/parser/lib/index.js:5874:18)
    at FlowParserMixin.parseSubscripts (/tmp/kavia/workspace/code-generation/tictactoeweb-620896-aa8990a6/tic_tac_toe_frontend/node_modules/@babel/parser/lib/index.js:10771:19)
    at FlowParserMixin.parseSubscripts (/tmp/kavia/workspace/code-generation/tictactoeweb-620896-aa8990a6/tic_tac_toe_frontend/node_modules/@babel/parser/lib/index.js:5840:18)
    at FlowParserMixin.parseExprSubscripts (/tmp/kavia/workspace/code-generation/tictactoeweb-620896-aa8990a6/tic_tac_toe_frontend/node_modules/@babel/parser/lib/index.js:10762:17)
    at FlowParserMixin.parseUpdate (/tmp/kavia/workspace/code-generation/tictactoeweb-620896-aa8990a6/tic_tac_toe_frontend/node_modules/@babel/parser/lib/index.js:10743:21)
    at FlowParserMixin.parseMaybeUnary (/tmp/kavia/workspace/code-generation/tictactoeweb-620896-aa8990a6/tic_tac_toe_frontend/node_modules/@babel/parser/lib/index.js:10723:23)
    at FlowParserMixin.parseMaybeUnaryOrPrivate (/tmp/kavia/workspace/code-generation/tictactoeweb-620896-aa8990a6/tic_tac_toe_frontend/node_modules/@babel/parser/lib/index.js:10576:61)
    at FlowParserMixin.parseExprOps (/tmp/kavia/workspace/code-generation/tictactoeweb-620896-aa8990a6/tic_tac_toe_frontend/node_modules/@babel/parser/lib/index.js:10581:23)
    at FlowParserMixin.parseMaybeConditional (/tmp/kavia/workspace/code-generation/tictactoeweb-620896-aa8990a6/tic_tac_toe_frontend/node_modules/@babel/parser/lib/index.js:10558:23)
    at FlowParserMixin.parseMaybeAssign (/tmp/kavia/workspace/code-generation/tictactoeweb-620896-aa8990a6/tic_tac_toe_frontend/node_modules/@babel/parser/lib/index.js:10521:21)
    at FlowParserMixin.parseMaybeAssign (/tmp/kavia/workspace/code-generation/tictactoeweb-620896-aa8990a6/tic_tac_toe_frontend/node_modules/@babel/parser/lib/index.js:5773:18)
    at /tmp/kavia/workspace/code-generation/tictactoeweb-620896-aa8990a6/tic_tac_toe_frontend/node_modules/@babel/parser/lib/index.js:10491:39
    at FlowParserMixin.allowInAnd (/tmp/kavia/workspace/code-generation/tictactoeweb-620896-aa8990a6/tic_tac_toe_frontend/node_modules/@babel/parser/lib/index.js:12095:16)
    at FlowParserMixin.parseMaybeAssignAllowIn (/tmp/kavia/workspace/code-generation/tictactoeweb-620896-aa8990a6/tic_tac_toe_frontend/node_modules/@babel/parser/lib/index.js:10491:17)
    at FlowParserMixin.parseVar (/tmp/kavia/workspace/code-generation/tictactoeweb-620896-aa8990a6/tic_tac_toe_frontend/node_modules/@babel/parser/lib/index.js:13028:91)
    at FlowParserMixin.parseVarStatement (/tmp/kavia/workspace/code-generation/tictactoeweb-620896-aa8990a6/tic_tac_toe_frontend/node_modules/@babel/parser/lib/index.js:12874:10)
    at FlowParserMixin.parseStatementContent (/tmp/kavia/workspace/code-generation/tictactoeweb-620896-aa8990a6/tic_tac_toe_frontend/node_modules/@babel/parser/lib/index.js:12489:23)

ERROR in [eslint] 
src/App.js
  Line 61:  Parsing error: Unexpected token (61:0)

webpack compiled with 2 errors
Compiling...
Failed to compile.

[eslint] 
src/App.js
Syntax error: Unexpected token (63:0) (63:undefined)
ERROR in ./src/App.js
Module build failed (from ./node_modules/babel-loader/lib/index.js):
SyntaxError: /tmp/kavia/workspace/code-generation/tictactoeweb-620896-aa8990a6/tic_tac_toe_frontend/src/App.js: Unexpected token (63:0)

  61 |     setIsLoading(true);
  62 |     try {
> 63 |
     | ^
    at constructor (/tmp/kavia/workspace/code-generation/tictactoeweb-620896-aa8990a6/tic_tac_toe_frontend/node_modules/@babel/parser/lib/index.js:360:19)
    at FlowParserMixin.raise (/tmp/kavia/workspace/code-generation/tictactoeweb-620896-aa8990a6/tic_tac_toe_frontend/node_modules/@babel/parser/lib/index.js:3327:19)
    at FlowParserMixin.unexpected (/tmp/kavia/workspace/code-generation/tictactoeweb-620896-aa8990a6/tic_tac_toe_frontend/node_modules/@babel/parser/lib/index.js:3347:16)
    at FlowParserMixin.parseExprAtom (/tmp/kavia/workspace/code-generation/tictactoeweb-620896-aa8990a6/tic_tac_toe_frontend/node_modules/@babel/parser/lib/index.js:11126:16)
    at FlowParserMixin.parseExprAtom (/tmp/kavia/workspace/code-generation/tictactoeweb-620896-aa8990a6/tic_tac_toe_frontend/node_modules/@babel/parser/lib/index.js:6937:20)
    at FlowParserMixin.parseExprSubscripts (/tmp/kavia/workspace/code-generation/tictactoeweb-620896-aa8990a6/tic_tac_toe_frontend/node_modules/@babel/parser/lib/index.js:10758:23)
    at FlowParserMixin.parseUpdate (/tmp/kavia/workspace/code-generation/tictactoeweb-620896-aa8990a6/tic_tac_toe_frontend/node_modules/@babel/parser/lib/index.js:10743:21)
    at FlowParserMixin.parseMaybeUnary (/tmp/kavia/workspace/code-generation/tictactoeweb-620896-aa8990a6/tic_tac_toe_frontend/node_modules/@babel/parser/lib/index.js:10723:23)
    at FlowParserMixin.parseMaybeUnaryOrPrivate (/tmp/kavia/workspace/code-generation/tictactoeweb-620896-aa8990a6/tic_tac_toe_frontend/node_modules/@babel/parser/lib/index.js:10576:61)
    at FlowParserMixin.parseExprOps (/tmp/kavia/workspace/code-generation/tictactoeweb-620896-aa8990a6/tic_tac_toe_frontend/node_modules/@babel/parser/lib/index.js:10581:23)
    at FlowParserMixin.parseMaybeConditional (/tmp/kavia/workspace/code-generation/tictactoeweb-620896-aa8990a6/tic_tac_toe_frontend/node_modules/@babel/parser/lib/index.js:10558:23)
    at FlowParserMixin.parseMaybeAssign (/tmp/kavia/workspace/code-generation/tictactoeweb-620896-aa8990a6/tic_tac_toe_frontend/node_modules/@babel/parser/lib/index.js:10521:21)
    at FlowParserMixin.parseMaybeAssign (/tmp/kavia/workspace/code-generation/tictactoeweb-620896-aa8990a6/tic_tac_toe_frontend/node_modules/@babel/parser/lib/index.js:5773:18)
    at FlowParserMixin.parseExpressionBase (/tmp/kavia/workspace/code-generation/tictactoeweb-620896-aa8990a6/tic_tac_toe_frontend/node_modules/@babel/parser/lib/index.js:10475:23)
    at /tmp/kavia/workspace/code-generation/tictactoeweb-620896-aa8990a6/tic_tac_toe_frontend/node_modules/@babel/parser/lib/index.js:10471:39
    at FlowParserMixin.allowInAnd (/tmp/kavia/workspace/code-generation/tictactoeweb-620896-aa8990a6/tic_tac_toe_frontend/node_modules/@babel/parser/lib/index.js:12095:16)
    at FlowParserMixin.parseExpression (/tmp/kavia/workspace/code-generation/tictactoeweb-620896-aa8990a6/tic_tac_toe_frontend/node_modules/@babel/parser/lib/index.js:10471:17)
    at FlowParserMixin.parseStatementContent (/tmp/kavia/workspace/code-generation/tictactoeweb-620896-aa8990a6/tic_tac_toe_frontend/node_modules/@babel/parser/lib/index.js:12539:23)
    at FlowParserMixin.parseStatementLike (/tmp/kavia/workspace/code-generation/tictactoeweb-620896-aa8990a6/tic_tac_toe_frontend/node_modules/@babel/parser/lib/index.js:12406:17)
    at FlowParserMixin.parseStatementLike (/tmp/kavia/workspace/code-generation/tictactoeweb-620896-aa8990a6/tic_tac_toe_frontend/node_modules/@babel/parser/lib/index.js:5140:24)
    at FlowParserMixin.parseStatementListItem (/tmp/kavia/workspace/code-generation/tictactoeweb-620896-aa8990a6/tic_tac_toe_frontend/node_modules/@babel/parser/lib/index.js:12386:17)
    at FlowParserMixin.parseBlockOrModuleBlockBody (/tmp/kavia/workspace/code-generation/tictactoeweb-620896-aa8990a6/tic_tac_toe_frontend/node_modules/@babel/parser/lib/index.js:12960:61)
    at FlowParserMixin.parseBlockBody (/tmp/kavia/workspace/code-generation/tictactoeweb-620896-aa8990a6/tic_tac_toe_frontend/node_modules/@babel/parser/lib/index.js:12953:10)
    at FlowParserMixin.parseBlock (/tmp/kavia/workspace/code-generation/tictactoeweb-620896-aa8990a6/tic_tac_toe_frontend/node_modules/@babel/parser/lib/index.js:12941:10)
    at FlowParserMixin.parseTryStatement (/tmp/kavia/workspace/code-generation/tictactoeweb-620896-aa8990a6/tic_tac_toe_frontend/node_modules/@babel/parser/lib/index.js:12849:23)
    at FlowParserMixin.parseStatementContent (/tmp/kavia/workspace/code-generation/tictactoeweb-620896-aa8990a6/tic_tac_toe_frontend/node_modules/@babel/parser/lib/index.js:12443:21)
    at FlowParserMixin.parseStatementLike (/tmp/kavia/workspace/code-generation/tictactoeweb-620896-aa8990a6/tic_tac_toe_frontend/node_modules/@babel/parser/lib/index.js:12406:17)
    at FlowParserMixin.parseStatementLike (/tmp/kavia/workspace/code-generation/tictactoeweb-620896-aa8990a6/tic_tac_toe_frontend/node_modules/@babel/parser/lib/index.js:5140:24)
    at FlowParserMixin.parseStatementListItem (/tmp/kavia/workspace/code-generation/tictactoeweb-620896-aa8990a6/tic_tac_toe_frontend/node_modules/@babel/parser/lib/index.js:12386:17)
    at FlowParserMixin.parseBlockOrModuleBlockBody (/tmp/kavia/workspace/code-generation/tictactoeweb-620896-aa8990a6/tic_tac_toe_frontend/node_modules/@babel/parser/lib/index.js:12960:61)
    at FlowParserMixin.parseBlockBody (/tmp/kavia/workspace/code-generation/tictactoeweb-620896-aa8990a6/tic_tac_toe_frontend/node_modules/@babel/parser/lib/index.js:12953:10)
    at FlowParserMixin.parseBlock (/tmp/kavia/workspace/code-generation/tictactoeweb-620896-aa8990a6/tic_tac_toe_frontend/node_modules/@babel/parser/lib/index.js:12941:10)
    at FlowParserMixin.parseFunctionBody (/tmp/kavia/workspace/code-generation/tictactoeweb-620896-aa8990a6/tic_tac_toe_frontend/node_modules/@babel/parser/lib/index.js:11783:24)
    at /tmp/kavia/workspace/code-generation/tictactoeweb-620896-aa8990a6/tic_tac_toe_frontend/node_modules/@babel/parser/lib/index.js:5114:63
    at FlowParserMixin.forwardNoArrowParamsConversionAt (/tmp/kavia/workspace/code-generation/tictactoeweb-620896-aa8990a6/tic_tac_toe_frontend/node_modules/@babel/parser/lib/index.js:5290:16)
    at FlowParserMixin.parseFunctionBody (/tmp/kavia/workspace/code-generation/tictactoeweb-620896-aa8990a6/tic_tac_toe_frontend/node_modules/@babel/parser/lib/index.js:5114:12)
    at FlowParserMixin.parseArrowExpression (/tmp/kavia/workspace/code-generation/tictactoeweb-620896-aa8990a6/tic_tac_toe_frontend/node_modules/@babel/parser/lib/index.js:11758:10)
    at FlowParserMixin.parseAsyncArrowFromCallExpression (/tmp/kavia/workspace/code-generation/tictactoeweb-620896-aa8990a6/tic_tac_toe_frontend/node_modules/@babel/parser/lib/index.js:10939:10)
    at FlowParserMixin.parseAsyncArrowFromCallExpression (/tmp/kavia/workspace/code-generation/tictactoeweb-620896-aa8990a6/tic_tac_toe_frontend/node_modules/@babel/parser/lib/index.js:5711:18)
    at FlowParserMixin.parseCoverCallAndAsyncArrowHead (/tmp/kavia/workspace/code-generation/tictactoeweb-620896-aa8990a6/tic_tac_toe_frontend/node_modules/@babel/parser/lib/index.js:10869:27)
    at FlowParserMixin.parseSubscript (/tmp/kavia/workspace/code-generation/tictactoeweb-620896-aa8990a6/tic_tac_toe_frontend/node_modules/@babel/parser/lib/index.js:10798:19)
    at FlowParserMixin.parseSubscript (/tmp/kavia/workspace/code-generation/tictactoeweb-620896-aa8990a6/tic_tac_toe_frontend/node_modules/@babel/parser/lib/index.js:5874:18)
    at FlowParserMixin.parseSubscripts (/tmp/kavia/workspace/code-generation/tictactoeweb-620896-aa8990a6/tic_tac_toe_frontend/node_modules/@babel/parser/lib/index.js:10771:19)
    at FlowParserMixin.parseSubscripts (/tmp/kavia/workspace/code-generation/tictactoeweb-620896-aa8990a6/tic_tac_toe_frontend/node_modules/@babel/parser/lib/index.js:5840:18)
    at FlowParserMixin.parseExprSubscripts (/tmp/kavia/workspace/code-generation/tictactoeweb-620896-aa8990a6/tic_tac_toe_frontend/node_modules/@babel/parser/lib/index.js:10762:17)
    at FlowParserMixin.parseUpdate (/tmp/kavia/workspace/code-generation/tictactoeweb-620896-aa8990a6/tic_tac_toe_frontend/node_modules/@babel/parser/lib/index.js:10743:21)
    at FlowParserMixin.parseMaybeUnary (/tmp/kavia/workspace/code-generation/tictactoeweb-620896-aa8990a6/tic_tac_toe_frontend/node_modules/@babel/parser/lib/index.js:10723:23)
    at FlowParserMixin.parseMaybeUnaryOrPrivate (/tmp/kavia/workspace/code-generation/tictactoeweb-620896-aa8990a6/tic_tac_toe_frontend/node_modules/@babel/parser/lib/index.js:10576:61)
    at FlowParserMixin.parseExprOps (/tmp/kavia/workspace/code-generation/tictactoeweb-620896-aa8990a6/tic_tac_toe_frontend/node_modules/@babel/parser/lib/index.js:10581:23)
    at FlowParserMixin.parseMaybeConditional (/tmp/kavia/workspace/code-generation/tictactoeweb-620896-aa8990a6/tic_tac_toe_frontend/node_modules/@babel/parser/lib/index.js:10558:23)

ERROR in [eslint] 
src/App.js
  Line 63:  Parsing error: Unexpected token (63:0)

webpack compiled with 2 errors
Compiling...
Failed to compile.

[eslint] 
src/App.js
Syntax error: Unexpected reserved word 'await'. (32:18) (32:18)
ERROR in ./src/App.js
Module build failed (from ./node_modules/babel-loader/lib/index.js):
SyntaxError: /tmp/kavia/workspace/code-generation/tictactoeweb-620896-aa8990a6/tic_tac_toe_frontend/src/App.js: Unexpected reserved word 'await'. (32:18)

  30 |     try {
  31 |       // POST to backend's "start game" endpoint
> 32 |       const res = await fetch(`${API_BASE_URL}/start`, { method: "POST" });
     |                   ^
  33 |       const data = await res.json();
  34 |       setGameId(data.game_id || data.id || null);
  35 |       setBoard(data.board || Array(9).fill(""));
    at constructor (/tmp/kavia/workspace/code-generation/tictactoeweb-620896-aa8990a6/tic_tac_toe_frontend/node_modules/@babel/parser/lib/index.js:360:19)
    at FlowParserMixin.raise (/tmp/kavia/workspace/code-generation/tictactoeweb-620896-aa8990a6/tic_tac_toe_frontend/node_modules/@babel/parser/lib/index.js:3327:19)
    at FlowParserMixin.checkReservedWord (/tmp/kavia/workspace/code-generation/tictactoeweb-620896-aa8990a6/tic_tac_toe_frontend/node_modules/@babel/parser/lib/index.js:11909:12)
    at FlowParserMixin.parseIdentifierName (/tmp/kavia/workspace/code-generation/tictactoeweb-620896-aa8990a6/tic_tac_toe_frontend/node_modules/@babel/parser/lib/index.js:11889:12)
    at FlowParserMixin.parseIdentifier (/tmp/kavia/workspace/code-generation/tictactoeweb-620896-aa8990a6/tic_tac_toe_frontend/node_modules/@babel/parser/lib/index.js:11864:23)
    at FlowParserMixin.parseExprAtom (/tmp/kavia/workspace/code-generation/tictactoeweb-620896-aa8990a6/tic_tac_toe_frontend/node_modules/@babel/parser/lib/index.js:11100:27)
    at FlowParserMixin.parseExprAtom (/tmp/kavia/workspace/code-generation/tictactoeweb-620896-aa8990a6/tic_tac_toe_frontend/node_modules/@babel/parser/lib/index.js:6937:20)
    at FlowParserMixin.parseExprSubscripts (/tmp/kavia/workspace/code-generation/tictactoeweb-620896-aa8990a6/tic_tac_toe_frontend/node_modules/@babel/parser/lib/index.js:10758:23)
    at FlowParserMixin.parseUpdate (/tmp/kavia/workspace/code-generation/tictactoeweb-620896-aa8990a6/tic_tac_toe_frontend/node_modules/@babel/parser/lib/index.js:10743:21)
    at FlowParserMixin.parseMaybeUnary (/tmp/kavia/workspace/code-generation/tictactoeweb-620896-aa8990a6/tic_tac_toe_frontend/node_modules/@babel/parser/lib/index.js:10723:23)
    at FlowParserMixin.parseMaybeUnaryOrPrivate (/tmp/kavia/workspace/code-generation/tictactoeweb-620896-aa8990a6/tic_tac_toe_frontend/node_modules/@babel/parser/lib/index.js:10576:61)
    at FlowParserMixin.parseExprOps (/tmp/kavia/workspace/code-generation/tictactoeweb-620896-aa8990a6/tic_tac_toe_frontend/node_modules/@babel/parser/lib/index.js:10581:23)
    at FlowParserMixin.parseMaybeConditional (/tmp/kavia/workspace/code-generation/tictactoeweb-620896-aa8990a6/tic_tac_toe_frontend/node_modules/@babel/parser/lib/index.js:10558:23)
    at FlowParserMixin.parseMaybeAssign (/tmp/kavia/workspace/code-generation/tictactoeweb-620896-aa8990a6/tic_tac_toe_frontend/node_modules/@babel/parser/lib/index.js:10521:21)
    at FlowParserMixin.parseMaybeAssign (/tmp/kavia/workspace/code-generation/tictactoeweb-620896-aa8990a6/tic_tac_toe_frontend/node_modules/@babel/parser/lib/index.js:5773:18)
    at /tmp/kavia/workspace/code-generation/tictactoeweb-620896-aa8990a6/tic_tac_toe_frontend/node_modules/@babel/parser/lib/index.js:10491:39
    at FlowParserMixin.allowInAnd (/tmp/kavia/workspace/code-generation/tictactoeweb-620896-aa8990a6/tic_tac_toe_frontend/node_modules/@babel/parser/lib/index.js:12095:16)
    at FlowParserMixin.parseMaybeAssignAllowIn (/tmp/kavia/workspace/code-generation/tictactoeweb-620896-aa8990a6/tic_tac_toe_frontend/node_modules/@babel/parser/lib/index.js:10491:17)
    at FlowParserMixin.parseVar (/tmp/kavia/workspace/code-generation/tictactoeweb-620896-aa8990a6/tic_tac_toe_frontend/node_modules/@babel/parser/lib/index.js:13028:91)
    at FlowParserMixin.parseVarStatement (/tmp/kavia/workspace/code-generation/tictactoeweb-620896-aa8990a6/tic_tac_toe_frontend/node_modules/@babel/parser/lib/index.js:12874:10)
    at FlowParserMixin.parseStatementContent (/tmp/kavia/workspace/code-generation/tictactoeweb-620896-aa8990a6/tic_tac_toe_frontend/node_modules/@babel/parser/lib/index.js:12489:23)
    at FlowParserMixin.parseStatementLike (/tmp/kavia/workspace/code-generation/tictactoeweb-620896-aa8990a6/tic_tac_toe_frontend/node_modules/@babel/parser/lib/index.js:12406:17)
    at FlowParserMixin.parseStatementLike (/tmp/kavia/workspace/code-generation/tictactoeweb-620896-aa8990a6/tic_tac_toe_frontend/node_modules/@babel/parser/lib/index.js:5140:24)
    at FlowParserMixin.parseStatementListItem (/tmp/kavia/workspace/code-generation/tictactoeweb-620896-aa8990a6/tic_tac_toe_frontend/node_modules/@babel/parser/lib/index.js:12386:17)
    at FlowParserMixin.parseBlockOrModuleBlockBody (/tmp/kavia/workspace/code-generation/tictactoeweb-620896-aa8990a6/tic_tac_toe_frontend/node_modules/@babel/parser/lib/index.js:12960:61)
    at FlowParserMixin.parseBlockBody (/tmp/kavia/workspace/code-generation/tictactoeweb-620896-aa8990a6/tic_tac_toe_frontend/node_modules/@babel/parser/lib/index.js:12953:10)
    at FlowParserMixin.parseBlock (/tmp/kavia/workspace/code-generation/tictactoeweb-620896-aa8990a6/tic_tac_toe_frontend/node_modules/@babel/parser/lib/index.js:12941:10)
    at FlowParserMixin.parseTryStatement (/tmp/kavia/workspace/code-generation/tictactoeweb-620896-aa8990a6/tic_tac_toe_frontend/node_modules/@babel/parser/lib/index.js:12849:23)
    at FlowParserMixin.parseStatementContent (/tmp/kavia/workspace/code-generation/tictactoeweb-620896-aa8990a6/tic_tac_toe_frontend/node_modules/@babel/parser/lib/index.js:12443:21)
    at FlowParserMixin.parseStatementLike (/tmp/kavia/workspace/code-generation/tictactoeweb-620896-aa8990a6/tic_tac_toe_frontend/node_modules/@babel/parser/lib/index.js:12406:17)
    at FlowParserMixin.parseStatementLike (/tmp/kavia/workspace/code-generation/tictactoeweb-620896-aa8990a6/tic_tac_toe_frontend/node_modules/@babel/parser/lib/index.js:5140:24)
    at FlowParserMixin.parseStatementListItem (/tmp/kavia/workspace/code-generation/tictactoeweb-620896-aa8990a6/tic_tac_toe_frontend/node_modules/@babel/parser/lib/index.js:12386:17)
    at FlowParserMixin.parseBlockOrModuleBlockBody (/tmp/kavia/workspace/code-generation/tictactoeweb-620896-aa8990a6/tic_tac_toe_frontend/node_modules/@babel/parser/lib/index.js:12960:61)
    at FlowParserMixin.parseBlockBody (/tmp/kavia/workspace/code-generation/tictactoeweb-620896-aa8990a6/tic_tac_toe_frontend/node_modules/@babel/parser/lib/index.js:12953:10)
    at FlowParserMixin.parseBlock (/tmp/kavia/workspace/code-generation/tictactoeweb-620896-aa8990a6/tic_tac_toe_frontend/node_modules/@babel/parser/lib/index.js:12941:10)
    at FlowParserMixin.parseFunctionBody (/tmp/kavia/workspace/code-generation/tictactoeweb-620896-aa8990a6/tic_tac_toe_frontend/node_modules/@babel/parser/lib/index.js:11783:24)
    at FlowParserMixin.parseFunctionBody (/tmp/kavia/workspace/code-generation/tictactoeweb-620896-aa8990a6/tic_tac_toe_frontend/node_modules/@babel/parser/lib/index.js:5117:11)
    at FlowParserMixin.parseFunctionBodyAndFinish (/tmp/kavia/workspace/code-generation/tictactoeweb-620896-aa8990a6/tic_tac_toe_frontend/node_modules/@babel/parser/lib/index.js:11769:10)
    at FlowParserMixin.parseFunctionBodyAndFinish (/tmp/kavia/workspace/code-generation/tictactoeweb-620896-aa8990a6/tic_tac_toe_frontend/node_modules/@babel/parser/lib/index.js:5125:18)
    at /tmp/kavia/workspace/code-generation/tictactoeweb-620896-aa8990a6/tic_tac_toe_frontend/node_modules/@babel/parser/lib/index.js:13085:12
    at FlowParserMixin.withSmartMixTopicForbiddingContext (/tmp/kavia/workspace/code-generation/tictactoeweb-620896-aa8990a6/tic_tac_toe_frontend/node_modules/@babel/parser/lib/index.js:12077:14)
    at FlowParserMixin.parseFunction (/tmp/kavia/workspace/code-generation/tictactoeweb-620896-aa8990a6/tic_tac_toe_frontend/node_modules/@babel/parser/lib/index.js:13084:10)
    at FlowParserMixin.parseFunctionStatement (/tmp/kavia/workspace/code-generation/tictactoeweb-620896-aa8990a6/tic_tac_toe_frontend/node_modules/@babel/parser/lib/index.js:12769:17)
    at FlowParserMixin.parseStatementContent (/tmp/kavia/workspace/code-generation/tictactoeweb-620896-aa8990a6/tic_tac_toe_frontend/node_modules/@babel/parser/lib/index.js:12430:21)
    at FlowParserMixin.parseStatementLike (/tmp/kavia/workspace/code-generation/tictactoeweb-620896-aa8990a6/tic_tac_toe_frontend/node_modules/@babel/parser/lib/index.js:12406:17)
    at FlowParserMixin.parseStatementLike (/tmp/kavia/workspace/code-generation/tictactoeweb-620896-aa8990a6/tic_tac_toe_frontend/node_modules/@babel/parser/lib/index.js:5140:24)
    at FlowParserMixin.parseModuleItem (/tmp/kavia/workspace/code-generation/tictactoeweb-620896-aa8990a6/tic_tac_toe_frontend/node_modules/@babel/parser/lib/index.js:12383:17)
    at FlowParserMixin.parseBlockOrModuleBlockBody (/tmp/kavia/workspace/code-generation/tictactoeweb-620896-aa8990a6/tic_tac_toe_frontend/node_modules/@babel/parser/lib/index.js:12960:36)
    at FlowParserMixin.parseBlockBody (/tmp/kavia/workspace/code-generation/tictactoeweb-620896-aa8990a6/tic_tac_toe_frontend/node_modules/@babel/parser/lib/index.js:12953:10)
    at FlowParserMixin.parseProgram (/tmp/kavia/workspace/code-generation/tictactoeweb-620896-aa8990a6/tic_tac_toe_frontend/node_modules/@babel/parser/lib/index.js:12280:10)

ERROR in [eslint] 
src/App.js
  Line 32:18:  Parsing error: Unexpected reserved word 'await'. (32:18)

webpack compiled with 2 errors
Compiling...
Failed to compile.

[eslint] 
src/App.js
Syntax error: Unexpected token (66:0) (66:undefined)
ERROR in ./src/App.js
Module build failed (from ./node_modules/babel-loader/lib/index.js):
SyntaxError: /tmp/kavia/workspace/code-generation/tictactoeweb-620896-aa8990a6/tic_tac_toe_frontend/src/App.js: Unexpected token (66:0)

  64 |       const res = await fetch(`${API_BASE_URL}/move`, {
  65 |         method: "POST",
> 66 |
     | ^
    at constructor (/tmp/kavia/workspace/code-generation/tictactoeweb-620896-aa8990a6/tic_tac_toe_frontend/node_modules/@babel/parser/lib/index.js:360:19)
    at FlowParserMixin.raise (/tmp/kavia/workspace/code-generation/tictactoeweb-620896-aa8990a6/tic_tac_toe_frontend/node_modules/@babel/parser/lib/index.js:3327:19)
    at FlowParserMixin.unexpected (/tmp/kavia/workspace/code-generation/tictactoeweb-620896-aa8990a6/tic_tac_toe_frontend/node_modules/@babel/parser/lib/index.js:3347:16)
    at FlowParserMixin.parsePropertyName (/tmp/kavia/workspace/code-generation/tictactoeweb-620896-aa8990a6/tic_tac_toe_frontend/node_modules/@babel/parser/lib/index.js:11707:18)
    at FlowParserMixin.parsePropertyDefinition (/tmp/kavia/workspace/code-generation/tictactoeweb-620896-aa8990a6/tic_tac_toe_frontend/node_modules/@babel/parser/lib/index.js:11575:10)
    at FlowParserMixin.parseObjectLike (/tmp/kavia/workspace/code-generation/tictactoeweb-620896-aa8990a6/tic_tac_toe_frontend/node_modules/@babel/parser/lib/index.js:11516:21)
    at FlowParserMixin.parseExprAtom (/tmp/kavia/workspace/code-generation/tictactoeweb-620896-aa8990a6/tic_tac_toe_frontend/node_modules/@babel/parser/lib/index.js:11024:23)
    at FlowParserMixin.parseExprAtom (/tmp/kavia/workspace/code-generation/tictactoeweb-620896-aa8990a6/tic_tac_toe_frontend/node_modules/@babel/parser/lib/index.js:6937:20)
    at FlowParserMixin.parseExprSubscripts (/tmp/kavia/workspace/code-generation/tictactoeweb-620896-aa8990a6/tic_tac_toe_frontend/node_modules/@babel/parser/lib/index.js:10758:23)
    at FlowParserMixin.parseUpdate (/tmp/kavia/workspace/code-generation/tictactoeweb-620896-aa8990a6/tic_tac_toe_frontend/node_modules/@babel/parser/lib/index.js:10743:21)
    at FlowParserMixin.parseMaybeUnary (/tmp/kavia/workspace/code-generation/tictactoeweb-620896-aa8990a6/tic_tac_toe_frontend/node_modules/@babel/parser/lib/index.js:10723:23)
    at FlowParserMixin.parseMaybeUnaryOrPrivate (/tmp/kavia/workspace/code-generation/tictactoeweb-620896-aa8990a6/tic_tac_toe_frontend/node_modules/@babel/parser/lib/index.js:10576:61)
    at FlowParserMixin.parseExprOps (/tmp/kavia/workspace/code-generation/tictactoeweb-620896-aa8990a6/tic_tac_toe_frontend/node_modules/@babel/parser/lib/index.js:10581:23)
    at FlowParserMixin.parseMaybeConditional (/tmp/kavia/workspace/code-generation/tictactoeweb-620896-aa8990a6/tic_tac_toe_frontend/node_modules/@babel/parser/lib/index.js:10558:23)
    at FlowParserMixin.parseMaybeAssign (/tmp/kavia/workspace/code-generation/tictactoeweb-620896-aa8990a6/tic_tac_toe_frontend/node_modules/@babel/parser/lib/index.js:10521:21)
    at FlowParserMixin.parseMaybeAssign (/tmp/kavia/workspace/code-generation/tictactoeweb-620896-aa8990a6/tic_tac_toe_frontend/node_modules/@babel/parser/lib/index.js:5773:18)
    at /tmp/kavia/workspace/code-generation/tictactoeweb-620896-aa8990a6/tic_tac_toe_frontend/node_modules/@babel/parser/lib/index.js:10491:39
    at FlowParserMixin.allowInAnd (/tmp/kavia/workspace/code-generation/tictactoeweb-620896-aa8990a6/tic_tac_toe_frontend/node_modules/@babel/parser/lib/index.js:12100:12)
    at FlowParserMixin.parseMaybeAssignAllowIn (/tmp/kavia/workspace/code-generation/tictactoeweb-620896-aa8990a6/tic_tac_toe_frontend/node_modules/@babel/parser/lib/index.js:10491:17)
    at FlowParserMixin.parseExprListItem (/tmp/kavia/workspace/code-generation/tictactoeweb-620896-aa8990a6/tic_tac_toe_frontend/node_modules/@babel/parser/lib/index.js:11858:18)
    at FlowParserMixin.parseCallExpressionArguments (/tmp/kavia/workspace/code-generation/tictactoeweb-620896-aa8990a6/tic_tac_toe_frontend/node_modules/@babel/parser/lib/index.js:10927:22)
    at FlowParserMixin.parseCoverCallAndAsyncArrowHead (/tmp/kavia/workspace/code-generation/tictactoeweb-620896-aa8990a6/tic_tac_toe_frontend/node_modules/@babel/parser/lib/index.js:10861:29)
    at FlowParserMixin.parseSubscript (/tmp/kavia/workspace/code-generation/tictactoeweb-620896-aa8990a6/tic_tac_toe_frontend/node_modules/@babel/parser/lib/index.js:10798:19)
    at FlowParserMixin.parseSubscript (/tmp/kavia/workspace/code-generation/tictactoeweb-620896-aa8990a6/tic_tac_toe_frontend/node_modules/@babel/parser/lib/index.js:5874:18)
    at FlowParserMixin.parseSubscripts (/tmp/kavia/workspace/code-generation/tictactoeweb-620896-aa8990a6/tic_tac_toe_frontend/node_modules/@babel/parser/lib/index.js:10771:19)
    at FlowParserMixin.parseSubscripts (/tmp/kavia/workspace/code-generation/tictactoeweb-620896-aa8990a6/tic_tac_toe_frontend/node_modules/@babel/parser/lib/index.js:5840:18)
    at FlowParserMixin.parseExprSubscripts (/tmp/kavia/workspace/code-generation/tictactoeweb-620896-aa8990a6/tic_tac_toe_frontend/node_modules/@babel/parser/lib/index.js:10762:17)
    at FlowParserMixin.parseUpdate (/tmp/kavia/workspace/code-generation/tictactoeweb-620896-aa8990a6/tic_tac_toe_frontend/node_modules/@babel/parser/lib/index.js:10743:21)
    at FlowParserMixin.parseMaybeUnary (/tmp/kavia/workspace/code-generation/tictactoeweb-620896-aa8990a6/tic_tac_toe_frontend/node_modules/@babel/parser/lib/index.js:10723:23)
    at FlowParserMixin.parseAwait (/tmp/kavia/workspace/code-generation/tictactoeweb-620896-aa8990a6/tic_tac_toe_frontend/node_modules/@babel/parser/lib/index.js:11956:28)
    at FlowParserMixin.parseMaybeUnary (/tmp/kavia/workspace/code-generation/tictactoeweb-620896-aa8990a6/tic_tac_toe_frontend/node_modules/@babel/parser/lib/index.js:10692:25)
    at FlowParserMixin.parseMaybeUnaryOrPrivate (/tmp/kavia/workspace/code-generation/tictactoeweb-620896-aa8990a6/tic_tac_toe_frontend/node_modules/@babel/parser/lib/index.js:10576:61)
    at FlowParserMixin.parseExprOps (/tmp/kavia/workspace/code-generation/tictactoeweb-620896-aa8990a6/tic_tac_toe_frontend/node_modules/@babel/parser/lib/index.js:10581:23)
    at FlowParserMixin.parseMaybeConditional (/tmp/kavia/workspace/code-generation/tictactoeweb-620896-aa8990a6/tic_tac_toe_frontend/node_modules/@babel/parser/lib/index.js:10558:23)
    at FlowParserMixin.parseMaybeAssign (/tmp/kavia/workspace/code-generation/tictactoeweb-620896-aa8990a6/tic_tac_toe_frontend/node_modules/@babel/parser/lib/index.js:10521:21)
    at FlowParserMixin.parseMaybeAssign (/tmp/kavia/workspace/code-generation/tictactoeweb-620896-aa8990a6/tic_tac_toe_frontend/node_modules/@babel/parser/lib/index.js:5773:18)
    at /tmp/kavia/workspace/code-generation/tictactoeweb-620896-aa8990a6/tic_tac_toe_frontend/node_modules/@babel/parser/lib/index.js:10491:39
    at FlowParserMixin.allowInAnd (/tmp/kavia/workspace/code-generation/tictactoeweb-620896-aa8990a6/tic_tac_toe_frontend/node_modules/@babel/parser/lib/index.js:12095:16)
    at FlowParserMixin.parseMaybeAssignAllowIn (/tmp/kavia/workspace/code-generation/tictactoeweb-620896-aa8990a6/tic_tac_toe_frontend/node_modules/@babel/parser/lib/index.js:10491:17)
    at FlowParserMixin.parseVar (/tmp/kavia/workspace/code-generation/tictactoeweb-620896-aa8990a6/tic_tac_toe_frontend/node_modules/@babel/parser/lib/index.js:13028:91)
    at FlowParserMixin.parseVarStatement (/tmp/kavia/workspace/code-generation/tictactoeweb-620896-aa8990a6/tic_tac_toe_frontend/node_modules/@babel/parser/lib/index.js:12874:10)
    at FlowParserMixin.parseStatementContent (/tmp/kavia/workspace/code-generation/tictactoeweb-620896-aa8990a6/tic_tac_toe_frontend/node_modules/@babel/parser/lib/index.js:12489:23)
    at FlowParserMixin.parseStatementLike (/tmp/kavia/workspace/code-generation/tictactoeweb-620896-aa8990a6/tic_tac_toe_frontend/node_modules/@babel/parser/lib/index.js:12406:17)
    at FlowParserMixin.parseStatementLike (/tmp/kavia/workspace/code-generation/tictactoeweb-620896-aa8990a6/tic_tac_toe_frontend/node_modules/@babel/parser/lib/index.js:5140:24)
    at FlowParserMixin.parseStatementListItem (/tmp/kavia/workspace/code-generation/tictactoeweb-620896-aa8990a6/tic_tac_toe_frontend/node_modules/@babel/parser/lib/index.js:12386:17)
    at FlowParserMixin.parseBlockOrModuleBlockBody (/tmp/kavia/workspace/code-generation/tictactoeweb-620896-aa8990a6/tic_tac_toe_frontend/node_modules/@babel/parser/lib/index.js:12960:61)
    at FlowParserMixin.parseBlockBody (/tmp/kavia/workspace/code-generation/tictactoeweb-620896-aa8990a6/tic_tac_toe_frontend/node_modules/@babel/parser/lib/index.js:12953:10)
    at FlowParserMixin.parseBlock (/tmp/kavia/workspace/code-generation/tictactoeweb-620896-aa8990a6/tic_tac_toe_frontend/node_modules/@babel/parser/lib/index.js:12941:10)
    at FlowParserMixin.parseTryStatement (/tmp/kavia/workspace/code-generation/tictactoeweb-620896-aa8990a6/tic_tac_toe_frontend/node_modules/@babel/parser/lib/index.js:12849:23)
    at FlowParserMixin.parseStatementContent (/tmp/kavia/workspace/code-generation/tictactoeweb-620896-aa8990a6/tic_tac_toe_frontend/node_modules/@babel/parser/lib/index.js:12443:21)

ERROR in [eslint] 
src/App.js
  Line 66:  Parsing error: Unexpected token (66:0)

webpack compiled with 2 errors
Compiling...
Failed to compile.

[eslint] 
src/App.js
Syntax error: Unexpected token (70:0) (70:undefined)
ERROR in ./src/App.js
Module build failed (from ./node_modules/babel-loader/lib/index.js):
SyntaxError: /tmp/kavia/workspace/code-generation/tictactoeweb-620896-aa8990a6/tic_tac_toe_frontend/src/App.js: Unexpected token (70:0)

  68 |           game_id: gameId,
  69 |           position: idx,
> 70 |
     | ^
    at constructor (/tmp/kavia/workspace/code-generation/tictactoeweb-620896-aa8990a6/tic_tac_toe_frontend/node_modules/@babel/parser/lib/index.js:360:19)
    at FlowParserMixin.raise (/tmp/kavia/workspace/code-generation/tictactoeweb-620896-aa8990a6/tic_tac_toe_frontend/node_modules/@babel/parser/lib/index.js:3327:19)
    at FlowParserMixin.unexpected (/tmp/kavia/workspace/code-generation/tictactoeweb-620896-aa8990a6/tic_tac_toe_frontend/node_modules/@babel/parser/lib/index.js:3347:16)
    at FlowParserMixin.parsePropertyName (/tmp/kavia/workspace/code-generation/tictactoeweb-620896-aa8990a6/tic_tac_toe_frontend/node_modules/@babel/parser/lib/index.js:11707:18)
    at FlowParserMixin.parsePropertyDefinition (/tmp/kavia/workspace/code-generation/tictactoeweb-620896-aa8990a6/tic_tac_toe_frontend/node_modules/@babel/parser/lib/index.js:11575:10)
    at FlowParserMixin.parseObjectLike (/tmp/kavia/workspace/code-generation/tictactoeweb-620896-aa8990a6/tic_tac_toe_frontend/node_modules/@babel/parser/lib/index.js:11516:21)
    at FlowParserMixin.parseExprAtom (/tmp/kavia/workspace/code-generation/tictactoeweb-620896-aa8990a6/tic_tac_toe_frontend/node_modules/@babel/parser/lib/index.js:11024:23)
    at FlowParserMixin.parseExprAtom (/tmp/kavia/workspace/code-generation/tictactoeweb-620896-aa8990a6/tic_tac_toe_frontend/node_modules/@babel/parser/lib/index.js:6937:20)
    at FlowParserMixin.parseExprSubscripts (/tmp/kavia/workspace/code-generation/tictactoeweb-620896-aa8990a6/tic_tac_toe_frontend/node_modules/@babel/parser/lib/index.js:10758:23)
    at FlowParserMixin.parseUpdate (/tmp/kavia/workspace/code-generation/tictactoeweb-620896-aa8990a6/tic_tac_toe_frontend/node_modules/@babel/parser/lib/index.js:10743:21)
    at FlowParserMixin.parseMaybeUnary (/tmp/kavia/workspace/code-generation/tictactoeweb-620896-aa8990a6/tic_tac_toe_frontend/node_modules/@babel/parser/lib/index.js:10723:23)
    at FlowParserMixin.parseMaybeUnaryOrPrivate (/tmp/kavia/workspace/code-generation/tictactoeweb-620896-aa8990a6/tic_tac_toe_frontend/node_modules/@babel/parser/lib/index.js:10576:61)
    at FlowParserMixin.parseExprOps (/tmp/kavia/workspace/code-generation/tictactoeweb-620896-aa8990a6/tic_tac_toe_frontend/node_modules/@babel/parser/lib/index.js:10581:23)
    at FlowParserMixin.parseMaybeConditional (/tmp/kavia/workspace/code-generation/tictactoeweb-620896-aa8990a6/tic_tac_toe_frontend/node_modules/@babel/parser/lib/index.js:10558:23)
    at FlowParserMixin.parseMaybeAssign (/tmp/kavia/workspace/code-generation/tictactoeweb-620896-aa8990a6/tic_tac_toe_frontend/node_modules/@babel/parser/lib/index.js:10521:21)
    at FlowParserMixin.parseMaybeAssign (/tmp/kavia/workspace/code-generation/tictactoeweb-620896-aa8990a6/tic_tac_toe_frontend/node_modules/@babel/parser/lib/index.js:5773:18)
    at /tmp/kavia/workspace/code-generation/tictactoeweb-620896-aa8990a6/tic_tac_toe_frontend/node_modules/@babel/parser/lib/index.js:10491:39
    at FlowParserMixin.allowInAnd (/tmp/kavia/workspace/code-generation/tictactoeweb-620896-aa8990a6/tic_tac_toe_frontend/node_modules/@babel/parser/lib/index.js:12100:12)
    at FlowParserMixin.parseMaybeAssignAllowIn (/tmp/kavia/workspace/code-generation/tictactoeweb-620896-aa8990a6/tic_tac_toe_frontend/node_modules/@babel/parser/lib/index.js:10491:17)
    at FlowParserMixin.parseExprListItem (/tmp/kavia/workspace/code-generation/tictactoeweb-620896-aa8990a6/tic_tac_toe_frontend/node_modules/@babel/parser/lib/index.js:11858:18)
    at FlowParserMixin.parseCallExpressionArguments (/tmp/kavia/workspace/code-generation/tictactoeweb-620896-aa8990a6/tic_tac_toe_frontend/node_modules/@babel/parser/lib/index.js:10927:22)
    at FlowParserMixin.parseCoverCallAndAsyncArrowHead (/tmp/kavia/workspace/code-generation/tictactoeweb-620896-aa8990a6/tic_tac_toe_frontend/node_modules/@babel/parser/lib/index.js:10861:29)
    at FlowParserMixin.parseSubscript (/tmp/kavia/workspace/code-generation/tictactoeweb-620896-aa8990a6/tic_tac_toe_frontend/node_modules/@babel/parser/lib/index.js:10798:19)
    at FlowParserMixin.parseSubscript (/tmp/kavia/workspace/code-generation/tictactoeweb-620896-aa8990a6/tic_tac_toe_frontend/node_modules/@babel/parser/lib/index.js:5874:18)
    at FlowParserMixin.parseSubscripts (/tmp/kavia/workspace/code-generation/tictactoeweb-620896-aa8990a6/tic_tac_toe_frontend/node_modules/@babel/parser/lib/index.js:10771:19)
    at FlowParserMixin.parseSubscripts (/tmp/kavia/workspace/code-generation/tictactoeweb-620896-aa8990a6/tic_tac_toe_frontend/node_modules/@babel/parser/lib/index.js:5840:18)
    at FlowParserMixin.parseExprSubscripts (/tmp/kavia/workspace/code-generation/tictactoeweb-620896-aa8990a6/tic_tac_toe_frontend/node_modules/@babel/parser/lib/index.js:10762:17)
    at FlowParserMixin.parseUpdate (/tmp/kavia/workspace/code-generation/tictactoeweb-620896-aa8990a6/tic_tac_toe_frontend/node_modules/@babel/parser/lib/index.js:10743:21)
    at FlowParserMixin.parseMaybeUnary (/tmp/kavia/workspace/code-generation/tictactoeweb-620896-aa8990a6/tic_tac_toe_frontend/node_modules/@babel/parser/lib/index.js:10723:23)
    at FlowParserMixin.parseMaybeUnaryOrPrivate (/tmp/kavia/workspace/code-generation/tictactoeweb-620896-aa8990a6/tic_tac_toe_frontend/node_modules/@babel/parser/lib/index.js:10576:61)
    at FlowParserMixin.parseExprOps (/tmp/kavia/workspace/code-generation/tictactoeweb-620896-aa8990a6/tic_tac_toe_frontend/node_modules/@babel/parser/lib/index.js:10581:23)
    at FlowParserMixin.parseMaybeConditional (/tmp/kavia/workspace/code-generation/tictactoeweb-620896-aa8990a6/tic_tac_toe_frontend/node_modules/@babel/parser/lib/index.js:10558:23)
    at FlowParserMixin.parseMaybeAssign (/tmp/kavia/workspace/code-generation/tictactoeweb-620896-aa8990a6/tic_tac_toe_frontend/node_modules/@babel/parser/lib/index.js:10521:21)
    at FlowParserMixin.parseMaybeAssign (/tmp/kavia/workspace/code-generation/tictactoeweb-620896-aa8990a6/tic_tac_toe_frontend/node_modules/@babel/parser/lib/index.js:5773:18)
    at /tmp/kavia/workspace/code-generation/tictactoeweb-620896-aa8990a6/tic_tac_toe_frontend/node_modules/@babel/parser/lib/index.js:10491:39
    at FlowParserMixin.allowInAnd (/tmp/kavia/workspace/code-generation/tictactoeweb-620896-aa8990a6/tic_tac_toe_frontend/node_modules/@babel/parser/lib/index.js:12100:12)
    at FlowParserMixin.parseMaybeAssignAllowIn (/tmp/kavia/workspace/code-generation/tictactoeweb-620896-aa8990a6/tic_tac_toe_frontend/node_modules/@babel/parser/lib/index.js:10491:17)
    at FlowParserMixin.parseObjectProperty (/tmp/kavia/workspace/code-generation/tictactoeweb-620896-aa8990a6/tic_tac_toe_frontend/node_modules/@babel/parser/lib/index.js:11636:83)
    at FlowParserMixin.parseObjPropValue (/tmp/kavia/workspace/code-generation/tictactoeweb-620896-aa8990a6/tic_tac_toe_frontend/node_modules/@babel/parser/lib/index.js:11661:100)
    at FlowParserMixin.parseObjPropValue (/tmp/kavia/workspace/code-generation/tictactoeweb-620896-aa8990a6/tic_tac_toe_frontend/node_modules/@babel/parser/lib/index.js:5563:26)
    at FlowParserMixin.parsePropertyDefinition (/tmp/kavia/workspace/code-generation/tictactoeweb-620896-aa8990a6/tic_tac_toe_frontend/node_modules/@babel/parser/lib/index.js:11601:17)
    at FlowParserMixin.parseObjectLike (/tmp/kavia/workspace/code-generation/tictactoeweb-620896-aa8990a6/tic_tac_toe_frontend/node_modules/@babel/parser/lib/index.js:11516:21)
    at FlowParserMixin.parseExprAtom (/tmp/kavia/workspace/code-generation/tictactoeweb-620896-aa8990a6/tic_tac_toe_frontend/node_modules/@babel/parser/lib/index.js:11024:23)
    at FlowParserMixin.parseExprAtom (/tmp/kavia/workspace/code-generation/tictactoeweb-620896-aa8990a6/tic_tac_toe_frontend/node_modules/@babel/parser/lib/index.js:6937:20)
    at FlowParserMixin.parseExprSubscripts (/tmp/kavia/workspace/code-generation/tictactoeweb-620896-aa8990a6/tic_tac_toe_frontend/node_modules/@babel/parser/lib/index.js:10758:23)
    at FlowParserMixin.parseUpdate (/tmp/kavia/workspace/code-generation/tictactoeweb-620896-aa8990a6/tic_tac_toe_frontend/node_modules/@babel/parser/lib/index.js:10743:21)
    at FlowParserMixin.parseMaybeUnary (/tmp/kavia/workspace/code-generation/tictactoeweb-620896-aa8990a6/tic_tac_toe_frontend/node_modules/@babel/parser/lib/index.js:10723:23)
    at FlowParserMixin.parseMaybeUnaryOrPrivate (/tmp/kavia/workspace/code-generation/tictactoeweb-620896-aa8990a6/tic_tac_toe_frontend/node_modules/@babel/parser/lib/index.js:10576:61)
    at FlowParserMixin.parseExprOps (/tmp/kavia/workspace/code-generation/tictactoeweb-620896-aa8990a6/tic_tac_toe_frontend/node_modules/@babel/parser/lib/index.js:10581:23)
    at FlowParserMixin.parseMaybeConditional (/tmp/kavia/workspace/code-generation/tictactoeweb-620896-aa8990a6/tic_tac_toe_frontend/node_modules/@babel/parser/lib/index.js:10558:23)

ERROR in [eslint] 
src/App.js
  Line 70:  Parsing error: Unexpected token (70:0)

webpack compiled with 2 errors
Compiling...
Failed to compile.

[eslint] 
src/App.js
Syntax error: Unexpected reserved word 'await'. (32:18) (32:18)
ERROR in ./src/App.js
Module build failed (from ./node_modules/babel-loader/lib/index.js):
SyntaxError: /tmp/kavia/workspace/code-generation/tictactoeweb-620896-aa8990a6/tic_tac_toe_frontend/src/App.js: Unexpected reserved word 'await'. (32:18)

  30 |     try {
  31 |       // POST to backend's "start game" endpoint
> 32 |       const res = await fetch(`${API_BASE_URL}/start`, { method: "POST" });
     |                   ^
  33 |       const data = await res.json();
  34 |       setGameId(data.game_id || data.id || null);
  35 |       setBoard(data.board || Array(9).fill(""));
    at constructor (/tmp/kavia/workspace/code-generation/tictactoeweb-620896-aa8990a6/tic_tac_toe_frontend/node_modules/@babel/parser/lib/index.js:360:19)
    at FlowParserMixin.raise (/tmp/kavia/workspace/code-generation/tictactoeweb-620896-aa8990a6/tic_tac_toe_frontend/node_modules/@babel/parser/lib/index.js:3327:19)
    at FlowParserMixin.checkReservedWord (/tmp/kavia/workspace/code-generation/tictactoeweb-620896-aa8990a6/tic_tac_toe_frontend/node_modules/@babel/parser/lib/index.js:11909:12)
    at FlowParserMixin.parseIdentifierName (/tmp/kavia/workspace/code-generation/tictactoeweb-620896-aa8990a6/tic_tac_toe_frontend/node_modules/@babel/parser/lib/index.js:11889:12)
    at FlowParserMixin.parseIdentifier (/tmp/kavia/workspace/code-generation/tictactoeweb-620896-aa8990a6/tic_tac_toe_frontend/node_modules/@babel/parser/lib/index.js:11864:23)
    at FlowParserMixin.parseExprAtom (/tmp/kavia/workspace/code-generation/tictactoeweb-620896-aa8990a6/tic_tac_toe_frontend/node_modules/@babel/parser/lib/index.js:11100:27)
    at FlowParserMixin.parseExprAtom (/tmp/kavia/workspace/code-generation/tictactoeweb-620896-aa8990a6/tic_tac_toe_frontend/node_modules/@babel/parser/lib/index.js:6937:20)
    at FlowParserMixin.parseExprSubscripts (/tmp/kavia/workspace/code-generation/tictactoeweb-620896-aa8990a6/tic_tac_toe_frontend/node_modules/@babel/parser/lib/index.js:10758:23)
    at FlowParserMixin.parseUpdate (/tmp/kavia/workspace/code-generation/tictactoeweb-620896-aa8990a6/tic_tac_toe_frontend/node_modules/@babel/parser/lib/index.js:10743:21)
    at FlowParserMixin.parseMaybeUnary (/tmp/kavia/workspace/code-generation/tictactoeweb-620896-aa8990a6/tic_tac_toe_frontend/node_modules/@babel/parser/lib/index.js:10723:23)
    at FlowParserMixin.parseMaybeUnaryOrPrivate (/tmp/kavia/workspace/code-generation/tictactoeweb-620896-aa8990a6/tic_tac_toe_frontend/node_modules/@babel/parser/lib/index.js:10576:61)
    at FlowParserMixin.parseExprOps (/tmp/kavia/workspace/code-generation/tictactoeweb-620896-aa8990a6/tic_tac_toe_frontend/node_modules/@babel/parser/lib/index.js:10581:23)
    at FlowParserMixin.parseMaybeConditional (/tmp/kavia/workspace/code-generation/tictactoeweb-620896-aa8990a6/tic_tac_toe_frontend/node_modules/@babel/parser/lib/index.js:10558:23)
    at FlowParserMixin.parseMaybeAssign (/tmp/kavia/workspace/code-generation/tictactoeweb-620896-aa8990a6/tic_tac_toe_frontend/node_modules/@babel/parser/lib/index.js:10521:21)
    at FlowParserMixin.parseMaybeAssign (/tmp/kavia/workspace/code-generation/tictactoeweb-620896-aa8990a6/tic_tac_toe_frontend/node_modules/@babel/parser/lib/index.js:5773:18)
    at /tmp/kavia/workspace/code-generation/tictactoeweb-620896-aa8990a6/tic_tac_toe_frontend/node_modules/@babel/parser/lib/index.js:10491:39
    at FlowParserMixin.allowInAnd (/tmp/kavia/workspace/code-generation/tictactoeweb-620896-aa8990a6/tic_tac_toe_frontend/node_modules/@babel/parser/lib/index.js:12095:16)
    at FlowParserMixin.parseMaybeAssignAllowIn (/tmp/kavia/workspace/code-generation/tictactoeweb-620896-aa8990a6/tic_tac_toe_frontend/node_modules/@babel/parser/lib/index.js:10491:17)
    at FlowParserMixin.parseVar (/tmp/kavia/workspace/code-generation/tictactoeweb-620896-aa8990a6/tic_tac_toe_frontend/node_modules/@babel/parser/lib/index.js:13028:91)
    at FlowParserMixin.parseVarStatement (/tmp/kavia/workspace/code-generation/tictactoeweb-620896-aa8990a6/tic_tac_toe_frontend/node_modules/@babel/parser/lib/index.js:12874:10)
    at FlowParserMixin.parseStatementContent (/tmp/kavia/workspace/code-generation/tictactoeweb-620896-aa8990a6/tic_tac_toe_frontend/node_modules/@babel/parser/lib/index.js:12489:23)
    at FlowParserMixin.parseStatementLike (/tmp/kavia/workspace/code-generation/tictactoeweb-620896-aa8990a6/tic_tac_toe_frontend/node_modules/@babel/parser/lib/index.js:12406:17)
    at FlowParserMixin.parseStatementLike (/tmp/kavia/workspace/code-generation/tictactoeweb-620896-aa8990a6/tic_tac_toe_frontend/node_modules/@babel/parser/lib/index.js:5140:24)
    at FlowParserMixin.parseStatementListItem (/tmp/kavia/workspace/code-generation/tictactoeweb-620896-aa8990a6/tic_tac_toe_frontend/node_modules/@babel/parser/lib/index.js:12386:17)
    at FlowParserMixin.parseBlockOrModuleBlockBody (/tmp/kavia/workspace/code-generation/tictactoeweb-620896-aa8990a6/tic_tac_toe_frontend/node_modules/@babel/parser/lib/index.js:12960:61)
    at FlowParserMixin.parseBlockBody (/tmp/kavia/workspace/code-generation/tictactoeweb-620896-aa8990a6/tic_tac_toe_frontend/node_modules/@babel/parser/lib/index.js:12953:10)
    at FlowParserMixin.parseBlock (/tmp/kavia/workspace/code-generation/tictactoeweb-620896-aa8990a6/tic_tac_toe_frontend/node_modules/@babel/parser/lib/index.js:12941:10)
    at FlowParserMixin.parseTryStatement (/tmp/kavia/workspace/code-generation/tictactoeweb-620896-aa8990a6/tic_tac_toe_frontend/node_modules/@babel/parser/lib/index.js:12849:23)
    at FlowParserMixin.parseStatementContent (/tmp/kavia/workspace/code-generation/tictactoeweb-620896-aa8990a6/tic_tac_toe_frontend/node_modules/@babel/parser/lib/index.js:12443:21)
    at FlowParserMixin.parseStatementLike (/tmp/kavia/workspace/code-generation/tictactoeweb-620896-aa8990a6/tic_tac_toe_frontend/node_modules/@babel/parser/lib/index.js:12406:17)
    at FlowParserMixin.parseStatementLike (/tmp/kavia/workspace/code-generation/tictactoeweb-620896-aa8990a6/tic_tac_toe_frontend/node_modules/@babel/parser/lib/index.js:5140:24)
    at FlowParserMixin.parseStatementListItem (/tmp/kavia/workspace/code-generation/tictactoeweb-620896-aa8990a6/tic_tac_toe_frontend/node_modules/@babel/parser/lib/index.js:12386:17)
    at FlowParserMixin.parseBlockOrModuleBlockBody (/tmp/kavia/workspace/code-generation/tictactoeweb-620896-aa8990a6/tic_tac_toe_frontend/node_modules/@babel/parser/lib/index.js:12960:61)
    at FlowParserMixin.parseBlockBody (/tmp/kavia/workspace/code-generation/tictactoeweb-620896-aa8990a6/tic_tac_toe_frontend/node_modules/@babel/parser/lib/index.js:12953:10)
    at FlowParserMixin.parseBlock (/tmp/kavia/workspace/code-generation/tictactoeweb-620896-aa8990a6/tic_tac_toe_frontend/node_modules/@babel/parser/lib/index.js:12941:10)
    at FlowParserMixin.parseFunctionBody (/tmp/kavia/workspace/code-generation/tictactoeweb-620896-aa8990a6/tic_tac_toe_frontend/node_modules/@babel/parser/lib/index.js:11783:24)
    at FlowParserMixin.parseFunctionBody (/tmp/kavia/workspace/code-generation/tictactoeweb-620896-aa8990a6/tic_tac_toe_frontend/node_modules/@babel/parser/lib/index.js:5117:11)
    at FlowParserMixin.parseFunctionBodyAndFinish (/tmp/kavia/workspace/code-generation/tictactoeweb-620896-aa8990a6/tic_tac_toe_frontend/node_modules/@babel/parser/lib/index.js:11769:10)
    at FlowParserMixin.parseFunctionBodyAndFinish (/tmp/kavia/workspace/code-generation/tictactoeweb-620896-aa8990a6/tic_tac_toe_frontend/node_modules/@babel/parser/lib/index.js:5125:18)
    at /tmp/kavia/workspace/code-generation/tictactoeweb-620896-aa8990a6/tic_tac_toe_frontend/node_modules/@babel/parser/lib/index.js:13085:12
    at FlowParserMixin.withSmartMixTopicForbiddingContext (/tmp/kavia/workspace/code-generation/tictactoeweb-620896-aa8990a6/tic_tac_toe_frontend/node_modules/@babel/parser/lib/index.js:12077:14)
    at FlowParserMixin.parseFunction (/tmp/kavia/workspace/code-generation/tictactoeweb-620896-aa8990a6/tic_tac_toe_frontend/node_modules/@babel/parser/lib/index.js:13084:10)
    at FlowParserMixin.parseFunctionStatement (/tmp/kavia/workspace/code-generation/tictactoeweb-620896-aa8990a6/tic_tac_toe_frontend/node_modules/@babel/parser/lib/index.js:12769:17)
    at FlowParserMixin.parseStatementContent (/tmp/kavia/workspace/code-generation/tictactoeweb-620896-aa8990a6/tic_tac_toe_frontend/node_modules/@babel/parser/lib/index.js:12430:21)
    at FlowParserMixin.parseStatementLike (/tmp/kavia/workspace/code-generation/tictactoeweb-620896-aa8990a6/tic_tac_toe_frontend/node_modules/@babel/parser/lib/index.js:12406:17)
    at FlowParserMixin.parseStatementLike (/tmp/kavia/workspace/code-generation/tictactoeweb-620896-aa8990a6/tic_tac_toe_frontend/node_modules/@babel/parser/lib/index.js:5140:24)
    at FlowParserMixin.parseModuleItem (/tmp/kavia/workspace/code-generation/tictactoeweb-620896-aa8990a6/tic_tac_toe_frontend/node_modules/@babel/parser/lib/index.js:12383:17)
    at FlowParserMixin.parseBlockOrModuleBlockBody (/tmp/kavia/workspace/code-generation/tictactoeweb-620896-aa8990a6/tic_tac_toe_frontend/node_modules/@babel/parser/lib/index.js:12960:36)
    at FlowParserMixin.parseBlockBody (/tmp/kavia/workspace/code-generation/tictactoeweb-620896-aa8990a6/tic_tac_toe_frontend/node_modules/@babel/parser/lib/index.js:12953:10)
    at FlowParserMixin.parseProgram (/tmp/kavia/workspace/code-generation/tictactoeweb-620896-aa8990a6/tic_tac_toe_frontend/node_modules/@babel/parser/lib/index.js:12280:10)

ERROR in [eslint] 
src/App.js
  Line 32:18:  Parsing error: Unexpected reserved word 'await'. (32:18)

webpack compiled with 2 errors
Compiling...
Failed to compile.

[eslint] 
src/App.js
Syntax error: Unexpected token (74:0) (74:undefined)
ERROR in ./src/App.js
Module build failed (from ./node_modules/babel-loader/lib/index.js):
SyntaxError: /tmp/kavia/workspace/code-generation/tictactoeweb-620896-aa8990a6/tic_tac_toe_frontend/src/App.js: Unexpected token (74:0)

  72 |       const data = await res.json();
  73 |       if (data.error) {
> 74 |
     | ^
    at constructor (/tmp/kavia/workspace/code-generation/tictactoeweb-620896-aa8990a6/tic_tac_toe_frontend/node_modules/@babel/parser/lib/index.js:360:19)
    at FlowParserMixin.raise (/tmp/kavia/workspace/code-generation/tictactoeweb-620896-aa8990a6/tic_tac_toe_frontend/node_modules/@babel/parser/lib/index.js:3327:19)
    at FlowParserMixin.unexpected (/tmp/kavia/workspace/code-generation/tictactoeweb-620896-aa8990a6/tic_tac_toe_frontend/node_modules/@babel/parser/lib/index.js:3347:16)
    at FlowParserMixin.parseExprAtom (/tmp/kavia/workspace/code-generation/tictactoeweb-620896-aa8990a6/tic_tac_toe_frontend/node_modules/@babel/parser/lib/index.js:11126:16)
    at FlowParserMixin.parseExprAtom (/tmp/kavia/workspace/code-generation/tictactoeweb-620896-aa8990a6/tic_tac_toe_frontend/node_modules/@babel/parser/lib/index.js:6937:20)
    at FlowParserMixin.parseExprSubscripts (/tmp/kavia/workspace/code-generation/tictactoeweb-620896-aa8990a6/tic_tac_toe_frontend/node_modules/@babel/parser/lib/index.js:10758:23)
    at FlowParserMixin.parseUpdate (/tmp/kavia/workspace/code-generation/tictactoeweb-620896-aa8990a6/tic_tac_toe_frontend/node_modules/@babel/parser/lib/index.js:10743:21)
    at FlowParserMixin.parseMaybeUnary (/tmp/kavia/workspace/code-generation/tictactoeweb-620896-aa8990a6/tic_tac_toe_frontend/node_modules/@babel/parser/lib/index.js:10723:23)
    at FlowParserMixin.parseMaybeUnaryOrPrivate (/tmp/kavia/workspace/code-generation/tictactoeweb-620896-aa8990a6/tic_tac_toe_frontend/node_modules/@babel/parser/lib/index.js:10576:61)
    at FlowParserMixin.parseExprOps (/tmp/kavia/workspace/code-generation/tictactoeweb-620896-aa8990a6/tic_tac_toe_frontend/node_modules/@babel/parser/lib/index.js:10581:23)
    at FlowParserMixin.parseMaybeConditional (/tmp/kavia/workspace/code-generation/tictactoeweb-620896-aa8990a6/tic_tac_toe_frontend/node_modules/@babel/parser/lib/index.js:10558:23)
    at FlowParserMixin.parseMaybeAssign (/tmp/kavia/workspace/code-generation/tictactoeweb-620896-aa8990a6/tic_tac_toe_frontend/node_modules/@babel/parser/lib/index.js:10521:21)
    at FlowParserMixin.parseMaybeAssign (/tmp/kavia/workspace/code-generation/tictactoeweb-620896-aa8990a6/tic_tac_toe_frontend/node_modules/@babel/parser/lib/index.js:5773:18)
    at FlowParserMixin.parseExpressionBase (/tmp/kavia/workspace/code-generation/tictactoeweb-620896-aa8990a6/tic_tac_toe_frontend/node_modules/@babel/parser/lib/index.js:10475:23)
    at /tmp/kavia/workspace/code-generation/tictactoeweb-620896-aa8990a6/tic_tac_toe_frontend/node_modules/@babel/parser/lib/index.js:10471:39
    at FlowParserMixin.allowInAnd (/tmp/kavia/workspace/code-generation/tictactoeweb-620896-aa8990a6/tic_tac_toe_frontend/node_modules/@babel/parser/lib/index.js:12095:16)
    at FlowParserMixin.parseExpression (/tmp/kavia/workspace/code-generation/tictactoeweb-620896-aa8990a6/tic_tac_toe_frontend/node_modules/@babel/parser/lib/index.js:10471:17)
    at FlowParserMixin.parseStatementContent (/tmp/kavia/workspace/code-generation/tictactoeweb-620896-aa8990a6/tic_tac_toe_frontend/node_modules/@babel/parser/lib/index.js:12539:23)
    at FlowParserMixin.parseStatementLike (/tmp/kavia/workspace/code-generation/tictactoeweb-620896-aa8990a6/tic_tac_toe_frontend/node_modules/@babel/parser/lib/index.js:12406:17)
    at FlowParserMixin.parseStatementLike (/tmp/kavia/workspace/code-generation/tictactoeweb-620896-aa8990a6/tic_tac_toe_frontend/node_modules/@babel/parser/lib/index.js:5140:24)
    at FlowParserMixin.parseStatementListItem (/tmp/kavia/workspace/code-generation/tictactoeweb-620896-aa8990a6/tic_tac_toe_frontend/node_modules/@babel/parser/lib/index.js:12386:17)
    at FlowParserMixin.parseBlockOrModuleBlockBody (/tmp/kavia/workspace/code-generation/tictactoeweb-620896-aa8990a6/tic_tac_toe_frontend/node_modules/@babel/parser/lib/index.js:12960:61)
    at FlowParserMixin.parseBlockBody (/tmp/kavia/workspace/code-generation/tictactoeweb-620896-aa8990a6/tic_tac_toe_frontend/node_modules/@babel/parser/lib/index.js:12953:10)
    at FlowParserMixin.parseBlock (/tmp/kavia/workspace/code-generation/tictactoeweb-620896-aa8990a6/tic_tac_toe_frontend/node_modules/@babel/parser/lib/index.js:12941:10)
    at FlowParserMixin.parseStatementContent (/tmp/kavia/workspace/code-generation/tictactoeweb-620896-aa8990a6/tic_tac_toe_frontend/node_modules/@babel/parser/lib/index.js:12496:21)
    at FlowParserMixin.parseStatementLike (/tmp/kavia/workspace/code-generation/tictactoeweb-620896-aa8990a6/tic_tac_toe_frontend/node_modules/@babel/parser/lib/index.js:12406:17)
    at FlowParserMixin.parseStatementLike (/tmp/kavia/workspace/code-generation/tictactoeweb-620896-aa8990a6/tic_tac_toe_frontend/node_modules/@babel/parser/lib/index.js:5140:24)
    at FlowParserMixin.parseStatementOrSloppyAnnexBFunctionDeclaration (/tmp/kavia/workspace/code-generation/tictactoeweb-620896-aa8990a6/tic_tac_toe_frontend/node_modules/@babel/parser/lib/index.js:12396:17)
    at FlowParserMixin.parseIfStatement (/tmp/kavia/workspace/code-generation/tictactoeweb-620896-aa8990a6/tic_tac_toe_frontend/node_modules/@babel/parser/lib/index.js:12774:28)
    at FlowParserMixin.parseStatementContent (/tmp/kavia/workspace/code-generation/tictactoeweb-620896-aa8990a6/tic_tac_toe_frontend/node_modules/@babel/parser/lib/index.js:12435:21)
    at FlowParserMixin.parseStatementLike (/tmp/kavia/workspace/code-generation/tictactoeweb-620896-aa8990a6/tic_tac_toe_frontend/node_modules/@babel/parser/lib/index.js:12406:17)
    at FlowParserMixin.parseStatementLike (/tmp/kavia/workspace/code-generation/tictactoeweb-620896-aa8990a6/tic_tac_toe_frontend/node_modules/@babel/parser/lib/index.js:5140:24)
    at FlowParserMixin.parseStatementListItem (/tmp/kavia/workspace/code-generation/tictactoeweb-620896-aa8990a6/tic_tac_toe_frontend/node_modules/@babel/parser/lib/index.js:12386:17)
    at FlowParserMixin.parseBlockOrModuleBlockBody (/tmp/kavia/workspace/code-generation/tictactoeweb-620896-aa8990a6/tic_tac_toe_frontend/node_modules/@babel/parser/lib/index.js:12960:61)
    at FlowParserMixin.parseBlockBody (/tmp/kavia/workspace/code-generation/tictactoeweb-620896-aa8990a6/tic_tac_toe_frontend/node_modules/@babel/parser/lib/index.js:12953:10)
    at FlowParserMixin.parseBlock (/tmp/kavia/workspace/code-generation/tictactoeweb-620896-aa8990a6/tic_tac_toe_frontend/node_modules/@babel/parser/lib/index.js:12941:10)
    at FlowParserMixin.parseTryStatement (/tmp/kavia/workspace/code-generation/tictactoeweb-620896-aa8990a6/tic_tac_toe_frontend/node_modules/@babel/parser/lib/index.js:12849:23)
    at FlowParserMixin.parseStatementContent (/tmp/kavia/workspace/code-generation/tictactoeweb-620896-aa8990a6/tic_tac_toe_frontend/node_modules/@babel/parser/lib/index.js:12443:21)
    at FlowParserMixin.parseStatementLike (/tmp/kavia/workspace/code-generation/tictactoeweb-620896-aa8990a6/tic_tac_toe_frontend/node_modules/@babel/parser/lib/index.js:12406:17)
    at FlowParserMixin.parseStatementLike (/tmp/kavia/workspace/code-generation/tictactoeweb-620896-aa8990a6/tic_tac_toe_frontend/node_modules/@babel/parser/lib/index.js:5140:24)
    at FlowParserMixin.parseStatementListItem (/tmp/kavia/workspace/code-generation/tictactoeweb-620896-aa8990a6/tic_tac_toe_frontend/node_modules/@babel/parser/lib/index.js:12386:17)
    at FlowParserMixin.parseBlockOrModuleBlockBody (/tmp/kavia/workspace/code-generation/tictactoeweb-620896-aa8990a6/tic_tac_toe_frontend/node_modules/@babel/parser/lib/index.js:12960:61)
    at FlowParserMixin.parseBlockBody (/tmp/kavia/workspace/code-generation/tictactoeweb-620896-aa8990a6/tic_tac_toe_frontend/node_modules/@babel/parser/lib/index.js:12953:10)
    at FlowParserMixin.parseBlock (/tmp/kavia/workspace/code-generation/tictactoeweb-620896-aa8990a6/tic_tac_toe_frontend/node_modules/@babel/parser/lib/index.js:12941:10)
    at FlowParserMixin.parseFunctionBody (/tmp/kavia/workspace/code-generation/tictactoeweb-620896-aa8990a6/tic_tac_toe_frontend/node_modules/@babel/parser/lib/index.js:11783:24)
    at /tmp/kavia/workspace/code-generation/tictactoeweb-620896-aa8990a6/tic_tac_toe_frontend/node_modules/@babel/parser/lib/index.js:5114:63
    at FlowParserMixin.forwardNoArrowParamsConversionAt (/tmp/kavia/workspace/code-generation/tictactoeweb-620896-aa8990a6/tic_tac_toe_frontend/node_modules/@babel/parser/lib/index.js:5290:16)
    at FlowParserMixin.parseFunctionBody (/tmp/kavia/workspace/code-generation/tictactoeweb-620896-aa8990a6/tic_tac_toe_frontend/node_modules/@babel/parser/lib/index.js:5114:12)
    at FlowParserMixin.parseArrowExpression (/tmp/kavia/workspace/code-generation/tictactoeweb-620896-aa8990a6/tic_tac_toe_frontend/node_modules/@babel/parser/lib/index.js:11758:10)
    at FlowParserMixin.parseAsyncArrowFromCallExpression (/tmp/kavia/workspace/code-generation/tictactoeweb-620896-aa8990a6/tic_tac_toe_frontend/node_modules/@babel/parser/lib/index.js:10939:10)

ERROR in [eslint] 
src/App.js
  Line 74:  Parsing error: Unexpected token (74:0)

webpack compiled with 2 errors
Compiling...
Failed to compile.

[eslint] 
src/App.js
Syntax error: Unexpected reserved word 'await'. (32:18) (32:18)
ERROR in ./src/App.js
Module build failed (from ./node_modules/babel-loader/lib/index.js):
SyntaxError: /tmp/kavia/workspace/code-generation/tictactoeweb-620896-aa8990a6/tic_tac_toe_frontend/src/App.js: Unexpected reserved word 'await'. (32:18)

  30 |     try {
  31 |       // POST to backend's "start game" endpoint
> 32 |       const res = await fetch(`${API_BASE_URL}/start`, { method: "POST" });
     |                   ^
  33 |       const data = await res.json();
  34 |       setGameId(data.game_id || data.id || null);
  35 |       setBoard(data.board || Array(9).fill(""));
    at constructor (/tmp/kavia/workspace/code-generation/tictactoeweb-620896-aa8990a6/tic_tac_toe_frontend/node_modules/@babel/parser/lib/index.js:360:19)
    at FlowParserMixin.raise (/tmp/kavia/workspace/code-generation/tictactoeweb-620896-aa8990a6/tic_tac_toe_frontend/node_modules/@babel/parser/lib/index.js:3327:19)
    at FlowParserMixin.checkReservedWord (/tmp/kavia/workspace/code-generation/tictactoeweb-620896-aa8990a6/tic_tac_toe_frontend/node_modules/@babel/parser/lib/index.js:11909:12)
    at FlowParserMixin.parseIdentifierName (/tmp/kavia/workspace/code-generation/tictactoeweb-620896-aa8990a6/tic_tac_toe_frontend/node_modules/@babel/parser/lib/index.js:11889:12)
    at FlowParserMixin.parseIdentifier (/tmp/kavia/workspace/code-generation/tictactoeweb-620896-aa8990a6/tic_tac_toe_frontend/node_modules/@babel/parser/lib/index.js:11864:23)
    at FlowParserMixin.parseExprAtom (/tmp/kavia/workspace/code-generation/tictactoeweb-620896-aa8990a6/tic_tac_toe_frontend/node_modules/@babel/parser/lib/index.js:11100:27)
    at FlowParserMixin.parseExprAtom (/tmp/kavia/workspace/code-generation/tictactoeweb-620896-aa8990a6/tic_tac_toe_frontend/node_modules/@babel/parser/lib/index.js:6937:20)
    at FlowParserMixin.parseExprSubscripts (/tmp/kavia/workspace/code-generation/tictactoeweb-620896-aa8990a6/tic_tac_toe_frontend/node_modules/@babel/parser/lib/index.js:10758:23)
    at FlowParserMixin.parseUpdate (/tmp/kavia/workspace/code-generation/tictactoeweb-620896-aa8990a6/tic_tac_toe_frontend/node_modules/@babel/parser/lib/index.js:10743:21)
    at FlowParserMixin.parseMaybeUnary (/tmp/kavia/workspace/code-generation/tictactoeweb-620896-aa8990a6/tic_tac_toe_frontend/node_modules/@babel/parser/lib/index.js:10723:23)
    at FlowParserMixin.parseMaybeUnaryOrPrivate (/tmp/kavia/workspace/code-generation/tictactoeweb-620896-aa8990a6/tic_tac_toe_frontend/node_modules/@babel/parser/lib/index.js:10576:61)
    at FlowParserMixin.parseExprOps (/tmp/kavia/workspace/code-generation/tictactoeweb-620896-aa8990a6/tic_tac_toe_frontend/node_modules/@babel/parser/lib/index.js:10581:23)
    at FlowParserMixin.parseMaybeConditional (/tmp/kavia/workspace/code-generation/tictactoeweb-620896-aa8990a6/tic_tac_toe_frontend/node_modules/@babel/parser/lib/index.js:10558:23)
    at FlowParserMixin.parseMaybeAssign (/tmp/kavia/workspace/code-generation/tictactoeweb-620896-aa8990a6/tic_tac_toe_frontend/node_modules/@babel/parser/lib/index.js:10521:21)
    at FlowParserMixin.parseMaybeAssign (/tmp/kavia/workspace/code-generation/tictactoeweb-620896-aa8990a6/tic_tac_toe_frontend/node_modules/@babel/parser/lib/index.js:5773:18)
    at /tmp/kavia/workspace/code-generation/tictactoeweb-620896-aa8990a6/tic_tac_toe_frontend/node_modules/@babel/parser/lib/index.js:10491:39
    at FlowParserMixin.allowInAnd (/tmp/kavia/workspace/code-generation/tictactoeweb-620896-aa8990a6/tic_tac_toe_frontend/node_modules/@babel/parser/lib/index.js:12095:16)
    at FlowParserMixin.parseMaybeAssignAllowIn (/tmp/kavia/workspace/code-generation/tictactoeweb-620896-aa8990a6/tic_tac_toe_frontend/node_modules/@babel/parser/lib/index.js:10491:17)
    at FlowParserMixin.parseVar (/tmp/kavia/workspace/code-generation/tictactoeweb-620896-aa8990a6/tic_tac_toe_frontend/node_modules/@babel/parser/lib/index.js:13028:91)
    at FlowParserMixin.parseVarStatement (/tmp/kavia/workspace/code-generation/tictactoeweb-620896-aa8990a6/tic_tac_toe_frontend/node_modules/@babel/parser/lib/index.js:12874:10)
    at FlowParserMixin.parseStatementContent (/tmp/kavia/workspace/code-generation/tictactoeweb-620896-aa8990a6/tic_tac_toe_frontend/node_modules/@babel/parser/lib/index.js:12489:23)
    at FlowParserMixin.parseStatementLike (/tmp/kavia/workspace/code-generation/tictactoeweb-620896-aa8990a6/tic_tac_toe_frontend/node_modules/@babel/parser/lib/index.js:12406:17)
    at FlowParserMixin.parseStatementLike (/tmp/kavia/workspace/code-generation/tictactoeweb-620896-aa8990a6/tic_tac_toe_frontend/node_modules/@babel/parser/lib/index.js:5140:24)
    at FlowParserMixin.parseStatementListItem (/tmp/kavia/workspace/code-generation/tictactoeweb-620896-aa8990a6/tic_tac_toe_frontend/node_modules/@babel/parser/lib/index.js:12386:17)
    at FlowParserMixin.parseBlockOrModuleBlockBody (/tmp/kavia/workspace/code-generation/tictactoeweb-620896-aa8990a6/tic_tac_toe_frontend/node_modules/@babel/parser/lib/index.js:12960:61)
    at FlowParserMixin.parseBlockBody (/tmp/kavia/workspace/code-generation/tictactoeweb-620896-aa8990a6/tic_tac_toe_frontend/node_modules/@babel/parser/lib/index.js:12953:10)
    at FlowParserMixin.parseBlock (/tmp/kavia/workspace/code-generation/tictactoeweb-620896-aa8990a6/tic_tac_toe_frontend/node_modules/@babel/parser/lib/index.js:12941:10)
    at FlowParserMixin.parseTryStatement (/tmp/kavia/workspace/code-generation/tictactoeweb-620896-aa8990a6/tic_tac_toe_frontend/node_modules/@babel/parser/lib/index.js:12849:23)
    at FlowParserMixin.parseStatementContent (/tmp/kavia/workspace/code-generation/tictactoeweb-620896-aa8990a6/tic_tac_toe_frontend/node_modules/@babel/parser/lib/index.js:12443:21)
    at FlowParserMixin.parseStatementLike (/tmp/kavia/workspace/code-generation/tictactoeweb-620896-aa8990a6/tic_tac_toe_frontend/node_modules/@babel/parser/lib/index.js:12406:17)
    at FlowParserMixin.parseStatementLike (/tmp/kavia/workspace/code-generation/tictactoeweb-620896-aa8990a6/tic_tac_toe_frontend/node_modules/@babel/parser/lib/index.js:5140:24)
    at FlowParserMixin.parseStatementListItem (/tmp/kavia/workspace/code-generation/tictactoeweb-620896-aa8990a6/tic_tac_toe_frontend/node_modules/@babel/parser/lib/index.js:12386:17)
    at FlowParserMixin.parseBlockOrModuleBlockBody (/tmp/kavia/workspace/code-generation/tictactoeweb-620896-aa8990a6/tic_tac_toe_frontend/node_modules/@babel/parser/lib/index.js:12960:61)
    at FlowParserMixin.parseBlockBody (/tmp/kavia/workspace/code-generation/tictactoeweb-620896-aa8990a6/tic_tac_toe_frontend/node_modules/@babel/parser/lib/index.js:12953:10)
    at FlowParserMixin.parseBlock (/tmp/kavia/workspace/code-generation/tictactoeweb-620896-aa8990a6/tic_tac_toe_frontend/node_modules/@babel/parser/lib/index.js:12941:10)
    at FlowParserMixin.parseFunctionBody (/tmp/kavia/workspace/code-generation/tictactoeweb-620896-aa8990a6/tic_tac_toe_frontend/node_modules/@babel/parser/lib/index.js:11783:24)
    at FlowParserMixin.parseFunctionBody (/tmp/kavia/workspace/code-generation/tictactoeweb-620896-aa8990a6/tic_tac_toe_frontend/node_modules/@babel/parser/lib/index.js:5117:11)
    at FlowParserMixin.parseFunctionBodyAndFinish (/tmp/kavia/workspace/code-generation/tictactoeweb-620896-aa8990a6/tic_tac_toe_frontend/node_modules/@babel/parser/lib/index.js:11769:10)
    at FlowParserMixin.parseFunctionBodyAndFinish (/tmp/kavia/workspace/code-generation/tictactoeweb-620896-aa8990a6/tic_tac_toe_frontend/node_modules/@babel/parser/lib/index.js:5125:18)
    at /tmp/kavia/workspace/code-generation/tictactoeweb-620896-aa8990a6/tic_tac_toe_frontend/node_modules/@babel/parser/lib/index.js:13085:12
    at FlowParserMixin.withSmartMixTopicForbiddingContext (/tmp/kavia/workspace/code-generation/tictactoeweb-620896-aa8990a6/tic_tac_toe_frontend/node_modules/@babel/parser/lib/index.js:12077:14)
    at FlowParserMixin.parseFunction (/tmp/kavia/workspace/code-generation/tictactoeweb-620896-aa8990a6/tic_tac_toe_frontend/node_modules/@babel/parser/lib/index.js:13084:10)
    at FlowParserMixin.parseFunctionStatement (/tmp/kavia/workspace/code-generation/tictactoeweb-620896-aa8990a6/tic_tac_toe_frontend/node_modules/@babel/parser/lib/index.js:12769:17)
    at FlowParserMixin.parseStatementContent (/tmp/kavia/workspace/code-generation/tictactoeweb-620896-aa8990a6/tic_tac_toe_frontend/node_modules/@babel/parser/lib/index.js:12430:21)
    at FlowParserMixin.parseStatementLike (/tmp/kavia/workspace/code-generation/tictactoeweb-620896-aa8990a6/tic_tac_toe_frontend/node_modules/@babel/parser/lib/index.js:12406:17)
    at FlowParserMixin.parseStatementLike (/tmp/kavia/workspace/code-generation/tictactoeweb-620896-aa8990a6/tic_tac_toe_frontend/node_modules/@babel/parser/lib/index.js:5140:24)
    at FlowParserMixin.parseModuleItem (/tmp/kavia/workspace/code-generation/tictactoeweb-620896-aa8990a6/tic_tac_toe_frontend/node_modules/@babel/parser/lib/index.js:12383:17)
    at FlowParserMixin.parseBlockOrModuleBlockBody (/tmp/kavia/workspace/code-generation/tictactoeweb-620896-aa8990a6/tic_tac_toe_frontend/node_modules/@babel/parser/lib/index.js:12960:36)
    at FlowParserMixin.parseBlockBody (/tmp/kavia/workspace/code-generation/tictactoeweb-620896-aa8990a6/tic_tac_toe_frontend/node_modules/@babel/parser/lib/index.js:12953:10)
    at FlowParserMixin.parseProgram (/tmp/kavia/workspace/code-generation/tictactoeweb-620896-aa8990a6/tic_tac_toe_frontend/node_modules/@babel/parser/lib/index.js:12280:10)

ERROR in [eslint] 
src/App.js
  Line 32:18:  Parsing error: Unexpected reserved word 'await'. (32:18)

webpack compiled with 2 errors
Compiling...
Failed to compile.

[eslint] 
src/App.js
Syntax error: Unexpected token (82:0) (82:undefined)
ERROR in ./src/App.js
Module build failed (from ./node_modules/babel-loader/lib/index.js):
SyntaxError: /tmp/kavia/workspace/code-generation/tictactoeweb-620896-aa8990a6/tic_tac_toe_frontend/src/App.js: Unexpected token (82:0)

  80 |       setIsXsTurn(!isXsTurn);
  81 |
> 82 |
     | ^
    at constructor (/tmp/kavia/workspace/code-generation/tictactoeweb-620896-aa8990a6/tic_tac_toe_frontend/node_modules/@babel/parser/lib/index.js:360:19)
    at FlowParserMixin.raise (/tmp/kavia/workspace/code-generation/tictactoeweb-620896-aa8990a6/tic_tac_toe_frontend/node_modules/@babel/parser/lib/index.js:3327:19)
    at FlowParserMixin.unexpected (/tmp/kavia/workspace/code-generation/tictactoeweb-620896-aa8990a6/tic_tac_toe_frontend/node_modules/@babel/parser/lib/index.js:3347:16)
    at FlowParserMixin.parseExprAtom (/tmp/kavia/workspace/code-generation/tictactoeweb-620896-aa8990a6/tic_tac_toe_frontend/node_modules/@babel/parser/lib/index.js:11126:16)
    at FlowParserMixin.parseExprAtom (/tmp/kavia/workspace/code-generation/tictactoeweb-620896-aa8990a6/tic_tac_toe_frontend/node_modules/@babel/parser/lib/index.js:6937:20)
    at FlowParserMixin.parseExprSubscripts (/tmp/kavia/workspace/code-generation/tictactoeweb-620896-aa8990a6/tic_tac_toe_frontend/node_modules/@babel/parser/lib/index.js:10758:23)
    at FlowParserMixin.parseUpdate (/tmp/kavia/workspace/code-generation/tictactoeweb-620896-aa8990a6/tic_tac_toe_frontend/node_modules/@babel/parser/lib/index.js:10743:21)
    at FlowParserMixin.parseMaybeUnary (/tmp/kavia/workspace/code-generation/tictactoeweb-620896-aa8990a6/tic_tac_toe_frontend/node_modules/@babel/parser/lib/index.js:10723:23)
    at FlowParserMixin.parseMaybeUnaryOrPrivate (/tmp/kavia/workspace/code-generation/tictactoeweb-620896-aa8990a6/tic_tac_toe_frontend/node_modules/@babel/parser/lib/index.js:10576:61)
    at FlowParserMixin.parseExprOps (/tmp/kavia/workspace/code-generation/tictactoeweb-620896-aa8990a6/tic_tac_toe_frontend/node_modules/@babel/parser/lib/index.js:10581:23)
    at FlowParserMixin.parseMaybeConditional (/tmp/kavia/workspace/code-generation/tictactoeweb-620896-aa8990a6/tic_tac_toe_frontend/node_modules/@babel/parser/lib/index.js:10558:23)
    at FlowParserMixin.parseMaybeAssign (/tmp/kavia/workspace/code-generation/tictactoeweb-620896-aa8990a6/tic_tac_toe_frontend/node_modules/@babel/parser/lib/index.js:10521:21)
    at FlowParserMixin.parseMaybeAssign (/tmp/kavia/workspace/code-generation/tictactoeweb-620896-aa8990a6/tic_tac_toe_frontend/node_modules/@babel/parser/lib/index.js:5773:18)
    at FlowParserMixin.parseExpressionBase (/tmp/kavia/workspace/code-generation/tictactoeweb-620896-aa8990a6/tic_tac_toe_frontend/node_modules/@babel/parser/lib/index.js:10475:23)
    at /tmp/kavia/workspace/code-generation/tictactoeweb-620896-aa8990a6/tic_tac_toe_frontend/node_modules/@babel/parser/lib/index.js:10471:39
    at FlowParserMixin.allowInAnd (/tmp/kavia/workspace/code-generation/tictactoeweb-620896-aa8990a6/tic_tac_toe_frontend/node_modules/@babel/parser/lib/index.js:12095:16)
    at FlowParserMixin.parseExpression (/tmp/kavia/workspace/code-generation/tictactoeweb-620896-aa8990a6/tic_tac_toe_frontend/node_modules/@babel/parser/lib/index.js:10471:17)
    at FlowParserMixin.parseStatementContent (/tmp/kavia/workspace/code-generation/tictactoeweb-620896-aa8990a6/tic_tac_toe_frontend/node_modules/@babel/parser/lib/index.js:12539:23)
    at FlowParserMixin.parseStatementLike (/tmp/kavia/workspace/code-generation/tictactoeweb-620896-aa8990a6/tic_tac_toe_frontend/node_modules/@babel/parser/lib/index.js:12406:17)
    at FlowParserMixin.parseStatementLike (/tmp/kavia/workspace/code-generation/tictactoeweb-620896-aa8990a6/tic_tac_toe_frontend/node_modules/@babel/parser/lib/index.js:5140:24)
    at FlowParserMixin.parseStatementListItem (/tmp/kavia/workspace/code-generation/tictactoeweb-620896-aa8990a6/tic_tac_toe_frontend/node_modules/@babel/parser/lib/index.js:12386:17)
    at FlowParserMixin.parseBlockOrModuleBlockBody (/tmp/kavia/workspace/code-generation/tictactoeweb-620896-aa8990a6/tic_tac_toe_frontend/node_modules/@babel/parser/lib/index.js:12960:61)
    at FlowParserMixin.parseBlockBody (/tmp/kavia/workspace/code-generation/tictactoeweb-620896-aa8990a6/tic_tac_toe_frontend/node_modules/@babel/parser/lib/index.js:12953:10)
    at FlowParserMixin.parseBlock (/tmp/kavia/workspace/code-generation/tictactoeweb-620896-aa8990a6/tic_tac_toe_frontend/node_modules/@babel/parser/lib/index.js:12941:10)
    at FlowParserMixin.parseTryStatement (/tmp/kavia/workspace/code-generation/tictactoeweb-620896-aa8990a6/tic_tac_toe_frontend/node_modules/@babel/parser/lib/index.js:12849:23)
    at FlowParserMixin.parseStatementContent (/tmp/kavia/workspace/code-generation/tictactoeweb-620896-aa8990a6/tic_tac_toe_frontend/node_modules/@babel/parser/lib/index.js:12443:21)
    at FlowParserMixin.parseStatementLike (/tmp/kavia/workspace/code-generation/tictactoeweb-620896-aa8990a6/tic_tac_toe_frontend/node_modules/@babel/parser/lib/index.js:12406:17)
    at FlowParserMixin.parseStatementLike (/tmp/kavia/workspace/code-generation/tictactoeweb-620896-aa8990a6/tic_tac_toe_frontend/node_modules/@babel/parser/lib/index.js:5140:24)
    at FlowParserMixin.parseStatementListItem (/tmp/kavia/workspace/code-generation/tictactoeweb-620896-aa8990a6/tic_tac_toe_frontend/node_modules/@babel/parser/lib/index.js:12386:17)
    at FlowParserMixin.parseBlockOrModuleBlockBody (/tmp/kavia/workspace/code-generation/tictactoeweb-620896-aa8990a6/tic_tac_toe_frontend/node_modules/@babel/parser/lib/index.js:12960:61)
    at FlowParserMixin.parseBlockBody (/tmp/kavia/workspace/code-generation/tictactoeweb-620896-aa8990a6/tic_tac_toe_frontend/node_modules/@babel/parser/lib/index.js:12953:10)
    at FlowParserMixin.parseBlock (/tmp/kavia/workspace/code-generation/tictactoeweb-620896-aa8990a6/tic_tac_toe_frontend/node_modules/@babel/parser/lib/index.js:12941:10)
    at FlowParserMixin.parseFunctionBody (/tmp/kavia/workspace/code-generation/tictactoeweb-620896-aa8990a6/tic_tac_toe_frontend/node_modules/@babel/parser/lib/index.js:11783:24)
    at /tmp/kavia/workspace/code-generation/tictactoeweb-620896-aa8990a6/tic_tac_toe_frontend/node_modules/@babel/parser/lib/index.js:5114:63
    at FlowParserMixin.forwardNoArrowParamsConversionAt (/tmp/kavia/workspace/code-generation/tictactoeweb-620896-aa8990a6/tic_tac_toe_frontend/node_modules/@babel/parser/lib/index.js:5290:16)
    at FlowParserMixin.parseFunctionBody (/tmp/kavia/workspace/code-generation/tictactoeweb-620896-aa8990a6/tic_tac_toe_frontend/node_modules/@babel/parser/lib/index.js:5114:12)
    at FlowParserMixin.parseArrowExpression (/tmp/kavia/workspace/code-generation/tictactoeweb-620896-aa8990a6/tic_tac_toe_frontend/node_modules/@babel/parser/lib/index.js:11758:10)
    at FlowParserMixin.parseAsyncArrowFromCallExpression (/tmp/kavia/workspace/code-generation/tictactoeweb-620896-aa8990a6/tic_tac_toe_frontend/node_modules/@babel/parser/lib/index.js:10939:10)
    at FlowParserMixin.parseAsyncArrowFromCallExpression (/tmp/kavia/workspace/code-generation/tictactoeweb-620896-aa8990a6/tic_tac_toe_frontend/node_modules/@babel/parser/lib/index.js:5711:18)
    at FlowParserMixin.parseCoverCallAndAsyncArrowHead (/tmp/kavia/workspace/code-generation/tictactoeweb-620896-aa8990a6/tic_tac_toe_frontend/node_modules/@babel/parser/lib/index.js:10869:27)
    at FlowParserMixin.parseSubscript (/tmp/kavia/workspace/code-generation/tictactoeweb-620896-aa8990a6/tic_tac_toe_frontend/node_modules/@babel/parser/lib/index.js:10798:19)
    at FlowParserMixin.parseSubscript (/tmp/kavia/workspace/code-generation/tictactoeweb-620896-aa8990a6/tic_tac_toe_frontend/node_modules/@babel/parser/lib/index.js:5874:18)
    at FlowParserMixin.parseSubscripts (/tmp/kavia/workspace/code-generation/tictactoeweb-620896-aa8990a6/tic_tac_toe_frontend/node_modules/@babel/parser/lib/index.js:10771:19)
    at FlowParserMixin.parseSubscripts (/tmp/kavia/workspace/code-generation/tictactoeweb-620896-aa8990a6/tic_tac_toe_frontend/node_modules/@babel/parser/lib/index.js:5840:18)
    at FlowParserMixin.parseExprSubscripts (/tmp/kavia/workspace/code-generation/tictactoeweb-620896-aa8990a6/tic_tac_toe_frontend/node_modules/@babel/parser/lib/index.js:10762:17)
    at FlowParserMixin.parseUpdate (/tmp/kavia/workspace/code-generation/tictactoeweb-620896-aa8990a6/tic_tac_toe_frontend/node_modules/@babel/parser/lib/index.js:10743:21)
    at FlowParserMixin.parseMaybeUnary (/tmp/kavia/workspace/code-generation/tictactoeweb-620896-aa8990a6/tic_tac_toe_frontend/node_modules/@babel/parser/lib/index.js:10723:23)
    at FlowParserMixin.parseMaybeUnaryOrPrivate (/tmp/kavia/workspace/code-generation/tictactoeweb-620896-aa8990a6/tic_tac_toe_frontend/node_modules/@babel/parser/lib/index.js:10576:61)
    at FlowParserMixin.parseExprOps (/tmp/kavia/workspace/code-generation/tictactoeweb-620896-aa8990a6/tic_tac_toe_frontend/node_modules/@babel/parser/lib/index.js:10581:23)
    at FlowParserMixin.parseMaybeConditional (/tmp/kavia/workspace/code-generation/tictactoeweb-620896-aa8990a6/tic_tac_toe_frontend/node_modules/@babel/parser/lib/index.js:10558:23)

ERROR in [eslint] 
src/App.js
  Line 82:  Parsing error: Unexpected token (82:0)

webpack compiled with 2 errors
Compiling...
Failed to compile.

[eslint] 
src/App.js
Syntax error: Unexpected reserved word 'await'. (32:18) (32:18)
ERROR in ./src/App.js
Module build failed (from ./node_modules/babel-loader/lib/index.js):
SyntaxError: /tmp/kavia/workspace/code-generation/tictactoeweb-620896-aa8990a6/tic_tac_toe_frontend/src/App.js: Unexpected reserved word 'await'. (32:18)

  30 |     try {
  31 |       // POST to backend's "start game" endpoint
> 32 |       const res = await fetch(`${API_BASE_URL}/start`, { method: "POST" });
     |                   ^
  33 |       const data = await res.json();
  34 |       setGameId(data.game_id || data.id || null);
  35 |       setBoard(data.board || Array(9).fill(""));
    at constructor (/tmp/kavia/workspace/code-generation/tictactoeweb-620896-aa8990a6/tic_tac_toe_frontend/node_modules/@babel/parser/lib/index.js:360:19)
    at FlowParserMixin.raise (/tmp/kavia/workspace/code-generation/tictactoeweb-620896-aa8990a6/tic_tac_toe_frontend/node_modules/@babel/parser/lib/index.js:3327:19)
    at FlowParserMixin.checkReservedWord (/tmp/kavia/workspace/code-generation/tictactoeweb-620896-aa8990a6/tic_tac_toe_frontend/node_modules/@babel/parser/lib/index.js:11909:12)
    at FlowParserMixin.parseIdentifierName (/tmp/kavia/workspace/code-generation/tictactoeweb-620896-aa8990a6/tic_tac_toe_frontend/node_modules/@babel/parser/lib/index.js:11889:12)
    at FlowParserMixin.parseIdentifier (/tmp/kavia/workspace/code-generation/tictactoeweb-620896-aa8990a6/tic_tac_toe_frontend/node_modules/@babel/parser/lib/index.js:11864:23)
    at FlowParserMixin.parseExprAtom (/tmp/kavia/workspace/code-generation/tictactoeweb-620896-aa8990a6/tic_tac_toe_frontend/node_modules/@babel/parser/lib/index.js:11100:27)
    at FlowParserMixin.parseExprAtom (/tmp/kavia/workspace/code-generation/tictactoeweb-620896-aa8990a6/tic_tac_toe_frontend/node_modules/@babel/parser/lib/index.js:6937:20)
    at FlowParserMixin.parseExprSubscripts (/tmp/kavia/workspace/code-generation/tictactoeweb-620896-aa8990a6/tic_tac_toe_frontend/node_modules/@babel/parser/lib/index.js:10758:23)
    at FlowParserMixin.parseUpdate (/tmp/kavia/workspace/code-generation/tictactoeweb-620896-aa8990a6/tic_tac_toe_frontend/node_modules/@babel/parser/lib/index.js:10743:21)
    at FlowParserMixin.parseMaybeUnary (/tmp/kavia/workspace/code-generation/tictactoeweb-620896-aa8990a6/tic_tac_toe_frontend/node_modules/@babel/parser/lib/index.js:10723:23)
    at FlowParserMixin.parseMaybeUnaryOrPrivate (/tmp/kavia/workspace/code-generation/tictactoeweb-620896-aa8990a6/tic_tac_toe_frontend/node_modules/@babel/parser/lib/index.js:10576:61)
    at FlowParserMixin.parseExprOps (/tmp/kavia/workspace/code-generation/tictactoeweb-620896-aa8990a6/tic_tac_toe_frontend/node_modules/@babel/parser/lib/index.js:10581:23)
    at FlowParserMixin.parseMaybeConditional (/tmp/kavia/workspace/code-generation/tictactoeweb-620896-aa8990a6/tic_tac_toe_frontend/node_modules/@babel/parser/lib/index.js:10558:23)
    at FlowParserMixin.parseMaybeAssign (/tmp/kavia/workspace/code-generation/tictactoeweb-620896-aa8990a6/tic_tac_toe_frontend/node_modules/@babel/parser/lib/index.js:10521:21)
    at FlowParserMixin.parseMaybeAssign (/tmp/kavia/workspace/code-generation/tictactoeweb-620896-aa8990a6/tic_tac_toe_frontend/node_modules/@babel/parser/lib/index.js:5773:18)
    at /tmp/kavia/workspace/code-generation/tictactoeweb-620896-aa8990a6/tic_tac_toe_frontend/node_modules/@babel/parser/lib/index.js:10491:39
    at FlowParserMixin.allowInAnd (/tmp/kavia/workspace/code-generation/tictactoeweb-620896-aa8990a6/tic_tac_toe_frontend/node_modules/@babel/parser/lib/index.js:12095:16)
    at FlowParserMixin.parseMaybeAssignAllowIn (/tmp/kavia/workspace/code-generation/tictactoeweb-620896-aa8990a6/tic_tac_toe_frontend/node_modules/@babel/parser/lib/index.js:10491:17)
    at FlowParserMixin.parseVar (/tmp/kavia/workspace/code-generation/tictactoeweb-620896-aa8990a6/tic_tac_toe_frontend/node_modules/@babel/parser/lib/index.js:13028:91)
    at FlowParserMixin.parseVarStatement (/tmp/kavia/workspace/code-generation/tictactoeweb-620896-aa8990a6/tic_tac_toe_frontend/node_modules/@babel/parser/lib/index.js:12874:10)
    at FlowParserMixin.parseStatementContent (/tmp/kavia/workspace/code-generation/tictactoeweb-620896-aa8990a6/tic_tac_toe_frontend/node_modules/@babel/parser/lib/index.js:12489:23)
    at FlowParserMixin.parseStatementLike (/tmp/kavia/workspace/code-generation/tictactoeweb-620896-aa8990a6/tic_tac_toe_frontend/node_modules/@babel/parser/lib/index.js:12406:17)
    at FlowParserMixin.parseStatementLike (/tmp/kavia/workspace/code-generation/tictactoeweb-620896-aa8990a6/tic_tac_toe_frontend/node_modules/@babel/parser/lib/index.js:5140:24)
    at FlowParserMixin.parseStatementListItem (/tmp/kavia/workspace/code-generation/tictactoeweb-620896-aa8990a6/tic_tac_toe_frontend/node_modules/@babel/parser/lib/index.js:12386:17)
    at FlowParserMixin.parseBlockOrModuleBlockBody (/tmp/kavia/workspace/code-generation/tictactoeweb-620896-aa8990a6/tic_tac_toe_frontend/node_modules/@babel/parser/lib/index.js:12960:61)
    at FlowParserMixin.parseBlockBody (/tmp/kavia/workspace/code-generation/tictactoeweb-620896-aa8990a6/tic_tac_toe_frontend/node_modules/@babel/parser/lib/index.js:12953:10)
    at FlowParserMixin.parseBlock (/tmp/kavia/workspace/code-generation/tictactoeweb-620896-aa8990a6/tic_tac_toe_frontend/node_modules/@babel/parser/lib/index.js:12941:10)
    at FlowParserMixin.parseTryStatement (/tmp/kavia/workspace/code-generation/tictactoeweb-620896-aa8990a6/tic_tac_toe_frontend/node_modules/@babel/parser/lib/index.js:12849:23)
    at FlowParserMixin.parseStatementContent (/tmp/kavia/workspace/code-generation/tictactoeweb-620896-aa8990a6/tic_tac_toe_frontend/node_modules/@babel/parser/lib/index.js:12443:21)
    at FlowParserMixin.parseStatementLike (/tmp/kavia/workspace/code-generation/tictactoeweb-620896-aa8990a6/tic_tac_toe_frontend/node_modules/@babel/parser/lib/index.js:12406:17)
    at FlowParserMixin.parseStatementLike (/tmp/kavia/workspace/code-generation/tictactoeweb-620896-aa8990a6/tic_tac_toe_frontend/node_modules/@babel/parser/lib/index.js:5140:24)
    at FlowParserMixin.parseStatementListItem (/tmp/kavia/workspace/code-generation/tictactoeweb-620896-aa8990a6/tic_tac_toe_frontend/node_modules/@babel/parser/lib/index.js:12386:17)
    at FlowParserMixin.parseBlockOrModuleBlockBody (/tmp/kavia/workspace/code-generation/tictactoeweb-620896-aa8990a6/tic_tac_toe_frontend/node_modules/@babel/parser/lib/index.js:12960:61)
    at FlowParserMixin.parseBlockBody (/tmp/kavia/workspace/code-generation/tictactoeweb-620896-aa8990a6/tic_tac_toe_frontend/node_modules/@babel/parser/lib/index.js:12953:10)
    at FlowParserMixin.parseBlock (/tmp/kavia/workspace/code-generation/tictactoeweb-620896-aa8990a6/tic_tac_toe_frontend/node_modules/@babel/parser/lib/index.js:12941:10)
    at FlowParserMixin.parseFunctionBody (/tmp/kavia/workspace/code-generation/tictactoeweb-620896-aa8990a6/tic_tac_toe_frontend/node_modules/@babel/parser/lib/index.js:11783:24)
    at FlowParserMixin.parseFunctionBody (/tmp/kavia/workspace/code-generation/tictactoeweb-620896-aa8990a6/tic_tac_toe_frontend/node_modules/@babel/parser/lib/index.js:5117:11)
    at FlowParserMixin.parseFunctionBodyAndFinish (/tmp/kavia/workspace/code-generation/tictactoeweb-620896-aa8990a6/tic_tac_toe_frontend/node_modules/@babel/parser/lib/index.js:11769:10)
    at FlowParserMixin.parseFunctionBodyAndFinish (/tmp/kavia/workspace/code-generation/tictactoeweb-620896-aa8990a6/tic_tac_toe_frontend/node_modules/@babel/parser/lib/index.js:5125:18)
    at /tmp/kavia/workspace/code-generation/tictactoeweb-620896-aa8990a6/tic_tac_toe_frontend/node_modules/@babel/parser/lib/index.js:13085:12
    at FlowParserMixin.withSmartMixTopicForbiddingContext (/tmp/kavia/workspace/code-generation/tictactoeweb-620896-aa8990a6/tic_tac_toe_frontend/node_modules/@babel/parser/lib/index.js:12077:14)
    at FlowParserMixin.parseFunction (/tmp/kavia/workspace/code-generation/tictactoeweb-620896-aa8990a6/tic_tac_toe_frontend/node_modules/@babel/parser/lib/index.js:13084:10)
    at FlowParserMixin.parseFunctionStatement (/tmp/kavia/workspace/code-generation/tictactoeweb-620896-aa8990a6/tic_tac_toe_frontend/node_modules/@babel/parser/lib/index.js:12769:17)
    at FlowParserMixin.parseStatementContent (/tmp/kavia/workspace/code-generation/tictactoeweb-620896-aa8990a6/tic_tac_toe_frontend/node_modules/@babel/parser/lib/index.js:12430:21)
    at FlowParserMixin.parseStatementLike (/tmp/kavia/workspace/code-generation/tictactoeweb-620896-aa8990a6/tic_tac_toe_frontend/node_modules/@babel/parser/lib/index.js:12406:17)
    at FlowParserMixin.parseStatementLike (/tmp/kavia/workspace/code-generation/tictactoeweb-620896-aa8990a6/tic_tac_toe_frontend/node_modules/@babel/parser/lib/index.js:5140:24)
    at FlowParserMixin.parseModuleItem (/tmp/kavia/workspace/code-generation/tictactoeweb-620896-aa8990a6/tic_tac_toe_frontend/node_modules/@babel/parser/lib/index.js:12383:17)
    at FlowParserMixin.parseBlockOrModuleBlockBody (/tmp/kavia/workspace/code-generation/tictactoeweb-620896-aa8990a6/tic_tac_toe_frontend/node_modules/@babel/parser/lib/index.js:12960:36)
    at FlowParserMixin.parseBlockBody (/tmp/kavia/workspace/code-generation/tictactoeweb-620896-aa8990a6/tic_tac_toe_frontend/node_modules/@babel/parser/lib/index.js:12953:10)
    at FlowParserMixin.parseProgram (/tmp/kavia/workspace/code-generation/tictactoeweb-620896-aa8990a6/tic_tac_toe_frontend/node_modules/@babel/parser/lib/index.js:12280:10)

ERROR in [eslint] 
src/App.js
  Line 32:18:  Parsing error: Unexpected reserved word 'await'. (32:18)

webpack compiled with 2 errors
Compiling...
Failed to compile.

[eslint] 
src/App.js
Syntax error: Unexpected token (85:0) (85:undefined)
ERROR in ./src/App.js
Module build failed (from ./node_modules/babel-loader/lib/index.js):
SyntaxError: /tmp/kavia/workspace/code-generation/tictactoeweb-620896-aa8990a6/tic_tac_toe_frontend/src/App.js: Unexpected token (85:0)

  83 |       if (data.winner) {
  84 |         statusMsg = `🎉 ${data.winner} wins!`;
> 85 |
     | ^
    at constructor (/tmp/kavia/workspace/code-generation/tictactoeweb-620896-aa8990a6/tic_tac_toe_frontend/node_modules/@babel/parser/lib/index.js:360:19)
    at FlowParserMixin.raise (/tmp/kavia/workspace/code-generation/tictactoeweb-620896-aa8990a6/tic_tac_toe_frontend/node_modules/@babel/parser/lib/index.js:3327:19)
    at FlowParserMixin.unexpected (/tmp/kavia/workspace/code-generation/tictactoeweb-620896-aa8990a6/tic_tac_toe_frontend/node_modules/@babel/parser/lib/index.js:3347:16)
    at FlowParserMixin.parseExprAtom (/tmp/kavia/workspace/code-generation/tictactoeweb-620896-aa8990a6/tic_tac_toe_frontend/node_modules/@babel/parser/lib/index.js:11126:16)
    at FlowParserMixin.parseExprAtom (/tmp/kavia/workspace/code-generation/tictactoeweb-620896-aa8990a6/tic_tac_toe_frontend/node_modules/@babel/parser/lib/index.js:6937:20)
    at FlowParserMixin.parseExprSubscripts (/tmp/kavia/workspace/code-generation/tictactoeweb-620896-aa8990a6/tic_tac_toe_frontend/node_modules/@babel/parser/lib/index.js:10758:23)
    at FlowParserMixin.parseUpdate (/tmp/kavia/workspace/code-generation/tictactoeweb-620896-aa8990a6/tic_tac_toe_frontend/node_modules/@babel/parser/lib/index.js:10743:21)
    at FlowParserMixin.parseMaybeUnary (/tmp/kavia/workspace/code-generation/tictactoeweb-620896-aa8990a6/tic_tac_toe_frontend/node_modules/@babel/parser/lib/index.js:10723:23)
    at FlowParserMixin.parseMaybeUnaryOrPrivate (/tmp/kavia/workspace/code-generation/tictactoeweb-620896-aa8990a6/tic_tac_toe_frontend/node_modules/@babel/parser/lib/index.js:10576:61)
    at FlowParserMixin.parseExprOps (/tmp/kavia/workspace/code-generation/tictactoeweb-620896-aa8990a6/tic_tac_toe_frontend/node_modules/@babel/parser/lib/index.js:10581:23)
    at FlowParserMixin.parseMaybeConditional (/tmp/kavia/workspace/code-generation/tictactoeweb-620896-aa8990a6/tic_tac_toe_frontend/node_modules/@babel/parser/lib/index.js:10558:23)
    at FlowParserMixin.parseMaybeAssign (/tmp/kavia/workspace/code-generation/tictactoeweb-620896-aa8990a6/tic_tac_toe_frontend/node_modules/@babel/parser/lib/index.js:10521:21)
    at FlowParserMixin.parseMaybeAssign (/tmp/kavia/workspace/code-generation/tictactoeweb-620896-aa8990a6/tic_tac_toe_frontend/node_modules/@babel/parser/lib/index.js:5773:18)
    at FlowParserMixin.parseExpressionBase (/tmp/kavia/workspace/code-generation/tictactoeweb-620896-aa8990a6/tic_tac_toe_frontend/node_modules/@babel/parser/lib/index.js:10475:23)
    at /tmp/kavia/workspace/code-generation/tictactoeweb-620896-aa8990a6/tic_tac_toe_frontend/node_modules/@babel/parser/lib/index.js:10471:39
    at FlowParserMixin.allowInAnd (/tmp/kavia/workspace/code-generation/tictactoeweb-620896-aa8990a6/tic_tac_toe_frontend/node_modules/@babel/parser/lib/index.js:12095:16)
    at FlowParserMixin.parseExpression (/tmp/kavia/workspace/code-generation/tictactoeweb-620896-aa8990a6/tic_tac_toe_frontend/node_modules/@babel/parser/lib/index.js:10471:17)
    at FlowParserMixin.parseStatementContent (/tmp/kavia/workspace/code-generation/tictactoeweb-620896-aa8990a6/tic_tac_toe_frontend/node_modules/@babel/parser/lib/index.js:12539:23)
    at FlowParserMixin.parseStatementLike (/tmp/kavia/workspace/code-generation/tictactoeweb-620896-aa8990a6/tic_tac_toe_frontend/node_modules/@babel/parser/lib/index.js:12406:17)
    at FlowParserMixin.parseStatementLike (/tmp/kavia/workspace/code-generation/tictactoeweb-620896-aa8990a6/tic_tac_toe_frontend/node_modules/@babel/parser/lib/index.js:5140:24)
    at FlowParserMixin.parseStatementListItem (/tmp/kavia/workspace/code-generation/tictactoeweb-620896-aa8990a6/tic_tac_toe_frontend/node_modules/@babel/parser/lib/index.js:12386:17)
    at FlowParserMixin.parseBlockOrModuleBlockBody (/tmp/kavia/workspace/code-generation/tictactoeweb-620896-aa8990a6/tic_tac_toe_frontend/node_modules/@babel/parser/lib/index.js:12960:61)
    at FlowParserMixin.parseBlockBody (/tmp/kavia/workspace/code-generation/tictactoeweb-620896-aa8990a6/tic_tac_toe_frontend/node_modules/@babel/parser/lib/index.js:12953:10)
    at FlowParserMixin.parseBlock (/tmp/kavia/workspace/code-generation/tictactoeweb-620896-aa8990a6/tic_tac_toe_frontend/node_modules/@babel/parser/lib/index.js:12941:10)
    at FlowParserMixin.parseStatementContent (/tmp/kavia/workspace/code-generation/tictactoeweb-620896-aa8990a6/tic_tac_toe_frontend/node_modules/@babel/parser/lib/index.js:12496:21)
    at FlowParserMixin.parseStatementLike (/tmp/kavia/workspace/code-generation/tictactoeweb-620896-aa8990a6/tic_tac_toe_frontend/node_modules/@babel/parser/lib/index.js:12406:17)
    at FlowParserMixin.parseStatementLike (/tmp/kavia/workspace/code-generation/tictactoeweb-620896-aa8990a6/tic_tac_toe_frontend/node_modules/@babel/parser/lib/index.js:5140:24)
    at FlowParserMixin.parseStatementOrSloppyAnnexBFunctionDeclaration (/tmp/kavia/workspace/code-generation/tictactoeweb-620896-aa8990a6/tic_tac_toe_frontend/node_modules/@babel/parser/lib/index.js:12396:17)
    at FlowParserMixin.parseIfStatement (/tmp/kavia/workspace/code-generation/tictactoeweb-620896-aa8990a6/tic_tac_toe_frontend/node_modules/@babel/parser/lib/index.js:12774:28)
    at FlowParserMixin.parseStatementContent (/tmp/kavia/workspace/code-generation/tictactoeweb-620896-aa8990a6/tic_tac_toe_frontend/node_modules/@babel/parser/lib/index.js:12435:21)
    at FlowParserMixin.parseStatementLike (/tmp/kavia/workspace/code-generation/tictactoeweb-620896-aa8990a6/tic_tac_toe_frontend/node_modules/@babel/parser/lib/index.js:12406:17)
    at FlowParserMixin.parseStatementLike (/tmp/kavia/workspace/code-generation/tictactoeweb-620896-aa8990a6/tic_tac_toe_frontend/node_modules/@babel/parser/lib/index.js:5140:24)
    at FlowParserMixin.parseStatementListItem (/tmp/kavia/workspace/code-generation/tictactoeweb-620896-aa8990a6/tic_tac_toe_frontend/node_modules/@babel/parser/lib/index.js:12386:17)
    at FlowParserMixin.parseBlockOrModuleBlockBody (/tmp/kavia/workspace/code-generation/tictactoeweb-620896-aa8990a6/tic_tac_toe_frontend/node_modules/@babel/parser/lib/index.js:12960:61)
    at FlowParserMixin.parseBlockBody (/tmp/kavia/workspace/code-generation/tictactoeweb-620896-aa8990a6/tic_tac_toe_frontend/node_modules/@babel/parser/lib/index.js:12953:10)
    at FlowParserMixin.parseBlock (/tmp/kavia/workspace/code-generation/tictactoeweb-620896-aa8990a6/tic_tac_toe_frontend/node_modules/@babel/parser/lib/index.js:12941:10)
    at FlowParserMixin.parseTryStatement (/tmp/kavia/workspace/code-generation/tictactoeweb-620896-aa8990a6/tic_tac_toe_frontend/node_modules/@babel/parser/lib/index.js:12849:23)
    at FlowParserMixin.parseStatementContent (/tmp/kavia/workspace/code-generation/tictactoeweb-620896-aa8990a6/tic_tac_toe_frontend/node_modules/@babel/parser/lib/index.js:12443:21)
    at FlowParserMixin.parseStatementLike (/tmp/kavia/workspace/code-generation/tictactoeweb-620896-aa8990a6/tic_tac_toe_frontend/node_modules/@babel/parser/lib/index.js:12406:17)
    at FlowParserMixin.parseStatementLike (/tmp/kavia/workspace/code-generation/tictactoeweb-620896-aa8990a6/tic_tac_toe_frontend/node_modules/@babel/parser/lib/index.js:5140:24)
    at FlowParserMixin.parseStatementListItem (/tmp/kavia/workspace/code-generation/tictactoeweb-620896-aa8990a6/tic_tac_toe_frontend/node_modules/@babel/parser/lib/index.js:12386:17)
    at FlowParserMixin.parseBlockOrModuleBlockBody (/tmp/kavia/workspace/code-generation/tictactoeweb-620896-aa8990a6/tic_tac_toe_frontend/node_modules/@babel/parser/lib/index.js:12960:61)
    at FlowParserMixin.parseBlockBody (/tmp/kavia/workspace/code-generation/tictactoeweb-620896-aa8990a6/tic_tac_toe_frontend/node_modules/@babel/parser/lib/index.js:12953:10)
    at FlowParserMixin.parseBlock (/tmp/kavia/workspace/code-generation/tictactoeweb-620896-aa8990a6/tic_tac_toe_frontend/node_modules/@babel/parser/lib/index.js:12941:10)
    at FlowParserMixin.parseFunctionBody (/tmp/kavia/workspace/code-generation/tictactoeweb-620896-aa8990a6/tic_tac_toe_frontend/node_modules/@babel/parser/lib/index.js:11783:24)
    at /tmp/kavia/workspace/code-generation/tictactoeweb-620896-aa8990a6/tic_tac_toe_frontend/node_modules/@babel/parser/lib/index.js:5114:63
    at FlowParserMixin.forwardNoArrowParamsConversionAt (/tmp/kavia/workspace/code-generation/tictactoeweb-620896-aa8990a6/tic_tac_toe_frontend/node_modules/@babel/parser/lib/index.js:5290:16)
    at FlowParserMixin.parseFunctionBody (/tmp/kavia/workspace/code-generation/tictactoeweb-620896-aa8990a6/tic_tac_toe_frontend/node_modules/@babel/parser/lib/index.js:5114:12)
    at FlowParserMixin.parseArrowExpression (/tmp/kavia/workspace/code-generation/tictactoeweb-620896-aa8990a6/tic_tac_toe_frontend/node_modules/@babel/parser/lib/index.js:11758:10)
    at FlowParserMixin.parseAsyncArrowFromCallExpression (/tmp/kavia/workspace/code-generation/tictactoeweb-620896-aa8990a6/tic_tac_toe_frontend/node_modules/@babel/parser/lib/index.js:10939:10)

ERROR in [eslint] 
src/App.js
  Line 85:  Parsing error: Unexpected token (85:0)

webpack compiled with 2 errors
Compiling...
Failed to compile.

[eslint] 
src/App.js
Syntax error: Unexpected token (86:0) (86:undefined)
ERROR in ./src/App.js
Module build failed (from ./node_modules/babel-loader/lib/index.js):
SyntaxError: /tmp/kavia/workspace/code-generation/tictactoeweb-620896-aa8990a6/tic_tac_toe_frontend/src/App.js: Unexpected token (86:0)

  84 |         statusMsg = `🎉 ${data.winner} wins!`;
  85 |       } else if (data.game_over && !data.winner) {
> 86 |
     | ^
    at constructor (/tmp/kavia/workspace/code-generation/tictactoeweb-620896-aa8990a6/tic_tac_toe_frontend/node_modules/@babel/parser/lib/index.js:360:19)
    at FlowParserMixin.raise (/tmp/kavia/workspace/code-generation/tictactoeweb-620896-aa8990a6/tic_tac_toe_frontend/node_modules/@babel/parser/lib/index.js:3327:19)
    at FlowParserMixin.unexpected (/tmp/kavia/workspace/code-generation/tictactoeweb-620896-aa8990a6/tic_tac_toe_frontend/node_modules/@babel/parser/lib/index.js:3347:16)
    at FlowParserMixin.parseExprAtom (/tmp/kavia/workspace/code-generation/tictactoeweb-620896-aa8990a6/tic_tac_toe_frontend/node_modules/@babel/parser/lib/index.js:11126:16)
    at FlowParserMixin.parseExprAtom (/tmp/kavia/workspace/code-generation/tictactoeweb-620896-aa8990a6/tic_tac_toe_frontend/node_modules/@babel/parser/lib/index.js:6937:20)
    at FlowParserMixin.parseExprSubscripts (/tmp/kavia/workspace/code-generation/tictactoeweb-620896-aa8990a6/tic_tac_toe_frontend/node_modules/@babel/parser/lib/index.js:10758:23)
    at FlowParserMixin.parseUpdate (/tmp/kavia/workspace/code-generation/tictactoeweb-620896-aa8990a6/tic_tac_toe_frontend/node_modules/@babel/parser/lib/index.js:10743:21)
    at FlowParserMixin.parseMaybeUnary (/tmp/kavia/workspace/code-generation/tictactoeweb-620896-aa8990a6/tic_tac_toe_frontend/node_modules/@babel/parser/lib/index.js:10723:23)
    at FlowParserMixin.parseMaybeUnaryOrPrivate (/tmp/kavia/workspace/code-generation/tictactoeweb-620896-aa8990a6/tic_tac_toe_frontend/node_modules/@babel/parser/lib/index.js:10576:61)
    at FlowParserMixin.parseExprOps (/tmp/kavia/workspace/code-generation/tictactoeweb-620896-aa8990a6/tic_tac_toe_frontend/node_modules/@babel/parser/lib/index.js:10581:23)
    at FlowParserMixin.parseMaybeConditional (/tmp/kavia/workspace/code-generation/tictactoeweb-620896-aa8990a6/tic_tac_toe_frontend/node_modules/@babel/parser/lib/index.js:10558:23)
    at FlowParserMixin.parseMaybeAssign (/tmp/kavia/workspace/code-generation/tictactoeweb-620896-aa8990a6/tic_tac_toe_frontend/node_modules/@babel/parser/lib/index.js:10521:21)
    at FlowParserMixin.parseMaybeAssign (/tmp/kavia/workspace/code-generation/tictactoeweb-620896-aa8990a6/tic_tac_toe_frontend/node_modules/@babel/parser/lib/index.js:5773:18)
    at FlowParserMixin.parseExpressionBase (/tmp/kavia/workspace/code-generation/tictactoeweb-620896-aa8990a6/tic_tac_toe_frontend/node_modules/@babel/parser/lib/index.js:10475:23)
    at /tmp/kavia/workspace/code-generation/tictactoeweb-620896-aa8990a6/tic_tac_toe_frontend/node_modules/@babel/parser/lib/index.js:10471:39
    at FlowParserMixin.allowInAnd (/tmp/kavia/workspace/code-generation/tictactoeweb-620896-aa8990a6/tic_tac_toe_frontend/node_modules/@babel/parser/lib/index.js:12095:16)
    at FlowParserMixin.parseExpression (/tmp/kavia/workspace/code-generation/tictactoeweb-620896-aa8990a6/tic_tac_toe_frontend/node_modules/@babel/parser/lib/index.js:10471:17)
    at FlowParserMixin.parseStatementContent (/tmp/kavia/workspace/code-generation/tictactoeweb-620896-aa8990a6/tic_tac_toe_frontend/node_modules/@babel/parser/lib/index.js:12539:23)
    at FlowParserMixin.parseStatementLike (/tmp/kavia/workspace/code-generation/tictactoeweb-620896-aa8990a6/tic_tac_toe_frontend/node_modules/@babel/parser/lib/index.js:12406:17)
    at FlowParserMixin.parseStatementLike (/tmp/kavia/workspace/code-generation/tictactoeweb-620896-aa8990a6/tic_tac_toe_frontend/node_modules/@babel/parser/lib/index.js:5140:24)
    at FlowParserMixin.parseStatementListItem (/tmp/kavia/workspace/code-generation/tictactoeweb-620896-aa8990a6/tic_tac_toe_frontend/node_modules/@babel/parser/lib/index.js:12386:17)
    at FlowParserMixin.parseBlockOrModuleBlockBody (/tmp/kavia/workspace/code-generation/tictactoeweb-620896-aa8990a6/tic_tac_toe_frontend/node_modules/@babel/parser/lib/index.js:12960:61)
    at FlowParserMixin.parseBlockBody (/tmp/kavia/workspace/code-generation/tictactoeweb-620896-aa8990a6/tic_tac_toe_frontend/node_modules/@babel/parser/lib/index.js:12953:10)
    at FlowParserMixin.parseBlock (/tmp/kavia/workspace/code-generation/tictactoeweb-620896-aa8990a6/tic_tac_toe_frontend/node_modules/@babel/parser/lib/index.js:12941:10)
    at FlowParserMixin.parseStatementContent (/tmp/kavia/workspace/code-generation/tictactoeweb-620896-aa8990a6/tic_tac_toe_frontend/node_modules/@babel/parser/lib/index.js:12496:21)
    at FlowParserMixin.parseStatementLike (/tmp/kavia/workspace/code-generation/tictactoeweb-620896-aa8990a6/tic_tac_toe_frontend/node_modules/@babel/parser/lib/index.js:12406:17)
    at FlowParserMixin.parseStatementLike (/tmp/kavia/workspace/code-generation/tictactoeweb-620896-aa8990a6/tic_tac_toe_frontend/node_modules/@babel/parser/lib/index.js:5140:24)
    at FlowParserMixin.parseStatementOrSloppyAnnexBFunctionDeclaration (/tmp/kavia/workspace/code-generation/tictactoeweb-620896-aa8990a6/tic_tac_toe_frontend/node_modules/@babel/parser/lib/index.js:12396:17)
    at FlowParserMixin.parseIfStatement (/tmp/kavia/workspace/code-generation/tictactoeweb-620896-aa8990a6/tic_tac_toe_frontend/node_modules/@babel/parser/lib/index.js:12774:28)
    at FlowParserMixin.parseStatementContent (/tmp/kavia/workspace/code-generation/tictactoeweb-620896-aa8990a6/tic_tac_toe_frontend/node_modules/@babel/parser/lib/index.js:12435:21)
    at FlowParserMixin.parseStatementLike (/tmp/kavia/workspace/code-generation/tictactoeweb-620896-aa8990a6/tic_tac_toe_frontend/node_modules/@babel/parser/lib/index.js:12406:17)
    at FlowParserMixin.parseStatementLike (/tmp/kavia/workspace/code-generation/tictactoeweb-620896-aa8990a6/tic_tac_toe_frontend/node_modules/@babel/parser/lib/index.js:5140:24)
    at FlowParserMixin.parseStatementOrSloppyAnnexBFunctionDeclaration (/tmp/kavia/workspace/code-generation/tictactoeweb-620896-aa8990a6/tic_tac_toe_frontend/node_modules/@babel/parser/lib/index.js:12396:17)
    at FlowParserMixin.parseIfStatement (/tmp/kavia/workspace/code-generation/tictactoeweb-620896-aa8990a6/tic_tac_toe_frontend/node_modules/@babel/parser/lib/index.js:12775:42)
    at FlowParserMixin.parseStatementContent (/tmp/kavia/workspace/code-generation/tictactoeweb-620896-aa8990a6/tic_tac_toe_frontend/node_modules/@babel/parser/lib/index.js:12435:21)
    at FlowParserMixin.parseStatementLike (/tmp/kavia/workspace/code-generation/tictactoeweb-620896-aa8990a6/tic_tac_toe_frontend/node_modules/@babel/parser/lib/index.js:12406:17)
    at FlowParserMixin.parseStatementLike (/tmp/kavia/workspace/code-generation/tictactoeweb-620896-aa8990a6/tic_tac_toe_frontend/node_modules/@babel/parser/lib/index.js:5140:24)
    at FlowParserMixin.parseStatementListItem (/tmp/kavia/workspace/code-generation/tictactoeweb-620896-aa8990a6/tic_tac_toe_frontend/node_modules/@babel/parser/lib/index.js:12386:17)
    at FlowParserMixin.parseBlockOrModuleBlockBody (/tmp/kavia/workspace/code-generation/tictactoeweb-620896-aa8990a6/tic_tac_toe_frontend/node_modules/@babel/parser/lib/index.js:12960:61)
    at FlowParserMixin.parseBlockBody (/tmp/kavia/workspace/code-generation/tictactoeweb-620896-aa8990a6/tic_tac_toe_frontend/node_modules/@babel/parser/lib/index.js:12953:10)
    at FlowParserMixin.parseBlock (/tmp/kavia/workspace/code-generation/tictactoeweb-620896-aa8990a6/tic_tac_toe_frontend/node_modules/@babel/parser/lib/index.js:12941:10)
    at FlowParserMixin.parseTryStatement (/tmp/kavia/workspace/code-generation/tictactoeweb-620896-aa8990a6/tic_tac_toe_frontend/node_modules/@babel/parser/lib/index.js:12849:23)
    at FlowParserMixin.parseStatementContent (/tmp/kavia/workspace/code-generation/tictactoeweb-620896-aa8990a6/tic_tac_toe_frontend/node_modules/@babel/parser/lib/index.js:12443:21)
    at FlowParserMixin.parseStatementLike (/tmp/kavia/workspace/code-generation/tictactoeweb-620896-aa8990a6/tic_tac_toe_frontend/node_modules/@babel/parser/lib/index.js:12406:17)
    at FlowParserMixin.parseStatementLike (/tmp/kavia/workspace/code-generation/tictactoeweb-620896-aa8990a6/tic_tac_toe_frontend/node_modules/@babel/parser/lib/index.js:5140:24)
    at FlowParserMixin.parseStatementListItem (/tmp/kavia/workspace/code-generation/tictactoeweb-620896-aa8990a6/tic_tac_toe_frontend/node_modules/@babel/parser/lib/index.js:12386:17)
    at FlowParserMixin.parseBlockOrModuleBlockBody (/tmp/kavia/workspace/code-generation/tictactoeweb-620896-aa8990a6/tic_tac_toe_frontend/node_modules/@babel/parser/lib/index.js:12960:61)
    at FlowParserMixin.parseBlockBody (/tmp/kavia/workspace/code-generation/tictactoeweb-620896-aa8990a6/tic_tac_toe_frontend/node_modules/@babel/parser/lib/index.js:12953:10)
    at FlowParserMixin.parseBlock (/tmp/kavia/workspace/code-generation/tictactoeweb-620896-aa8990a6/tic_tac_toe_frontend/node_modules/@babel/parser/lib/index.js:12941:10)
    at FlowParserMixin.parseFunctionBody (/tmp/kavia/workspace/code-generation/tictactoeweb-620896-aa8990a6/tic_tac_toe_frontend/node_modules/@babel/parser/lib/index.js:11783:24)

ERROR in [eslint] 
src/App.js
  Line 86:  Parsing error: Unexpected token (86:0)

webpack compiled with 2 errors
Compiling...
Failed to compile.

[eslint] 
src/App.js
Syntax error: Unexpected token (89:0) (89:undefined)
ERROR in ./src/App.js
Module build failed (from ./node_modules/babel-loader/lib/index.js):
SyntaxError: /tmp/kavia/workspace/code-generation/tictactoeweb-620896-aa8990a6/tic_tac_toe_frontend/src/App.js: Unexpected token (89:0)

  87 |         statusMsg = "It's a draw!";
  88 |         statusMsg = data.next_turn
> 89 |
     | ^
    at constructor (/tmp/kavia/workspace/code-generation/tictactoeweb-620896-aa8990a6/tic_tac_toe_frontend/node_modules/@babel/parser/lib/index.js:360:19)
    at FlowParserMixin.raise (/tmp/kavia/workspace/code-generation/tictactoeweb-620896-aa8990a6/tic_tac_toe_frontend/node_modules/@babel/parser/lib/index.js:3327:19)
    at FlowParserMixin.unexpected (/tmp/kavia/workspace/code-generation/tictactoeweb-620896-aa8990a6/tic_tac_toe_frontend/node_modules/@babel/parser/lib/index.js:3347:16)
    at FlowParserMixin.parseExprAtom (/tmp/kavia/workspace/code-generation/tictactoeweb-620896-aa8990a6/tic_tac_toe_frontend/node_modules/@babel/parser/lib/index.js:11126:16)
    at FlowParserMixin.parseExprAtom (/tmp/kavia/workspace/code-generation/tictactoeweb-620896-aa8990a6/tic_tac_toe_frontend/node_modules/@babel/parser/lib/index.js:6937:20)
    at FlowParserMixin.parseExprSubscripts (/tmp/kavia/workspace/code-generation/tictactoeweb-620896-aa8990a6/tic_tac_toe_frontend/node_modules/@babel/parser/lib/index.js:10758:23)
    at FlowParserMixin.parseUpdate (/tmp/kavia/workspace/code-generation/tictactoeweb-620896-aa8990a6/tic_tac_toe_frontend/node_modules/@babel/parser/lib/index.js:10743:21)
    at FlowParserMixin.parseMaybeUnary (/tmp/kavia/workspace/code-generation/tictactoeweb-620896-aa8990a6/tic_tac_toe_frontend/node_modules/@babel/parser/lib/index.js:10723:23)
    at FlowParserMixin.parseMaybeUnaryOrPrivate (/tmp/kavia/workspace/code-generation/tictactoeweb-620896-aa8990a6/tic_tac_toe_frontend/node_modules/@babel/parser/lib/index.js:10576:61)
    at FlowParserMixin.parseExprOps (/tmp/kavia/workspace/code-generation/tictactoeweb-620896-aa8990a6/tic_tac_toe_frontend/node_modules/@babel/parser/lib/index.js:10581:23)
    at FlowParserMixin.parseMaybeConditional (/tmp/kavia/workspace/code-generation/tictactoeweb-620896-aa8990a6/tic_tac_toe_frontend/node_modules/@babel/parser/lib/index.js:10558:23)
    at FlowParserMixin.parseMaybeAssign (/tmp/kavia/workspace/code-generation/tictactoeweb-620896-aa8990a6/tic_tac_toe_frontend/node_modules/@babel/parser/lib/index.js:10521:21)
    at FlowParserMixin.parseMaybeAssign (/tmp/kavia/workspace/code-generation/tictactoeweb-620896-aa8990a6/tic_tac_toe_frontend/node_modules/@babel/parser/lib/index.js:5773:18)
    at FlowParserMixin.parseExpressionBase (/tmp/kavia/workspace/code-generation/tictactoeweb-620896-aa8990a6/tic_tac_toe_frontend/node_modules/@babel/parser/lib/index.js:10475:23)
    at /tmp/kavia/workspace/code-generation/tictactoeweb-620896-aa8990a6/tic_tac_toe_frontend/node_modules/@babel/parser/lib/index.js:10471:39
    at FlowParserMixin.allowInAnd (/tmp/kavia/workspace/code-generation/tictactoeweb-620896-aa8990a6/tic_tac_toe_frontend/node_modules/@babel/parser/lib/index.js:12095:16)
    at FlowParserMixin.parseExpression (/tmp/kavia/workspace/code-generation/tictactoeweb-620896-aa8990a6/tic_tac_toe_frontend/node_modules/@babel/parser/lib/index.js:10471:17)
    at FlowParserMixin.parseStatementContent (/tmp/kavia/workspace/code-generation/tictactoeweb-620896-aa8990a6/tic_tac_toe_frontend/node_modules/@babel/parser/lib/index.js:12539:23)
    at FlowParserMixin.parseStatementLike (/tmp/kavia/workspace/code-generation/tictactoeweb-620896-aa8990a6/tic_tac_toe_frontend/node_modules/@babel/parser/lib/index.js:12406:17)
    at FlowParserMixin.parseStatementLike (/tmp/kavia/workspace/code-generation/tictactoeweb-620896-aa8990a6/tic_tac_toe_frontend/node_modules/@babel/parser/lib/index.js:5140:24)
    at FlowParserMixin.parseStatementListItem (/tmp/kavia/workspace/code-generation/tictactoeweb-620896-aa8990a6/tic_tac_toe_frontend/node_modules/@babel/parser/lib/index.js:12386:17)
    at FlowParserMixin.parseBlockOrModuleBlockBody (/tmp/kavia/workspace/code-generation/tictactoeweb-620896-aa8990a6/tic_tac_toe_frontend/node_modules/@babel/parser/lib/index.js:12960:61)
    at FlowParserMixin.parseBlockBody (/tmp/kavia/workspace/code-generation/tictactoeweb-620896-aa8990a6/tic_tac_toe_frontend/node_modules/@babel/parser/lib/index.js:12953:10)
    at FlowParserMixin.parseBlock (/tmp/kavia/workspace/code-generation/tictactoeweb-620896-aa8990a6/tic_tac_toe_frontend/node_modules/@babel/parser/lib/index.js:12941:10)
    at FlowParserMixin.parseStatementContent (/tmp/kavia/workspace/code-generation/tictactoeweb-620896-aa8990a6/tic_tac_toe_frontend/node_modules/@babel/parser/lib/index.js:12496:21)
    at FlowParserMixin.parseStatementLike (/tmp/kavia/workspace/code-generation/tictactoeweb-620896-aa8990a6/tic_tac_toe_frontend/node_modules/@babel/parser/lib/index.js:12406:17)
    at FlowParserMixin.parseStatementLike (/tmp/kavia/workspace/code-generation/tictactoeweb-620896-aa8990a6/tic_tac_toe_frontend/node_modules/@babel/parser/lib/index.js:5140:24)
    at FlowParserMixin.parseStatementOrSloppyAnnexBFunctionDeclaration (/tmp/kavia/workspace/code-generation/tictactoeweb-620896-aa8990a6/tic_tac_toe_frontend/node_modules/@babel/parser/lib/index.js:12396:17)
    at FlowParserMixin.parseIfStatement (/tmp/kavia/workspace/code-generation/tictactoeweb-620896-aa8990a6/tic_tac_toe_frontend/node_modules/@babel/parser/lib/index.js:12775:42)
    at FlowParserMixin.parseStatementContent (/tmp/kavia/workspace/code-generation/tictactoeweb-620896-aa8990a6/tic_tac_toe_frontend/node_modules/@babel/parser/lib/index.js:12435:21)
    at FlowParserMixin.parseStatementLike (/tmp/kavia/workspace/code-generation/tictactoeweb-620896-aa8990a6/tic_tac_toe_frontend/node_modules/@babel/parser/lib/index.js:12406:17)
    at FlowParserMixin.parseStatementLike (/tmp/kavia/workspace/code-generation/tictactoeweb-620896-aa8990a6/tic_tac_toe_frontend/node_modules/@babel/parser/lib/index.js:5140:24)
    at FlowParserMixin.parseStatementOrSloppyAnnexBFunctionDeclaration (/tmp/kavia/workspace/code-generation/tictactoeweb-620896-aa8990a6/tic_tac_toe_frontend/node_modules/@babel/parser/lib/index.js:12396:17)
    at FlowParserMixin.parseIfStatement (/tmp/kavia/workspace/code-generation/tictactoeweb-620896-aa8990a6/tic_tac_toe_frontend/node_modules/@babel/parser/lib/index.js:12775:42)
    at FlowParserMixin.parseStatementContent (/tmp/kavia/workspace/code-generation/tictactoeweb-620896-aa8990a6/tic_tac_toe_frontend/node_modules/@babel/parser/lib/index.js:12435:21)
    at FlowParserMixin.parseStatementLike (/tmp/kavia/workspace/code-generation/tictactoeweb-620896-aa8990a6/tic_tac_toe_frontend/node_modules/@babel/parser/lib/index.js:12406:17)
    at FlowParserMixin.parseStatementLike (/tmp/kavia/workspace/code-generation/tictactoeweb-620896-aa8990a6/tic_tac_toe_frontend/node_modules/@babel/parser/lib/index.js:5140:24)
    at FlowParserMixin.parseStatementListItem (/tmp/kavia/workspace/code-generation/tictactoeweb-620896-aa8990a6/tic_tac_toe_frontend/node_modules/@babel/parser/lib/index.js:12386:17)
    at FlowParserMixin.parseBlockOrModuleBlockBody (/tmp/kavia/workspace/code-generation/tictactoeweb-620896-aa8990a6/tic_tac_toe_frontend/node_modules/@babel/parser/lib/index.js:12960:61)
    at FlowParserMixin.parseBlockBody (/tmp/kavia/workspace/code-generation/tictactoeweb-620896-aa8990a6/tic_tac_toe_frontend/node_modules/@babel/parser/lib/index.js:12953:10)
    at FlowParserMixin.parseBlock (/tmp/kavia/workspace/code-generation/tictactoeweb-620896-aa8990a6/tic_tac_toe_frontend/node_modules/@babel/parser/lib/index.js:12941:10)
    at FlowParserMixin.parseTryStatement (/tmp/kavia/workspace/code-generation/tictactoeweb-620896-aa8990a6/tic_tac_toe_frontend/node_modules/@babel/parser/lib/index.js:12849:23)
    at FlowParserMixin.parseStatementContent (/tmp/kavia/workspace/code-generation/tictactoeweb-620896-aa8990a6/tic_tac_toe_frontend/node_modules/@babel/parser/lib/index.js:12443:21)
    at FlowParserMixin.parseStatementLike (/tmp/kavia/workspace/code-generation/tictactoeweb-620896-aa8990a6/tic_tac_toe_frontend/node_modules/@babel/parser/lib/index.js:12406:17)
    at FlowParserMixin.parseStatementLike (/tmp/kavia/workspace/code-generation/tictactoeweb-620896-aa8990a6/tic_tac_toe_frontend/node_modules/@babel/parser/lib/index.js:5140:24)
    at FlowParserMixin.parseStatementListItem (/tmp/kavia/workspace/code-generation/tictactoeweb-620896-aa8990a6/tic_tac_toe_frontend/node_modules/@babel/parser/lib/index.js:12386:17)
    at FlowParserMixin.parseBlockOrModuleBlockBody (/tmp/kavia/workspace/code-generation/tictactoeweb-620896-aa8990a6/tic_tac_toe_frontend/node_modules/@babel/parser/lib/index.js:12960:61)
    at FlowParserMixin.parseBlockBody (/tmp/kavia/workspace/code-generation/tictactoeweb-620896-aa8990a6/tic_tac_toe_frontend/node_modules/@babel/parser/lib/index.js:12953:10)
    at FlowParserMixin.parseBlock (/tmp/kavia/workspace/code-generation/tictactoeweb-620896-aa8990a6/tic_tac_toe_frontend/node_modules/@babel/parser/lib/index.js:12941:10)
    at FlowParserMixin.parseFunctionBody (/tmp/kavia/workspace/code-generation/tictactoeweb-620896-aa8990a6/tic_tac_toe_frontend/node_modules/@babel/parser/lib/index.js:11783:24)

ERROR in [eslint] 
src/App.js
  Line 89:  Parsing error: Unexpected token (89:0)

webpack compiled with 2 errors
Compiling...
Failed to compile.

[eslint] 
src/App.js
Syntax error: Unexpected reserved word 'await'. (32:18) (32:18)
ERROR in ./src/App.js
Module build failed (from ./node_modules/babel-loader/lib/index.js):
SyntaxError: /tmp/kavia/workspace/code-generation/tictactoeweb-620896-aa8990a6/tic_tac_toe_frontend/src/App.js: Unexpected reserved word 'await'. (32:18)

  30 |     try {
  31 |       // POST to backend's "start game" endpoint
> 32 |       const res = await fetch(`${API_BASE_URL}/start`, { method: "POST" });
     |                   ^
  33 |       const data = await res.json();
  34 |       setGameId(data.game_id || data.id || null);
  35 |       setBoard(data.board || Array(9).fill(""));
    at constructor (/tmp/kavia/workspace/code-generation/tictactoeweb-620896-aa8990a6/tic_tac_toe_frontend/node_modules/@babel/parser/lib/index.js:360:19)
    at FlowParserMixin.raise (/tmp/kavia/workspace/code-generation/tictactoeweb-620896-aa8990a6/tic_tac_toe_frontend/node_modules/@babel/parser/lib/index.js:3327:19)
    at FlowParserMixin.checkReservedWord (/tmp/kavia/workspace/code-generation/tictactoeweb-620896-aa8990a6/tic_tac_toe_frontend/node_modules/@babel/parser/lib/index.js:11909:12)
    at FlowParserMixin.parseIdentifierName (/tmp/kavia/workspace/code-generation/tictactoeweb-620896-aa8990a6/tic_tac_toe_frontend/node_modules/@babel/parser/lib/index.js:11889:12)
    at FlowParserMixin.parseIdentifier (/tmp/kavia/workspace/code-generation/tictactoeweb-620896-aa8990a6/tic_tac_toe_frontend/node_modules/@babel/parser/lib/index.js:11864:23)
    at FlowParserMixin.parseExprAtom (/tmp/kavia/workspace/code-generation/tictactoeweb-620896-aa8990a6/tic_tac_toe_frontend/node_modules/@babel/parser/lib/index.js:11100:27)
    at FlowParserMixin.parseExprAtom (/tmp/kavia/workspace/code-generation/tictactoeweb-620896-aa8990a6/tic_tac_toe_frontend/node_modules/@babel/parser/lib/index.js:6937:20)
    at FlowParserMixin.parseExprSubscripts (/tmp/kavia/workspace/code-generation/tictactoeweb-620896-aa8990a6/tic_tac_toe_frontend/node_modules/@babel/parser/lib/index.js:10758:23)
    at FlowParserMixin.parseUpdate (/tmp/kavia/workspace/code-generation/tictactoeweb-620896-aa8990a6/tic_tac_toe_frontend/node_modules/@babel/parser/lib/index.js:10743:21)
    at FlowParserMixin.parseMaybeUnary (/tmp/kavia/workspace/code-generation/tictactoeweb-620896-aa8990a6/tic_tac_toe_frontend/node_modules/@babel/parser/lib/index.js:10723:23)
    at FlowParserMixin.parseMaybeUnaryOrPrivate (/tmp/kavia/workspace/code-generation/tictactoeweb-620896-aa8990a6/tic_tac_toe_frontend/node_modules/@babel/parser/lib/index.js:10576:61)
    at FlowParserMixin.parseExprOps (/tmp/kavia/workspace/code-generation/tictactoeweb-620896-aa8990a6/tic_tac_toe_frontend/node_modules/@babel/parser/lib/index.js:10581:23)
    at FlowParserMixin.parseMaybeConditional (/tmp/kavia/workspace/code-generation/tictactoeweb-620896-aa8990a6/tic_tac_toe_frontend/node_modules/@babel/parser/lib/index.js:10558:23)
    at FlowParserMixin.parseMaybeAssign (/tmp/kavia/workspace/code-generation/tictactoeweb-620896-aa8990a6/tic_tac_toe_frontend/node_modules/@babel/parser/lib/index.js:10521:21)
    at FlowParserMixin.parseMaybeAssign (/tmp/kavia/workspace/code-generation/tictactoeweb-620896-aa8990a6/tic_tac_toe_frontend/node_modules/@babel/parser/lib/index.js:5773:18)
    at /tmp/kavia/workspace/code-generation/tictactoeweb-620896-aa8990a6/tic_tac_toe_frontend/node_modules/@babel/parser/lib/index.js:10491:39
    at FlowParserMixin.allowInAnd (/tmp/kavia/workspace/code-generation/tictactoeweb-620896-aa8990a6/tic_tac_toe_frontend/node_modules/@babel/parser/lib/index.js:12095:16)
    at FlowParserMixin.parseMaybeAssignAllowIn (/tmp/kavia/workspace/code-generation/tictactoeweb-620896-aa8990a6/tic_tac_toe_frontend/node_modules/@babel/parser/lib/index.js:10491:17)
    at FlowParserMixin.parseVar (/tmp/kavia/workspace/code-generation/tictactoeweb-620896-aa8990a6/tic_tac_toe_frontend/node_modules/@babel/parser/lib/index.js:13028:91)
    at FlowParserMixin.parseVarStatement (/tmp/kavia/workspace/code-generation/tictactoeweb-620896-aa8990a6/tic_tac_toe_frontend/node_modules/@babel/parser/lib/index.js:12874:10)
    at FlowParserMixin.parseStatementContent (/tmp/kavia/workspace/code-generation/tictactoeweb-620896-aa8990a6/tic_tac_toe_frontend/node_modules/@babel/parser/lib/index.js:12489:23)
    at FlowParserMixin.parseStatementLike (/tmp/kavia/workspace/code-generation/tictactoeweb-620896-aa8990a6/tic_tac_toe_frontend/node_modules/@babel/parser/lib/index.js:12406:17)
    at FlowParserMixin.parseStatementLike (/tmp/kavia/workspace/code-generation/tictactoeweb-620896-aa8990a6/tic_tac_toe_frontend/node_modules/@babel/parser/lib/index.js:5140:24)
    at FlowParserMixin.parseStatementListItem (/tmp/kavia/workspace/code-generation/tictactoeweb-620896-aa8990a6/tic_tac_toe_frontend/node_modules/@babel/parser/lib/index.js:12386:17)
    at FlowParserMixin.parseBlockOrModuleBlockBody (/tmp/kavia/workspace/code-generation/tictactoeweb-620896-aa8990a6/tic_tac_toe_frontend/node_modules/@babel/parser/lib/index.js:12960:61)
    at FlowParserMixin.parseBlockBody (/tmp/kavia/workspace/code-generation/tictactoeweb-620896-aa8990a6/tic_tac_toe_frontend/node_modules/@babel/parser/lib/index.js:12953:10)
    at FlowParserMixin.parseBlock (/tmp/kavia/workspace/code-generation/tictactoeweb-620896-aa8990a6/tic_tac_toe_frontend/node_modules/@babel/parser/lib/index.js:12941:10)
    at FlowParserMixin.parseTryStatement (/tmp/kavia/workspace/code-generation/tictactoeweb-620896-aa8990a6/tic_tac_toe_frontend/node_modules/@babel/parser/lib/index.js:12849:23)
    at FlowParserMixin.parseStatementContent (/tmp/kavia/workspace/code-generation/tictactoeweb-620896-aa8990a6/tic_tac_toe_frontend/node_modules/@babel/parser/lib/index.js:12443:21)
    at FlowParserMixin.parseStatementLike (/tmp/kavia/workspace/code-generation/tictactoeweb-620896-aa8990a6/tic_tac_toe_frontend/node_modules/@babel/parser/lib/index.js:12406:17)
    at FlowParserMixin.parseStatementLike (/tmp/kavia/workspace/code-generation/tictactoeweb-620896-aa8990a6/tic_tac_toe_frontend/node_modules/@babel/parser/lib/index.js:5140:24)
    at FlowParserMixin.parseStatementListItem (/tmp/kavia/workspace/code-generation/tictactoeweb-620896-aa8990a6/tic_tac_toe_frontend/node_modules/@babel/parser/lib/index.js:12386:17)
    at FlowParserMixin.parseBlockOrModuleBlockBody (/tmp/kavia/workspace/code-generation/tictactoeweb-620896-aa8990a6/tic_tac_toe_frontend/node_modules/@babel/parser/lib/index.js:12960:61)
    at FlowParserMixin.parseBlockBody (/tmp/kavia/workspace/code-generation/tictactoeweb-620896-aa8990a6/tic_tac_toe_frontend/node_modules/@babel/parser/lib/index.js:12953:10)
    at FlowParserMixin.parseBlock (/tmp/kavia/workspace/code-generation/tictactoeweb-620896-aa8990a6/tic_tac_toe_frontend/node_modules/@babel/parser/lib/index.js:12941:10)
    at FlowParserMixin.parseFunctionBody (/tmp/kavia/workspace/code-generation/tictactoeweb-620896-aa8990a6/tic_tac_toe_frontend/node_modules/@babel/parser/lib/index.js:11783:24)
    at FlowParserMixin.parseFunctionBody (/tmp/kavia/workspace/code-generation/tictactoeweb-620896-aa8990a6/tic_tac_toe_frontend/node_modules/@babel/parser/lib/index.js:5117:11)
    at FlowParserMixin.parseFunctionBodyAndFinish (/tmp/kavia/workspace/code-generation/tictactoeweb-620896-aa8990a6/tic_tac_toe_frontend/node_modules/@babel/parser/lib/index.js:11769:10)
    at FlowParserMixin.parseFunctionBodyAndFinish (/tmp/kavia/workspace/code-generation/tictactoeweb-620896-aa8990a6/tic_tac_toe_frontend/node_modules/@babel/parser/lib/index.js:5125:18)
    at /tmp/kavia/workspace/code-generation/tictactoeweb-620896-aa8990a6/tic_tac_toe_frontend/node_modules/@babel/parser/lib/index.js:13085:12
    at FlowParserMixin.withSmartMixTopicForbiddingContext (/tmp/kavia/workspace/code-generation/tictactoeweb-620896-aa8990a6/tic_tac_toe_frontend/node_modules/@babel/parser/lib/index.js:12077:14)
    at FlowParserMixin.parseFunction (/tmp/kavia/workspace/code-generation/tictactoeweb-620896-aa8990a6/tic_tac_toe_frontend/node_modules/@babel/parser/lib/index.js:13084:10)
    at FlowParserMixin.parseFunctionStatement (/tmp/kavia/workspace/code-generation/tictactoeweb-620896-aa8990a6/tic_tac_toe_frontend/node_modules/@babel/parser/lib/index.js:12769:17)
    at FlowParserMixin.parseStatementContent (/tmp/kavia/workspace/code-generation/tictactoeweb-620896-aa8990a6/tic_tac_toe_frontend/node_modules/@babel/parser/lib/index.js:12430:21)
    at FlowParserMixin.parseStatementLike (/tmp/kavia/workspace/code-generation/tictactoeweb-620896-aa8990a6/tic_tac_toe_frontend/node_modules/@babel/parser/lib/index.js:12406:17)
    at FlowParserMixin.parseStatementLike (/tmp/kavia/workspace/code-generation/tictactoeweb-620896-aa8990a6/tic_tac_toe_frontend/node_modules/@babel/parser/lib/index.js:5140:24)
    at FlowParserMixin.parseModuleItem (/tmp/kavia/workspace/code-generation/tictactoeweb-620896-aa8990a6/tic_tac_toe_frontend/node_modules/@babel/parser/lib/index.js:12383:17)
    at FlowParserMixin.parseBlockOrModuleBlockBody (/tmp/kavia/workspace/code-generation/tictactoeweb-620896-aa8990a6/tic_tac_toe_frontend/node_modules/@babel/parser/lib/index.js:12960:36)
    at FlowParserMixin.parseBlockBody (/tmp/kavia/workspace/code-generation/tictactoeweb-620896-aa8990a6/tic_tac_toe_frontend/node_modules/@babel/parser/lib/index.js:12953:10)
    at FlowParserMixin.parseProgram (/tmp/kavia/workspace/code-generation/tictactoeweb-620896-aa8990a6/tic_tac_toe_frontend/node_modules/@babel/parser/lib/index.js:12280:10)

ERROR in [eslint] 
src/App.js
  Line 32:18:  Parsing error: Unexpected reserved word 'await'. (32:18)

webpack compiled with 2 errors
Compiling...
Failed to compile.

[eslint] 
src/App.js
Syntax error: Unexpected token (91:0) (91:undefined)
ERROR in ./src/App.js
Module build failed (from ./node_modules/babel-loader/lib/index.js):
SyntaxError: /tmp/kavia/workspace/code-generation/tictactoeweb-620896-aa8990a6/tic_tac_toe_frontend/src/App.js: Unexpected token (91:0)

  89 |           ? `${data.next_turn}'s turn`
  90 |           : isXsTurn
> 91 |
     | ^
    at constructor (/tmp/kavia/workspace/code-generation/tictactoeweb-620896-aa8990a6/tic_tac_toe_frontend/node_modules/@babel/parser/lib/index.js:360:19)
    at FlowParserMixin.raise (/tmp/kavia/workspace/code-generation/tictactoeweb-620896-aa8990a6/tic_tac_toe_frontend/node_modules/@babel/parser/lib/index.js:3327:19)
    at FlowParserMixin.unexpected (/tmp/kavia/workspace/code-generation/tictactoeweb-620896-aa8990a6/tic_tac_toe_frontend/node_modules/@babel/parser/lib/index.js:3347:16)
    at FlowParserMixin.parseExprAtom (/tmp/kavia/workspace/code-generation/tictactoeweb-620896-aa8990a6/tic_tac_toe_frontend/node_modules/@babel/parser/lib/index.js:11126:16)
    at FlowParserMixin.parseExprAtom (/tmp/kavia/workspace/code-generation/tictactoeweb-620896-aa8990a6/tic_tac_toe_frontend/node_modules/@babel/parser/lib/index.js:6937:20)
    at FlowParserMixin.parseExprSubscripts (/tmp/kavia/workspace/code-generation/tictactoeweb-620896-aa8990a6/tic_tac_toe_frontend/node_modules/@babel/parser/lib/index.js:10758:23)
    at FlowParserMixin.parseUpdate (/tmp/kavia/workspace/code-generation/tictactoeweb-620896-aa8990a6/tic_tac_toe_frontend/node_modules/@babel/parser/lib/index.js:10743:21)
    at FlowParserMixin.parseMaybeUnary (/tmp/kavia/workspace/code-generation/tictactoeweb-620896-aa8990a6/tic_tac_toe_frontend/node_modules/@babel/parser/lib/index.js:10723:23)
    at FlowParserMixin.parseMaybeUnaryOrPrivate (/tmp/kavia/workspace/code-generation/tictactoeweb-620896-aa8990a6/tic_tac_toe_frontend/node_modules/@babel/parser/lib/index.js:10576:61)
    at FlowParserMixin.parseExprOps (/tmp/kavia/workspace/code-generation/tictactoeweb-620896-aa8990a6/tic_tac_toe_frontend/node_modules/@babel/parser/lib/index.js:10581:23)
    at FlowParserMixin.parseMaybeConditional (/tmp/kavia/workspace/code-generation/tictactoeweb-620896-aa8990a6/tic_tac_toe_frontend/node_modules/@babel/parser/lib/index.js:10558:23)
    at FlowParserMixin.parseMaybeAssign (/tmp/kavia/workspace/code-generation/tictactoeweb-620896-aa8990a6/tic_tac_toe_frontend/node_modules/@babel/parser/lib/index.js:10521:21)
    at FlowParserMixin.parseMaybeAssign (/tmp/kavia/workspace/code-generation/tictactoeweb-620896-aa8990a6/tic_tac_toe_frontend/node_modules/@babel/parser/lib/index.js:5773:18)
    at FlowParserMixin.parseExpressionBase (/tmp/kavia/workspace/code-generation/tictactoeweb-620896-aa8990a6/tic_tac_toe_frontend/node_modules/@babel/parser/lib/index.js:10475:23)
    at /tmp/kavia/workspace/code-generation/tictactoeweb-620896-aa8990a6/tic_tac_toe_frontend/node_modules/@babel/parser/lib/index.js:10471:39
    at FlowParserMixin.allowInAnd (/tmp/kavia/workspace/code-generation/tictactoeweb-620896-aa8990a6/tic_tac_toe_frontend/node_modules/@babel/parser/lib/index.js:12095:16)
    at FlowParserMixin.parseExpression (/tmp/kavia/workspace/code-generation/tictactoeweb-620896-aa8990a6/tic_tac_toe_frontend/node_modules/@babel/parser/lib/index.js:10471:17)
    at FlowParserMixin.parseStatementContent (/tmp/kavia/workspace/code-generation/tictactoeweb-620896-aa8990a6/tic_tac_toe_frontend/node_modules/@babel/parser/lib/index.js:12539:23)
    at FlowParserMixin.parseStatementLike (/tmp/kavia/workspace/code-generation/tictactoeweb-620896-aa8990a6/tic_tac_toe_frontend/node_modules/@babel/parser/lib/index.js:12406:17)
    at FlowParserMixin.parseStatementLike (/tmp/kavia/workspace/code-generation/tictactoeweb-620896-aa8990a6/tic_tac_toe_frontend/node_modules/@babel/parser/lib/index.js:5140:24)
    at FlowParserMixin.parseStatementListItem (/tmp/kavia/workspace/code-generation/tictactoeweb-620896-aa8990a6/tic_tac_toe_frontend/node_modules/@babel/parser/lib/index.js:12386:17)
    at FlowParserMixin.parseBlockOrModuleBlockBody (/tmp/kavia/workspace/code-generation/tictactoeweb-620896-aa8990a6/tic_tac_toe_frontend/node_modules/@babel/parser/lib/index.js:12960:61)
    at FlowParserMixin.parseBlockBody (/tmp/kavia/workspace/code-generation/tictactoeweb-620896-aa8990a6/tic_tac_toe_frontend/node_modules/@babel/parser/lib/index.js:12953:10)
    at FlowParserMixin.parseBlock (/tmp/kavia/workspace/code-generation/tictactoeweb-620896-aa8990a6/tic_tac_toe_frontend/node_modules/@babel/parser/lib/index.js:12941:10)
    at FlowParserMixin.parseStatementContent (/tmp/kavia/workspace/code-generation/tictactoeweb-620896-aa8990a6/tic_tac_toe_frontend/node_modules/@babel/parser/lib/index.js:12496:21)
    at FlowParserMixin.parseStatementLike (/tmp/kavia/workspace/code-generation/tictactoeweb-620896-aa8990a6/tic_tac_toe_frontend/node_modules/@babel/parser/lib/index.js:12406:17)
    at FlowParserMixin.parseStatementLike (/tmp/kavia/workspace/code-generation/tictactoeweb-620896-aa8990a6/tic_tac_toe_frontend/node_modules/@babel/parser/lib/index.js:5140:24)
    at FlowParserMixin.parseStatementOrSloppyAnnexBFunctionDeclaration (/tmp/kavia/workspace/code-generation/tictactoeweb-620896-aa8990a6/tic_tac_toe_frontend/node_modules/@babel/parser/lib/index.js:12396:17)
    at FlowParserMixin.parseIfStatement (/tmp/kavia/workspace/code-generation/tictactoeweb-620896-aa8990a6/tic_tac_toe_frontend/node_modules/@babel/parser/lib/index.js:12775:42)
    at FlowParserMixin.parseStatementContent (/tmp/kavia/workspace/code-generation/tictactoeweb-620896-aa8990a6/tic_tac_toe_frontend/node_modules/@babel/parser/lib/index.js:12435:21)
    at FlowParserMixin.parseStatementLike (/tmp/kavia/workspace/code-generation/tictactoeweb-620896-aa8990a6/tic_tac_toe_frontend/node_modules/@babel/parser/lib/index.js:12406:17)
    at FlowParserMixin.parseStatementLike (/tmp/kavia/workspace/code-generation/tictactoeweb-620896-aa8990a6/tic_tac_toe_frontend/node_modules/@babel/parser/lib/index.js:5140:24)
    at FlowParserMixin.parseStatementOrSloppyAnnexBFunctionDeclaration (/tmp/kavia/workspace/code-generation/tictactoeweb-620896-aa8990a6/tic_tac_toe_frontend/node_modules/@babel/parser/lib/index.js:12396:17)
    at FlowParserMixin.parseIfStatement (/tmp/kavia/workspace/code-generation/tictactoeweb-620896-aa8990a6/tic_tac_toe_frontend/node_modules/@babel/parser/lib/index.js:12775:42)
    at FlowParserMixin.parseStatementContent (/tmp/kavia/workspace/code-generation/tictactoeweb-620896-aa8990a6/tic_tac_toe_frontend/node_modules/@babel/parser/lib/index.js:12435:21)
    at FlowParserMixin.parseStatementLike (/tmp/kavia/workspace/code-generation/tictactoeweb-620896-aa8990a6/tic_tac_toe_frontend/node_modules/@babel/parser/lib/index.js:12406:17)
    at FlowParserMixin.parseStatementLike (/tmp/kavia/workspace/code-generation/tictactoeweb-620896-aa8990a6/tic_tac_toe_frontend/node_modules/@babel/parser/lib/index.js:5140:24)
    at FlowParserMixin.parseStatementListItem (/tmp/kavia/workspace/code-generation/tictactoeweb-620896-aa8990a6/tic_tac_toe_frontend/node_modules/@babel/parser/lib/index.js:12386:17)
    at FlowParserMixin.parseBlockOrModuleBlockBody (/tmp/kavia/workspace/code-generation/tictactoeweb-620896-aa8990a6/tic_tac_toe_frontend/node_modules/@babel/parser/lib/index.js:12960:61)
    at FlowParserMixin.parseBlockBody (/tmp/kavia/workspace/code-generation/tictactoeweb-620896-aa8990a6/tic_tac_toe_frontend/node_modules/@babel/parser/lib/index.js:12953:10)
    at FlowParserMixin.parseBlock (/tmp/kavia/workspace/code-generation/tictactoeweb-620896-aa8990a6/tic_tac_toe_frontend/node_modules/@babel/parser/lib/index.js:12941:10)
    at FlowParserMixin.parseTryStatement (/tmp/kavia/workspace/code-generation/tictactoeweb-620896-aa8990a6/tic_tac_toe_frontend/node_modules/@babel/parser/lib/index.js:12849:23)
    at FlowParserMixin.parseStatementContent (/tmp/kavia/workspace/code-generation/tictactoeweb-620896-aa8990a6/tic_tac_toe_frontend/node_modules/@babel/parser/lib/index.js:12443:21)
    at FlowParserMixin.parseStatementLike (/tmp/kavia/workspace/code-generation/tictactoeweb-620896-aa8990a6/tic_tac_toe_frontend/node_modules/@babel/parser/lib/index.js:12406:17)
    at FlowParserMixin.parseStatementLike (/tmp/kavia/workspace/code-generation/tictactoeweb-620896-aa8990a6/tic_tac_toe_frontend/node_modules/@babel/parser/lib/index.js:5140:24)
    at FlowParserMixin.parseStatementListItem (/tmp/kavia/workspace/code-generation/tictactoeweb-620896-aa8990a6/tic_tac_toe_frontend/node_modules/@babel/parser/lib/index.js:12386:17)
    at FlowParserMixin.parseBlockOrModuleBlockBody (/tmp/kavia/workspace/code-generation/tictactoeweb-620896-aa8990a6/tic_tac_toe_frontend/node_modules/@babel/parser/lib/index.js:12960:61)
    at FlowParserMixin.parseBlockBody (/tmp/kavia/workspace/code-generation/tictactoeweb-620896-aa8990a6/tic_tac_toe_frontend/node_modules/@babel/parser/lib/index.js:12953:10)
    at FlowParserMixin.parseBlock (/tmp/kavia/workspace/code-generation/tictactoeweb-620896-aa8990a6/tic_tac_toe_frontend/node_modules/@babel/parser/lib/index.js:12941:10)
    at FlowParserMixin.parseFunctionBody (/tmp/kavia/workspace/code-generation/tictactoeweb-620896-aa8990a6/tic_tac_toe_frontend/node_modules/@babel/parser/lib/index.js:11783:24)

ERROR in [eslint] 
src/App.js
  Line 91:  Parsing error: Unexpected token (91:0)

webpack compiled with 2 errors
Compiling...
Failed to compile.

[eslint] 
src/App.js
Syntax error: Unexpected reserved word 'await'. (32:18) (32:18)
ERROR in [eslint] 
src/App.js
  Line 32:18:  Parsing error: Unexpected reserved word 'await'. (32:18)

webpack compiled with 1 error
Compiling...
Failed to compile.

[eslint] 
src/App.js
Syntax error: Unexpected reserved word 'await'. (32:18) (32:18)
ERROR in ./src/App.js
Module build failed (from ./node_modules/babel-loader/lib/index.js):
SyntaxError: /tmp/kavia/workspace/code-generation/tictactoeweb-620896-aa8990a6/tic_tac_toe_frontend/src/App.js: Unexpected reserved word 'await'. (32:18)

  30 |     try {
  31 |       // POST to backend's "start game" endpoint
> 32 |       const res = await fetch(`${API_BASE_URL}/start`, { method: "POST" });
     |                   ^
  33 |       const data = await res.json();
  34 |       setGameId(data.game_id || data.id || null);
  35 |       setBoard(data.board || Array(9).fill(""));
    at constructor (/tmp/kavia/workspace/code-generation/tictactoeweb-620896-aa8990a6/tic_tac_toe_frontend/node_modules/@babel/parser/lib/index.js:360:19)
    at FlowParserMixin.raise (/tmp/kavia/workspace/code-generation/tictactoeweb-620896-aa8990a6/tic_tac_toe_frontend/node_modules/@babel/parser/lib/index.js:3327:19)
    at FlowParserMixin.checkReservedWord (/tmp/kavia/workspace/code-generation/tictactoeweb-620896-aa8990a6/tic_tac_toe_frontend/node_modules/@babel/parser/lib/index.js:11909:12)
    at FlowParserMixin.parseIdentifierName (/tmp/kavia/workspace/code-generation/tictactoeweb-620896-aa8990a6/tic_tac_toe_frontend/node_modules/@babel/parser/lib/index.js:11889:12)
    at FlowParserMixin.parseIdentifier (/tmp/kavia/workspace/code-generation/tictactoeweb-620896-aa8990a6/tic_tac_toe_frontend/node_modules/@babel/parser/lib/index.js:11864:23)
    at FlowParserMixin.parseExprAtom (/tmp/kavia/workspace/code-generation/tictactoeweb-620896-aa8990a6/tic_tac_toe_frontend/node_modules/@babel/parser/lib/index.js:11100:27)
    at FlowParserMixin.parseExprAtom (/tmp/kavia/workspace/code-generation/tictactoeweb-620896-aa8990a6/tic_tac_toe_frontend/node_modules/@babel/parser/lib/index.js:6937:20)
    at FlowParserMixin.parseExprSubscripts (/tmp/kavia/workspace/code-generation/tictactoeweb-620896-aa8990a6/tic_tac_toe_frontend/node_modules/@babel/parser/lib/index.js:10758:23)
    at FlowParserMixin.parseUpdate (/tmp/kavia/workspace/code-generation/tictactoeweb-620896-aa8990a6/tic_tac_toe_frontend/node_modules/@babel/parser/lib/index.js:10743:21)
    at FlowParserMixin.parseMaybeUnary (/tmp/kavia/workspace/code-generation/tictactoeweb-620896-aa8990a6/tic_tac_toe_frontend/node_modules/@babel/parser/lib/index.js:10723:23)
    at FlowParserMixin.parseMaybeUnaryOrPrivate (/tmp/kavia/workspace/code-generation/tictactoeweb-620896-aa8990a6/tic_tac_toe_frontend/node_modules/@babel/parser/lib/index.js:10576:61)
    at FlowParserMixin.parseExprOps (/tmp/kavia/workspace/code-generation/tictactoeweb-620896-aa8990a6/tic_tac_toe_frontend/node_modules/@babel/parser/lib/index.js:10581:23)
    at FlowParserMixin.parseMaybeConditional (/tmp/kavia/workspace/code-generation/tictactoeweb-620896-aa8990a6/tic_tac_toe_frontend/node_modules/@babel/parser/lib/index.js:10558:23)
    at FlowParserMixin.parseMaybeAssign (/tmp/kavia/workspace/code-generation/tictactoeweb-620896-aa8990a6/tic_tac_toe_frontend/node_modules/@babel/parser/lib/index.js:10521:21)
    at FlowParserMixin.parseMaybeAssign (/tmp/kavia/workspace/code-generation/tictactoeweb-620896-aa8990a6/tic_tac_toe_frontend/node_modules/@babel/parser/lib/index.js:5773:18)
    at /tmp/kavia/workspace/code-generation/tictactoeweb-620896-aa8990a6/tic_tac_toe_frontend/node_modules/@babel/parser/lib/index.js:10491:39
    at FlowParserMixin.allowInAnd (/tmp/kavia/workspace/code-generation/tictactoeweb-620896-aa8990a6/tic_tac_toe_frontend/node_modules/@babel/parser/lib/index.js:12095:16)
    at FlowParserMixin.parseMaybeAssignAllowIn (/tmp/kavia/workspace/code-generation/tictactoeweb-620896-aa8990a6/tic_tac_toe_frontend/node_modules/@babel/parser/lib/index.js:10491:17)
    at FlowParserMixin.parseVar (/tmp/kavia/workspace/code-generation/tictactoeweb-620896-aa8990a6/tic_tac_toe_frontend/node_modules/@babel/parser/lib/index.js:13028:91)
    at FlowParserMixin.parseVarStatement (/tmp/kavia/workspace/code-generation/tictactoeweb-620896-aa8990a6/tic_tac_toe_frontend/node_modules/@babel/parser/lib/index.js:12874:10)
    at FlowParserMixin.parseStatementContent (/tmp/kavia/workspace/code-generation/tictactoeweb-620896-aa8990a6/tic_tac_toe_frontend/node_modules/@babel/parser/lib/index.js:12489:23)
    at FlowParserMixin.parseStatementLike (/tmp/kavia/workspace/code-generation/tictactoeweb-620896-aa8990a6/tic_tac_toe_frontend/node_modules/@babel/parser/lib/index.js:12406:17)
    at FlowParserMixin.parseStatementLike (/tmp/kavia/workspace/code-generation/tictactoeweb-620896-aa8990a6/tic_tac_toe_frontend/node_modules/@babel/parser/lib/index.js:5140:24)
    at FlowParserMixin.parseStatementListItem (/tmp/kavia/workspace/code-generation/tictactoeweb-620896-aa8990a6/tic_tac_toe_frontend/node_modules/@babel/parser/lib/index.js:12386:17)
    at FlowParserMixin.parseBlockOrModuleBlockBody (/tmp/kavia/workspace/code-generation/tictactoeweb-620896-aa8990a6/tic_tac_toe_frontend/node_modules/@babel/parser/lib/index.js:12960:61)
    at FlowParserMixin.parseBlockBody (/tmp/kavia/workspace/code-generation/tictactoeweb-620896-aa8990a6/tic_tac_toe_frontend/node_modules/@babel/parser/lib/index.js:12953:10)
    at FlowParserMixin.parseBlock (/tmp/kavia/workspace/code-generation/tictactoeweb-620896-aa8990a6/tic_tac_toe_frontend/node_modules/@babel/parser/lib/index.js:12941:10)
    at FlowParserMixin.parseTryStatement (/tmp/kavia/workspace/code-generation/tictactoeweb-620896-aa8990a6/tic_tac_toe_frontend/node_modules/@babel/parser/lib/index.js:12849:23)
    at FlowParserMixin.parseStatementContent (/tmp/kavia/workspace/code-generation/tictactoeweb-620896-aa8990a6/tic_tac_toe_frontend/node_modules/@babel/parser/lib/index.js:12443:21)
    at FlowParserMixin.parseStatementLike (/tmp/kavia/workspace/code-generation/tictactoeweb-620896-aa8990a6/tic_tac_toe_frontend/node_modules/@babel/parser/lib/index.js:12406:17)
    at FlowParserMixin.parseStatementLike (/tmp/kavia/workspace/code-generation/tictactoeweb-620896-aa8990a6/tic_tac_toe_frontend/node_modules/@babel/parser/lib/index.js:5140:24)
    at FlowParserMixin.parseStatementListItem (/tmp/kavia/workspace/code-generation/tictactoeweb-620896-aa8990a6/tic_tac_toe_frontend/node_modules/@babel/parser/lib/index.js:12386:17)
    at FlowParserMixin.parseBlockOrModuleBlockBody (/tmp/kavia/workspace/code-generation/tictactoeweb-620896-aa8990a6/tic_tac_toe_frontend/node_modules/@babel/parser/lib/index.js:12960:61)
    at FlowParserMixin.parseBlockBody (/tmp/kavia/workspace/code-generation/tictactoeweb-620896-aa8990a6/tic_tac_toe_frontend/node_modules/@babel/parser/lib/index.js:12953:10)
    at FlowParserMixin.parseBlock (/tmp/kavia/workspace/code-generation/tictactoeweb-620896-aa8990a6/tic_tac_toe_frontend/node_modules/@babel/parser/lib/index.js:12941:10)
    at FlowParserMixin.parseFunctionBody (/tmp/kavia/workspace/code-generation/tictactoeweb-620896-aa8990a6/tic_tac_toe_frontend/node_modules/@babel/parser/lib/index.js:11783:24)
    at FlowParserMixin.parseFunctionBody (/tmp/kavia/workspace/code-generation/tictactoeweb-620896-aa8990a6/tic_tac_toe_frontend/node_modules/@babel/parser/lib/index.js:5117:11)
    at FlowParserMixin.parseFunctionBodyAndFinish (/tmp/kavia/workspace/code-generation/tictactoeweb-620896-aa8990a6/tic_tac_toe_frontend/node_modules/@babel/parser/lib/index.js:11769:10)
    at FlowParserMixin.parseFunctionBodyAndFinish (/tmp/kavia/workspace/code-generation/tictactoeweb-620896-aa8990a6/tic_tac_toe_frontend/node_modules/@babel/parser/lib/index.js:5125:18)
    at /tmp/kavia/workspace/code-generation/tictactoeweb-620896-aa8990a6/tic_tac_toe_frontend/node_modules/@babel/parser/lib/index.js:13085:12
    at FlowParserMixin.withSmartMixTopicForbiddingContext (/tmp/kavia/workspace/code-generation/tictactoeweb-620896-aa8990a6/tic_tac_toe_frontend/node_modules/@babel/parser/lib/index.js:12077:14)
    at FlowParserMixin.parseFunction (/tmp/kavia/workspace/code-generation/tictactoeweb-620896-aa8990a6/tic_tac_toe_frontend/node_modules/@babel/parser/lib/index.js:13084:10)
    at FlowParserMixin.parseFunctionStatement (/tmp/kavia/workspace/code-generation/tictactoeweb-620896-aa8990a6/tic_tac_toe_frontend/node_modules/@babel/parser/lib/index.js:12769:17)
    at FlowParserMixin.parseStatementContent (/tmp/kavia/workspace/code-generation/tictactoeweb-620896-aa8990a6/tic_tac_toe_frontend/node_modules/@babel/parser/lib/index.js:12430:21)
    at FlowParserMixin.parseStatementLike (/tmp/kavia/workspace/code-generation/tictactoeweb-620896-aa8990a6/tic_tac_toe_frontend/node_modules/@babel/parser/lib/index.js:12406:17)
    at FlowParserMixin.parseStatementLike (/tmp/kavia/workspace/code-generation/tictactoeweb-620896-aa8990a6/tic_tac_toe_frontend/node_modules/@babel/parser/lib/index.js:5140:24)
    at FlowParserMixin.parseModuleItem (/tmp/kavia/workspace/code-generation/tictactoeweb-620896-aa8990a6/tic_tac_toe_frontend/node_modules/@babel/parser/lib/index.js:12383:17)
    at FlowParserMixin.parseBlockOrModuleBlockBody (/tmp/kavia/workspace/code-generation/tictactoeweb-620896-aa8990a6/tic_tac_toe_frontend/node_modules/@babel/parser/lib/index.js:12960:36)
    at FlowParserMixin.parseBlockBody (/tmp/kavia/workspace/code-generation/tictactoeweb-620896-aa8990a6/tic_tac_toe_frontend/node_modules/@babel/parser/lib/index.js:12953:10)
    at FlowParserMixin.parseProgram (/tmp/kavia/workspace/code-generation/tictactoeweb-620896-aa8990a6/tic_tac_toe_frontend/node_modules/@babel/parser/lib/index.js:12280:10)

ERROR in [eslint] 
src/App.js
  Line 32:18:  Parsing error: Unexpected reserved word 'await'. (32:18)

webpack compiled with 2 errors
Compiling...
Failed to compile.

[eslint] 
src/App.js
Syntax error: Unexpected reserved word 'await'. (32:18) (32:18)
ERROR in ./src/App.js
Module build failed (from ./node_modules/babel-loader/lib/index.js):
SyntaxError: /tmp/kavia/workspace/code-generation/tictactoeweb-620896-aa8990a6/tic_tac_toe_frontend/src/App.js: Unexpected reserved word 'await'. (32:18)

  30 |     try {
  31 |       // POST to backend's "start game" endpoint
> 32 |       const res = await fetch(`${API_BASE_URL}/start`, { method: "POST" });
     |                   ^
  33 |       const data = await res.json();
  34 |       setGameId(data.game_id || data.id || null);
  35 |       setBoard(data.board || Array(9).fill(""));
    at constructor (/tmp/kavia/workspace/code-generation/tictactoeweb-620896-aa8990a6/tic_tac_toe_frontend/node_modules/@babel/parser/lib/index.js:360:19)
    at FlowParserMixin.raise (/tmp/kavia/workspace/code-generation/tictactoeweb-620896-aa8990a6/tic_tac_toe_frontend/node_modules/@babel/parser/lib/index.js:3327:19)
    at FlowParserMixin.checkReservedWord (/tmp/kavia/workspace/code-generation/tictactoeweb-620896-aa8990a6/tic_tac_toe_frontend/node_modules/@babel/parser/lib/index.js:11909:12)
    at FlowParserMixin.parseIdentifierName (/tmp/kavia/workspace/code-generation/tictactoeweb-620896-aa8990a6/tic_tac_toe_frontend/node_modules/@babel/parser/lib/index.js:11889:12)
    at FlowParserMixin.parseIdentifier (/tmp/kavia/workspace/code-generation/tictactoeweb-620896-aa8990a6/tic_tac_toe_frontend/node_modules/@babel/parser/lib/index.js:11864:23)
    at FlowParserMixin.parseExprAtom (/tmp/kavia/workspace/code-generation/tictactoeweb-620896-aa8990a6/tic_tac_toe_frontend/node_modules/@babel/parser/lib/index.js:11100:27)
    at FlowParserMixin.parseExprAtom (/tmp/kavia/workspace/code-generation/tictactoeweb-620896-aa8990a6/tic_tac_toe_frontend/node_modules/@babel/parser/lib/index.js:6937:20)
    at FlowParserMixin.parseExprSubscripts (/tmp/kavia/workspace/code-generation/tictactoeweb-620896-aa8990a6/tic_tac_toe_frontend/node_modules/@babel/parser/lib/index.js:10758:23)
    at FlowParserMixin.parseUpdate (/tmp/kavia/workspace/code-generation/tictactoeweb-620896-aa8990a6/tic_tac_toe_frontend/node_modules/@babel/parser/lib/index.js:10743:21)
    at FlowParserMixin.parseMaybeUnary (/tmp/kavia/workspace/code-generation/tictactoeweb-620896-aa8990a6/tic_tac_toe_frontend/node_modules/@babel/parser/lib/index.js:10723:23)
    at FlowParserMixin.parseMaybeUnaryOrPrivate (/tmp/kavia/workspace/code-generation/tictactoeweb-620896-aa8990a6/tic_tac_toe_frontend/node_modules/@babel/parser/lib/index.js:10576:61)
    at FlowParserMixin.parseExprOps (/tmp/kavia/workspace/code-generation/tictactoeweb-620896-aa8990a6/tic_tac_toe_frontend/node_modules/@babel/parser/lib/index.js:10581:23)
    at FlowParserMixin.parseMaybeConditional (/tmp/kavia/workspace/code-generation/tictactoeweb-620896-aa8990a6/tic_tac_toe_frontend/node_modules/@babel/parser/lib/index.js:10558:23)
    at FlowParserMixin.parseMaybeAssign (/tmp/kavia/workspace/code-generation/tictactoeweb-620896-aa8990a6/tic_tac_toe_frontend/node_modules/@babel/parser/lib/index.js:10521:21)
    at FlowParserMixin.parseMaybeAssign (/tmp/kavia/workspace/code-generation/tictactoeweb-620896-aa8990a6/tic_tac_toe_frontend/node_modules/@babel/parser/lib/index.js:5773:18)
    at /tmp/kavia/workspace/code-generation/tictactoeweb-620896-aa8990a6/tic_tac_toe_frontend/node_modules/@babel/parser/lib/index.js:10491:39
    at FlowParserMixin.allowInAnd (/tmp/kavia/workspace/code-generation/tictactoeweb-620896-aa8990a6/tic_tac_toe_frontend/node_modules/@babel/parser/lib/index.js:12095:16)
    at FlowParserMixin.parseMaybeAssignAllowIn (/tmp/kavia/workspace/code-generation/tictactoeweb-620896-aa8990a6/tic_tac_toe_frontend/node_modules/@babel/parser/lib/index.js:10491:17)
    at FlowParserMixin.parseVar (/tmp/kavia/workspace/code-generation/tictactoeweb-620896-aa8990a6/tic_tac_toe_frontend/node_modules/@babel/parser/lib/index.js:13028:91)
    at FlowParserMixin.parseVarStatement (/tmp/kavia/workspace/code-generation/tictactoeweb-620896-aa8990a6/tic_tac_toe_frontend/node_modules/@babel/parser/lib/index.js:12874:10)
    at FlowParserMixin.parseStatementContent (/tmp/kavia/workspace/code-generation/tictactoeweb-620896-aa8990a6/tic_tac_toe_frontend/node_modules/@babel/parser/lib/index.js:12489:23)
    at FlowParserMixin.parseStatementLike (/tmp/kavia/workspace/code-generation/tictactoeweb-620896-aa8990a6/tic_tac_toe_frontend/node_modules/@babel/parser/lib/index.js:12406:17)
    at FlowParserMixin.parseStatementLike (/tmp/kavia/workspace/code-generation/tictactoeweb-620896-aa8990a6/tic_tac_toe_frontend/node_modules/@babel/parser/lib/index.js:5140:24)
    at FlowParserMixin.parseStatementListItem (/tmp/kavia/workspace/code-generation/tictactoeweb-620896-aa8990a6/tic_tac_toe_frontend/node_modules/@babel/parser/lib/index.js:12386:17)
    at FlowParserMixin.parseBlockOrModuleBlockBody (/tmp/kavia/workspace/code-generation/tictactoeweb-620896-aa8990a6/tic_tac_toe_frontend/node_modules/@babel/parser/lib/index.js:12960:61)
    at FlowParserMixin.parseBlockBody (/tmp/kavia/workspace/code-generation/tictactoeweb-620896-aa8990a6/tic_tac_toe_frontend/node_modules/@babel/parser/lib/index.js:12953:10)
    at FlowParserMixin.parseBlock (/tmp/kavia/workspace/code-generation/tictactoeweb-620896-aa8990a6/tic_tac_toe_frontend/node_modules/@babel/parser/lib/index.js:12941:10)
    at FlowParserMixin.parseTryStatement (/tmp/kavia/workspace/code-generation/tictactoeweb-620896-aa8990a6/tic_tac_toe_frontend/node_modules/@babel/parser/lib/index.js:12849:23)
    at FlowParserMixin.parseStatementContent (/tmp/kavia/workspace/code-generation/tictactoeweb-620896-aa8990a6/tic_tac_toe_frontend/node_modules/@babel/parser/lib/index.js:12443:21)
    at FlowParserMixin.parseStatementLike (/tmp/kavia/workspace/code-generation/tictactoeweb-620896-aa8990a6/tic_tac_toe_frontend/node_modules/@babel/parser/lib/index.js:12406:17)
    at FlowParserMixin.parseStatementLike (/tmp/kavia/workspace/code-generation/tictactoeweb-620896-aa8990a6/tic_tac_toe_frontend/node_modules/@babel/parser/lib/index.js:5140:24)
    at FlowParserMixin.parseStatementListItem (/tmp/kavia/workspace/code-generation/tictactoeweb-620896-aa8990a6/tic_tac_toe_frontend/node_modules/@babel/parser/lib/index.js:12386:17)
    at FlowParserMixin.parseBlockOrModuleBlockBody (/tmp/kavia/workspace/code-generation/tictactoeweb-620896-aa8990a6/tic_tac_toe_frontend/node_modules/@babel/parser/lib/index.js:12960:61)
    at FlowParserMixin.parseBlockBody (/tmp/kavia/workspace/code-generation/tictactoeweb-620896-aa8990a6/tic_tac_toe_frontend/node_modules/@babel/parser/lib/index.js:12953:10)
    at FlowParserMixin.parseBlock (/tmp/kavia/workspace/code-generation/tictactoeweb-620896-aa8990a6/tic_tac_toe_frontend/node_modules/@babel/parser/lib/index.js:12941:10)
    at FlowParserMixin.parseFunctionBody (/tmp/kavia/workspace/code-generation/tictactoeweb-620896-aa8990a6/tic_tac_toe_frontend/node_modules/@babel/parser/lib/index.js:11783:24)
    at FlowParserMixin.parseFunctionBody (/tmp/kavia/workspace/code-generation/tictactoeweb-620896-aa8990a6/tic_tac_toe_frontend/node_modules/@babel/parser/lib/index.js:5117:11)
    at FlowParserMixin.parseFunctionBodyAndFinish (/tmp/kavia/workspace/code-generation/tictactoeweb-620896-aa8990a6/tic_tac_toe_frontend/node_modules/@babel/parser/lib/index.js:11769:10)
    at FlowParserMixin.parseFunctionBodyAndFinish (/tmp/kavia/workspace/code-generation/tictactoeweb-620896-aa8990a6/tic_tac_toe_frontend/node_modules/@babel/parser/lib/index.js:5125:18)
    at /tmp/kavia/workspace/code-generation/tictactoeweb-620896-aa8990a6/tic_tac_toe_frontend/node_modules/@babel/parser/lib/index.js:13085:12
    at FlowParserMixin.withSmartMixTopicForbiddingContext (/tmp/kavia/workspace/code-generation/tictactoeweb-620896-aa8990a6/tic_tac_toe_frontend/node_modules/@babel/parser/lib/index.js:12077:14)
    at FlowParserMixin.parseFunction (/tmp/kavia/workspace/code-generation/tictactoeweb-620896-aa8990a6/tic_tac_toe_frontend/node_modules/@babel/parser/lib/index.js:13084:10)
    at FlowParserMixin.parseFunctionStatement (/tmp/kavia/workspace/code-generation/tictactoeweb-620896-aa8990a6/tic_tac_toe_frontend/node_modules/@babel/parser/lib/index.js:12769:17)
    at FlowParserMixin.parseStatementContent (/tmp/kavia/workspace/code-generation/tictactoeweb-620896-aa8990a6/tic_tac_toe_frontend/node_modules/@babel/parser/lib/index.js:12430:21)
    at FlowParserMixin.parseStatementLike (/tmp/kavia/workspace/code-generation/tictactoeweb-620896-aa8990a6/tic_tac_toe_frontend/node_modules/@babel/parser/lib/index.js:12406:17)
    at FlowParserMixin.parseStatementLike (/tmp/kavia/workspace/code-generation/tictactoeweb-620896-aa8990a6/tic_tac_toe_frontend/node_modules/@babel/parser/lib/index.js:5140:24)
    at FlowParserMixin.parseModuleItem (/tmp/kavia/workspace/code-generation/tictactoeweb-620896-aa8990a6/tic_tac_toe_frontend/node_modules/@babel/parser/lib/index.js:12383:17)
    at FlowParserMixin.parseBlockOrModuleBlockBody (/tmp/kavia/workspace/code-generation/tictactoeweb-620896-aa8990a6/tic_tac_toe_frontend/node_modules/@babel/parser/lib/index.js:12960:36)
    at FlowParserMixin.parseBlockBody (/tmp/kavia/workspace/code-generation/tictactoeweb-620896-aa8990a6/tic_tac_toe_frontend/node_modules/@babel/parser/lib/index.js:12953:10)
    at FlowParserMixin.parseProgram (/tmp/kavia/workspace/code-generation/tictactoeweb-620896-aa8990a6/tic_tac_toe_frontend/node_modules/@babel/parser/lib/index.js:12280:10)

ERROR in [eslint] 
src/App.js
  Line 32:18:  Parsing error: Unexpected reserved word 'await'. (32:18)

webpack compiled with 2 errors
Compiling...
Failed to compile.

[eslint] 
src/App.js
Syntax error: Unexpected reserved word 'await'. (32:18) (32:18)
ERROR in ./src/App.js
Module build failed (from ./node_modules/babel-loader/lib/index.js):
SyntaxError: /tmp/kavia/workspace/code-generation/tictactoeweb-620896-aa8990a6/tic_tac_toe_frontend/src/App.js: Unexpected reserved word 'await'. (32:18)

  30 |     try {
  31 |       // POST to backend's "start game" endpoint
> 32 |       const res = await fetch(`${API_BASE_URL}/start`, { method: "POST" });
     |                   ^
  33 |       const data = await res.json();
  34 |       setGameId(data.game_id || data.id || null);
  35 |       setBoard(data.board || Array(9).fill(""));
    at constructor (/tmp/kavia/workspace/code-generation/tictactoeweb-620896-aa8990a6/tic_tac_toe_frontend/node_modules/@babel/parser/lib/index.js:360:19)
    at FlowParserMixin.raise (/tmp/kavia/workspace/code-generation/tictactoeweb-620896-aa8990a6/tic_tac_toe_frontend/node_modules/@babel/parser/lib/index.js:3327:19)
    at FlowParserMixin.checkReservedWord (/tmp/kavia/workspace/code-generation/tictactoeweb-620896-aa8990a6/tic_tac_toe_frontend/node_modules/@babel/parser/lib/index.js:11909:12)
    at FlowParserMixin.parseIdentifierName (/tmp/kavia/workspace/code-generation/tictactoeweb-620896-aa8990a6/tic_tac_toe_frontend/node_modules/@babel/parser/lib/index.js:11889:12)
    at FlowParserMixin.parseIdentifier (/tmp/kavia/workspace/code-generation/tictactoeweb-620896-aa8990a6/tic_tac_toe_frontend/node_modules/@babel/parser/lib/index.js:11864:23)
    at FlowParserMixin.parseExprAtom (/tmp/kavia/workspace/code-generation/tictactoeweb-620896-aa8990a6/tic_tac_toe_frontend/node_modules/@babel/parser/lib/index.js:11100:27)
    at FlowParserMixin.parseExprAtom (/tmp/kavia/workspace/code-generation/tictactoeweb-620896-aa8990a6/tic_tac_toe_frontend/node_modules/@babel/parser/lib/index.js:6937:20)
    at FlowParserMixin.parseExprSubscripts (/tmp/kavia/workspace/code-generation/tictactoeweb-620896-aa8990a6/tic_tac_toe_frontend/node_modules/@babel/parser/lib/index.js:10758:23)
    at FlowParserMixin.parseUpdate (/tmp/kavia/workspace/code-generation/tictactoeweb-620896-aa8990a6/tic_tac_toe_frontend/node_modules/@babel/parser/lib/index.js:10743:21)
    at FlowParserMixin.parseMaybeUnary (/tmp/kavia/workspace/code-generation/tictactoeweb-620896-aa8990a6/tic_tac_toe_frontend/node_modules/@babel/parser/lib/index.js:10723:23)
    at FlowParserMixin.parseMaybeUnaryOrPrivate (/tmp/kavia/workspace/code-generation/tictactoeweb-620896-aa8990a6/tic_tac_toe_frontend/node_modules/@babel/parser/lib/index.js:10576:61)
    at FlowParserMixin.parseExprOps (/tmp/kavia/workspace/code-generation/tictactoeweb-620896-aa8990a6/tic_tac_toe_frontend/node_modules/@babel/parser/lib/index.js:10581:23)
    at FlowParserMixin.parseMaybeConditional (/tmp/kavia/workspace/code-generation/tictactoeweb-620896-aa8990a6/tic_tac_toe_frontend/node_modules/@babel/parser/lib/index.js:10558:23)
    at FlowParserMixin.parseMaybeAssign (/tmp/kavia/workspace/code-generation/tictactoeweb-620896-aa8990a6/tic_tac_toe_frontend/node_modules/@babel/parser/lib/index.js:10521:21)
    at FlowParserMixin.parseMaybeAssign (/tmp/kavia/workspace/code-generation/tictactoeweb-620896-aa8990a6/tic_tac_toe_frontend/node_modules/@babel/parser/lib/index.js:5773:18)
    at /tmp/kavia/workspace/code-generation/tictactoeweb-620896-aa8990a6/tic_tac_toe_frontend/node_modules/@babel/parser/lib/index.js:10491:39
    at FlowParserMixin.allowInAnd (/tmp/kavia/workspace/code-generation/tictactoeweb-620896-aa8990a6/tic_tac_toe_frontend/node_modules/@babel/parser/lib/index.js:12095:16)
    at FlowParserMixin.parseMaybeAssignAllowIn (/tmp/kavia/workspace/code-generation/tictactoeweb-620896-aa8990a6/tic_tac_toe_frontend/node_modules/@babel/parser/lib/index.js:10491:17)
    at FlowParserMixin.parseVar (/tmp/kavia/workspace/code-generation/tictactoeweb-620896-aa8990a6/tic_tac_toe_frontend/node_modules/@babel/parser/lib/index.js:13028:91)
    at FlowParserMixin.parseVarStatement (/tmp/kavia/workspace/code-generation/tictactoeweb-620896-aa8990a6/tic_tac_toe_frontend/node_modules/@babel/parser/lib/index.js:12874:10)
    at FlowParserMixin.parseStatementContent (/tmp/kavia/workspace/code-generation/tictactoeweb-620896-aa8990a6/tic_tac_toe_frontend/node_modules/@babel/parser/lib/index.js:12489:23)
    at FlowParserMixin.parseStatementLike (/tmp/kavia/workspace/code-generation/tictactoeweb-620896-aa8990a6/tic_tac_toe_frontend/node_modules/@babel/parser/lib/index.js:12406:17)
    at FlowParserMixin.parseStatementLike (/tmp/kavia/workspace/code-generation/tictactoeweb-620896-aa8990a6/tic_tac_toe_frontend/node_modules/@babel/parser/lib/index.js:5140:24)
    at FlowParserMixin.parseStatementListItem (/tmp/kavia/workspace/code-generation/tictactoeweb-620896-aa8990a6/tic_tac_toe_frontend/node_modules/@babel/parser/lib/index.js:12386:17)
    at FlowParserMixin.parseBlockOrModuleBlockBody (/tmp/kavia/workspace/code-generation/tictactoeweb-620896-aa8990a6/tic_tac_toe_frontend/node_modules/@babel/parser/lib/index.js:12960:61)
    at FlowParserMixin.parseBlockBody (/tmp/kavia/workspace/code-generation/tictactoeweb-620896-aa8990a6/tic_tac_toe_frontend/node_modules/@babel/parser/lib/index.js:12953:10)
    at FlowParserMixin.parseBlock (/tmp/kavia/workspace/code-generation/tictactoeweb-620896-aa8990a6/tic_tac_toe_frontend/node_modules/@babel/parser/lib/index.js:12941:10)
    at FlowParserMixin.parseTryStatement (/tmp/kavia/workspace/code-generation/tictactoeweb-620896-aa8990a6/tic_tac_toe_frontend/node_modules/@babel/parser/lib/index.js:12849:23)
    at FlowParserMixin.parseStatementContent (/tmp/kavia/workspace/code-generation/tictactoeweb-620896-aa8990a6/tic_tac_toe_frontend/node_modules/@babel/parser/lib/index.js:12443:21)
    at FlowParserMixin.parseStatementLike (/tmp/kavia/workspace/code-generation/tictactoeweb-620896-aa8990a6/tic_tac_toe_frontend/node_modules/@babel/parser/lib/index.js:12406:17)
    at FlowParserMixin.parseStatementLike (/tmp/kavia/workspace/code-generation/tictactoeweb-620896-aa8990a6/tic_tac_toe_frontend/node_modules/@babel/parser/lib/index.js:5140:24)
    at FlowParserMixin.parseStatementListItem (/tmp/kavia/workspace/code-generation/tictactoeweb-620896-aa8990a6/tic_tac_toe_frontend/node_modules/@babel/parser/lib/index.js:12386:17)
    at FlowParserMixin.parseBlockOrModuleBlockBody (/tmp/kavia/workspace/code-generation/tictactoeweb-620896-aa8990a6/tic_tac_toe_frontend/node_modules/@babel/parser/lib/index.js:12960:61)
    at FlowParserMixin.parseBlockBody (/tmp/kavia/workspace/code-generation/tictactoeweb-620896-aa8990a6/tic_tac_toe_frontend/node_modules/@babel/parser/lib/index.js:12953:10)
    at FlowParserMixin.parseBlock (/tmp/kavia/workspace/code-generation/tictactoeweb-620896-aa8990a6/tic_tac_toe_frontend/node_modules/@babel/parser/lib/index.js:12941:10)
    at FlowParserMixin.parseFunctionBody (/tmp/kavia/workspace/code-generation/tictactoeweb-620896-aa8990a6/tic_tac_toe_frontend/node_modules/@babel/parser/lib/index.js:11783:24)
    at FlowParserMixin.parseFunctionBody (/tmp/kavia/workspace/code-generation/tictactoeweb-620896-aa8990a6/tic_tac_toe_frontend/node_modules/@babel/parser/lib/index.js:5117:11)
    at FlowParserMixin.parseFunctionBodyAndFinish (/tmp/kavia/workspace/code-generation/tictactoeweb-620896-aa8990a6/tic_tac_toe_frontend/node_modules/@babel/parser/lib/index.js:11769:10)
    at FlowParserMixin.parseFunctionBodyAndFinish (/tmp/kavia/workspace/code-generation/tictactoeweb-620896-aa8990a6/tic_tac_toe_frontend/node_modules/@babel/parser/lib/index.js:5125:18)
    at /tmp/kavia/workspace/code-generation/tictactoeweb-620896-aa8990a6/tic_tac_toe_frontend/node_modules/@babel/parser/lib/index.js:13085:12
    at FlowParserMixin.withSmartMixTopicForbiddingContext (/tmp/kavia/workspace/code-generation/tictactoeweb-620896-aa8990a6/tic_tac_toe_frontend/node_modules/@babel/parser/lib/index.js:12077:14)
    at FlowParserMixin.parseFunction (/tmp/kavia/workspace/code-generation/tictactoeweb-620896-aa8990a6/tic_tac_toe_frontend/node_modules/@babel/parser/lib/index.js:13084:10)
    at FlowParserMixin.parseFunctionStatement (/tmp/kavia/workspace/code-generation/tictactoeweb-620896-aa8990a6/tic_tac_toe_frontend/node_modules/@babel/parser/lib/index.js:12769:17)
    at FlowParserMixin.parseStatementContent (/tmp/kavia/workspace/code-generation/tictactoeweb-620896-aa8990a6/tic_tac_toe_frontend/node_modules/@babel/parser/lib/index.js:12430:21)
    at FlowParserMixin.parseStatementLike (/tmp/kavia/workspace/code-generation/tictactoeweb-620896-aa8990a6/tic_tac_toe_frontend/node_modules/@babel/parser/lib/index.js:12406:17)
    at FlowParserMixin.parseStatementLike (/tmp/kavia/workspace/code-generation/tictactoeweb-620896-aa8990a6/tic_tac_toe_frontend/node_modules/@babel/parser/lib/index.js:5140:24)
    at FlowParserMixin.parseModuleItem (/tmp/kavia/workspace/code-generation/tictactoeweb-620896-aa8990a6/tic_tac_toe_frontend/node_modules/@babel/parser/lib/index.js:12383:17)
    at FlowParserMixin.parseBlockOrModuleBlockBody (/tmp/kavia/workspace/code-generation/tictactoeweb-620896-aa8990a6/tic_tac_toe_frontend/node_modules/@babel/parser/lib/index.js:12960:36)
    at FlowParserMixin.parseBlockBody (/tmp/kavia/workspace/code-generation/tictactoeweb-620896-aa8990a6/tic_tac_toe_frontend/node_modules/@babel/parser/lib/index.js:12953:10)
    at FlowParserMixin.parseProgram (/tmp/kavia/workspace/code-generation/tictactoeweb-620896-aa8990a6/tic_tac_toe_frontend/node_modules/@babel/parser/lib/index.js:12280:10)

ERROR in [eslint] 
src/App.js
  Line 32:18:  Parsing error: Unexpected reserved word 'await'. (32:18)

webpack compiled with 2 errors
Compiling...
Failed to compile.

[eslint] 
src/App.js
Syntax error: Unterminated comment. (102:2) (102:2)
ERROR in ./src/App.js
Module build failed (from ./node_modules/babel-loader/lib/index.js):
SyntaxError: /tmp/kavia/workspace/code-generation/tictactoeweb-620896-aa8990a6/tic_tac_toe_frontend/src/App.js: Unterminated comment. (102:2)

  100 |
  101 |   // PUBLIC_INTERFACE
> 102 |   /**
      |   ^
  103 |    * Renders the tic tac toe cells in a 3x3 grid.
  104 |
    at constructor (/tmp/kavia/workspace/code-generation/tictactoeweb-620896-aa8990a6/tic_tac_toe_frontend/node_modules/@babel/parser/lib/index.js:360:19)
    at FlowParserMixin.raise (/tmp/kavia/workspace/code-generation/tictactoeweb-620896-aa8990a6/tic_tac_toe_frontend/node_modules/@babel/parser/lib/index.js:3327:19)
    at FlowParserMixin.skipBlockComment (/tmp/kavia/workspace/code-generation/tictactoeweb-620896-aa8990a6/tic_tac_toe_frontend/node_modules/@babel/parser/lib/index.js:2518:18)
    at FlowParserMixin.skipBlockComment (/tmp/kavia/workspace/code-generation/tictactoeweb-620896-aa8990a6/tic_tac_toe_frontend/node_modules/@babel/parser/lib/index.js:5928:18)
    at FlowParserMixin.skipSpace (/tmp/kavia/workspace/code-generation/tictactoeweb-620896-aa8990a6/tic_tac_toe_frontend/node_modules/@babel/parser/lib/index.js:2586:38)
    at FlowParserMixin.skipSpace (/tmp/kavia/workspace/code-generation/tictactoeweb-620896-aa8990a6/tic_tac_toe_frontend/node_modules/@babel/parser/lib/index.js:6942:42)
    at FlowParserMixin.nextToken (/tmp/kavia/workspace/code-generation/tictactoeweb-620896-aa8990a6/tic_tac_toe_frontend/node_modules/@babel/parser/lib/index.js:2503:10)
    at FlowParserMixin.next (/tmp/kavia/workspace/code-generation/tictactoeweb-620896-aa8990a6/tic_tac_toe_frontend/node_modules/@babel/parser/lib/index.js:2423:10)
    at FlowParserMixin.eat (/tmp/kavia/workspace/code-generation/tictactoeweb-620896-aa8990a6/tic_tac_toe_frontend/node_modules/@babel/parser/lib/index.js:2427:12)
    at FlowParserMixin.isLineTerminator (/tmp/kavia/workspace/code-generation/tictactoeweb-620896-aa8990a6/tic_tac_toe_frontend/node_modules/@babel/parser/lib/index.js:3649:17)
    at FlowParserMixin.semicolon (/tmp/kavia/workspace/code-generation/tictactoeweb-620896-aa8990a6/tic_tac_toe_frontend/node_modules/@babel/parser/lib/index.js:3652:25)
    at FlowParserMixin.parseVarStatement (/tmp/kavia/workspace/code-generation/tictactoeweb-620896-aa8990a6/tic_tac_toe_frontend/node_modules/@babel/parser/lib/index.js:12875:10)
    at FlowParserMixin.parseStatementContent (/tmp/kavia/workspace/code-generation/tictactoeweb-620896-aa8990a6/tic_tac_toe_frontend/node_modules/@babel/parser/lib/index.js:12489:23)
    at FlowParserMixin.parseStatementLike (/tmp/kavia/workspace/code-generation/tictactoeweb-620896-aa8990a6/tic_tac_toe_frontend/node_modules/@babel/parser/lib/index.js:12406:17)
    at FlowParserMixin.parseStatementLike (/tmp/kavia/workspace/code-generation/tictactoeweb-620896-aa8990a6/tic_tac_toe_frontend/node_modules/@babel/parser/lib/index.js:5140:24)
    at FlowParserMixin.parseStatementListItem (/tmp/kavia/workspace/code-generation/tictactoeweb-620896-aa8990a6/tic_tac_toe_frontend/node_modules/@babel/parser/lib/index.js:12386:17)
    at FlowParserMixin.parseBlockOrModuleBlockBody (/tmp/kavia/workspace/code-generation/tictactoeweb-620896-aa8990a6/tic_tac_toe_frontend/node_modules/@babel/parser/lib/index.js:12960:61)
    at FlowParserMixin.parseBlockBody (/tmp/kavia/workspace/code-generation/tictactoeweb-620896-aa8990a6/tic_tac_toe_frontend/node_modules/@babel/parser/lib/index.js:12953:10)
    at FlowParserMixin.parseBlock (/tmp/kavia/workspace/code-generation/tictactoeweb-620896-aa8990a6/tic_tac_toe_frontend/node_modules/@babel/parser/lib/index.js:12941:10)
    at FlowParserMixin.parseFunctionBody (/tmp/kavia/workspace/code-generation/tictactoeweb-620896-aa8990a6/tic_tac_toe_frontend/node_modules/@babel/parser/lib/index.js:11783:24)
    at FlowParserMixin.parseFunctionBody (/tmp/kavia/workspace/code-generation/tictactoeweb-620896-aa8990a6/tic_tac_toe_frontend/node_modules/@babel/parser/lib/index.js:5117:11)
    at FlowParserMixin.parseFunctionBodyAndFinish (/tmp/kavia/workspace/code-generation/tictactoeweb-620896-aa8990a6/tic_tac_toe_frontend/node_modules/@babel/parser/lib/index.js:11769:10)
    at FlowParserMixin.parseFunctionBodyAndFinish (/tmp/kavia/workspace/code-generation/tictactoeweb-620896-aa8990a6/tic_tac_toe_frontend/node_modules/@babel/parser/lib/index.js:5125:18)
    at /tmp/kavia/workspace/code-generation/tictactoeweb-620896-aa8990a6/tic_tac_toe_frontend/node_modules/@babel/parser/lib/index.js:13085:12
    at FlowParserMixin.withSmartMixTopicForbiddingContext (/tmp/kavia/workspace/code-generation/tictactoeweb-620896-aa8990a6/tic_tac_toe_frontend/node_modules/@babel/parser/lib/index.js:12077:14)
    at FlowParserMixin.parseFunction (/tmp/kavia/workspace/code-generation/tictactoeweb-620896-aa8990a6/tic_tac_toe_frontend/node_modules/@babel/parser/lib/index.js:13084:10)
    at FlowParserMixin.parseFunctionStatement (/tmp/kavia/workspace/code-generation/tictactoeweb-620896-aa8990a6/tic_tac_toe_frontend/node_modules/@babel/parser/lib/index.js:12769:17)
    at FlowParserMixin.parseStatementContent (/tmp/kavia/workspace/code-generation/tictactoeweb-620896-aa8990a6/tic_tac_toe_frontend/node_modules/@babel/parser/lib/index.js:12430:21)
    at FlowParserMixin.parseStatementLike (/tmp/kavia/workspace/code-generation/tictactoeweb-620896-aa8990a6/tic_tac_toe_frontend/node_modules/@babel/parser/lib/index.js:12406:17)
    at FlowParserMixin.parseStatementLike (/tmp/kavia/workspace/code-generation/tictactoeweb-620896-aa8990a6/tic_tac_toe_frontend/node_modules/@babel/parser/lib/index.js:5140:24)
    at FlowParserMixin.parseModuleItem (/tmp/kavia/workspace/code-generation/tictactoeweb-620896-aa8990a6/tic_tac_toe_frontend/node_modules/@babel/parser/lib/index.js:12383:17)
    at FlowParserMixin.parseBlockOrModuleBlockBody (/tmp/kavia/workspace/code-generation/tictactoeweb-620896-aa8990a6/tic_tac_toe_frontend/node_modules/@babel/parser/lib/index.js:12960:36)
    at FlowParserMixin.parseBlockBody (/tmp/kavia/workspace/code-generation/tictactoeweb-620896-aa8990a6/tic_tac_toe_frontend/node_modules/@babel/parser/lib/index.js:12953:10)
    at FlowParserMixin.parseProgram (/tmp/kavia/workspace/code-generation/tictactoeweb-620896-aa8990a6/tic_tac_toe_frontend/node_modules/@babel/parser/lib/index.js:12280:10)
    at FlowParserMixin.parseTopLevel (/tmp/kavia/workspace/code-generation/tictactoeweb-620896-aa8990a6/tic_tac_toe_frontend/node_modules/@babel/parser/lib/index.js:12270:25)
    at FlowParserMixin.parseTopLevel (/tmp/kavia/workspace/code-generation/tictactoeweb-620896-aa8990a6/tic_tac_toe_frontend/node_modules/@babel/parser/lib/index.js:5909:28)
    at FlowParserMixin.parse (/tmp/kavia/workspace/code-generation/tictactoeweb-620896-aa8990a6/tic_tac_toe_frontend/node_modules/@babel/parser/lib/index.js:14120:10)
    at parse (/tmp/kavia/workspace/code-generation/tictactoeweb-620896-aa8990a6/tic_tac_toe_frontend/node_modules/@babel/parser/lib/index.js:14154:38)
    at parser (/tmp/kavia/workspace/code-generation/tictactoeweb-620896-aa8990a6/tic_tac_toe_frontend/node_modules/@babel/core/lib/parser/index.js:41:34)
    at parser.next (<anonymous>)
    at normalizeFile (/tmp/kavia/workspace/code-generation/tictactoeweb-620896-aa8990a6/tic_tac_toe_frontend/node_modules/@babel/core/lib/transformation/normalize-file.js:64:37)
    at normalizeFile.next (<anonymous>)
    at run (/tmp/kavia/workspace/code-generation/tictactoeweb-620896-aa8990a6/tic_tac_toe_frontend/node_modules/@babel/core/lib/transformation/index.js:22:50)
    at run.next (<anonymous>)
    at transform (/tmp/kavia/workspace/code-generation/tictactoeweb-620896-aa8990a6/tic_tac_toe_frontend/node_modules/@babel/core/lib/transform.js:22:33)
    at transform.next (<anonymous>)
    at step (/tmp/kavia/workspace/code-generation/tictactoeweb-620896-aa8990a6/tic_tac_toe_frontend/node_modules/gensync/index.js:261:32)
    at /tmp/kavia/workspace/code-generation/tictactoeweb-620896-aa8990a6/tic_tac_toe_frontend/node_modules/gensync/index.js:273:13
    at async.call.result.err.err (/tmp/kavia/workspace/code-generation/tictactoeweb-620896-aa8990a6/tic_tac_toe_frontend/node_modules/gensync/index.js:223:11)

ERROR in [eslint] 
src/App.js
  Line 102:2:  Parsing error: Unterminated comment. (102:2)

webpack compiled with 2 errors
Compiling...
Failed to compile.

[eslint] 
src/App.js
Syntax error: Unexpected reserved word 'await'. (32:18) (32:18)
ERROR in ./src/App.js
Module build failed (from ./node_modules/babel-loader/lib/index.js):
SyntaxError: /tmp/kavia/workspace/code-generation/tictactoeweb-620896-aa8990a6/tic_tac_toe_frontend/src/App.js: Unexpected reserved word 'await'. (32:18)

  30 |     try {
  31 |       // POST to backend's "start game" endpoint
> 32 |       const res = await fetch(`${API_BASE_URL}/start`, { method: "POST" });
     |                   ^
  33 |       const data = await res.json();
  34 |       setGameId(data.game_id || data.id || null);
  35 |       setBoard(data.board || Array(9).fill(""));
    at constructor (/tmp/kavia/workspace/code-generation/tictactoeweb-620896-aa8990a6/tic_tac_toe_frontend/node_modules/@babel/parser/lib/index.js:360:19)
    at FlowParserMixin.raise (/tmp/kavia/workspace/code-generation/tictactoeweb-620896-aa8990a6/tic_tac_toe_frontend/node_modules/@babel/parser/lib/index.js:3327:19)
    at FlowParserMixin.checkReservedWord (/tmp/kavia/workspace/code-generation/tictactoeweb-620896-aa8990a6/tic_tac_toe_frontend/node_modules/@babel/parser/lib/index.js:11909:12)
    at FlowParserMixin.parseIdentifierName (/tmp/kavia/workspace/code-generation/tictactoeweb-620896-aa8990a6/tic_tac_toe_frontend/node_modules/@babel/parser/lib/index.js:11889:12)
    at FlowParserMixin.parseIdentifier (/tmp/kavia/workspace/code-generation/tictactoeweb-620896-aa8990a6/tic_tac_toe_frontend/node_modules/@babel/parser/lib/index.js:11864:23)
    at FlowParserMixin.parseExprAtom (/tmp/kavia/workspace/code-generation/tictactoeweb-620896-aa8990a6/tic_tac_toe_frontend/node_modules/@babel/parser/lib/index.js:11100:27)
    at FlowParserMixin.parseExprAtom (/tmp/kavia/workspace/code-generation/tictactoeweb-620896-aa8990a6/tic_tac_toe_frontend/node_modules/@babel/parser/lib/index.js:6937:20)
    at FlowParserMixin.parseExprSubscripts (/tmp/kavia/workspace/code-generation/tictactoeweb-620896-aa8990a6/tic_tac_toe_frontend/node_modules/@babel/parser/lib/index.js:10758:23)
    at FlowParserMixin.parseUpdate (/tmp/kavia/workspace/code-generation/tictactoeweb-620896-aa8990a6/tic_tac_toe_frontend/node_modules/@babel/parser/lib/index.js:10743:21)
    at FlowParserMixin.parseMaybeUnary (/tmp/kavia/workspace/code-generation/tictactoeweb-620896-aa8990a6/tic_tac_toe_frontend/node_modules/@babel/parser/lib/index.js:10723:23)
    at FlowParserMixin.parseMaybeUnaryOrPrivate (/tmp/kavia/workspace/code-generation/tictactoeweb-620896-aa8990a6/tic_tac_toe_frontend/node_modules/@babel/parser/lib/index.js:10576:61)
    at FlowParserMixin.parseExprOps (/tmp/kavia/workspace/code-generation/tictactoeweb-620896-aa8990a6/tic_tac_toe_frontend/node_modules/@babel/parser/lib/index.js:10581:23)
    at FlowParserMixin.parseMaybeConditional (/tmp/kavia/workspace/code-generation/tictactoeweb-620896-aa8990a6/tic_tac_toe_frontend/node_modules/@babel/parser/lib/index.js:10558:23)
    at FlowParserMixin.parseMaybeAssign (/tmp/kavia/workspace/code-generation/tictactoeweb-620896-aa8990a6/tic_tac_toe_frontend/node_modules/@babel/parser/lib/index.js:10521:21)
    at FlowParserMixin.parseMaybeAssign (/tmp/kavia/workspace/code-generation/tictactoeweb-620896-aa8990a6/tic_tac_toe_frontend/node_modules/@babel/parser/lib/index.js:5773:18)
    at /tmp/kavia/workspace/code-generation/tictactoeweb-620896-aa8990a6/tic_tac_toe_frontend/node_modules/@babel/parser/lib/index.js:10491:39
    at FlowParserMixin.allowInAnd (/tmp/kavia/workspace/code-generation/tictactoeweb-620896-aa8990a6/tic_tac_toe_frontend/node_modules/@babel/parser/lib/index.js:12095:16)
    at FlowParserMixin.parseMaybeAssignAllowIn (/tmp/kavia/workspace/code-generation/tictactoeweb-620896-aa8990a6/tic_tac_toe_frontend/node_modules/@babel/parser/lib/index.js:10491:17)
    at FlowParserMixin.parseVar (/tmp/kavia/workspace/code-generation/tictactoeweb-620896-aa8990a6/tic_tac_toe_frontend/node_modules/@babel/parser/lib/index.js:13028:91)
    at FlowParserMixin.parseVarStatement (/tmp/kavia/workspace/code-generation/tictactoeweb-620896-aa8990a6/tic_tac_toe_frontend/node_modules/@babel/parser/lib/index.js:12874:10)
    at FlowParserMixin.parseStatementContent (/tmp/kavia/workspace/code-generation/tictactoeweb-620896-aa8990a6/tic_tac_toe_frontend/node_modules/@babel/parser/lib/index.js:12489:23)
    at FlowParserMixin.parseStatementLike (/tmp/kavia/workspace/code-generation/tictactoeweb-620896-aa8990a6/tic_tac_toe_frontend/node_modules/@babel/parser/lib/index.js:12406:17)
    at FlowParserMixin.parseStatementLike (/tmp/kavia/workspace/code-generation/tictactoeweb-620896-aa8990a6/tic_tac_toe_frontend/node_modules/@babel/parser/lib/index.js:5140:24)
    at FlowParserMixin.parseStatementListItem (/tmp/kavia/workspace/code-generation/tictactoeweb-620896-aa8990a6/tic_tac_toe_frontend/node_modules/@babel/parser/lib/index.js:12386:17)
    at FlowParserMixin.parseBlockOrModuleBlockBody (/tmp/kavia/workspace/code-generation/tictactoeweb-620896-aa8990a6/tic_tac_toe_frontend/node_modules/@babel/parser/lib/index.js:12960:61)
    at FlowParserMixin.parseBlockBody (/tmp/kavia/workspace/code-generation/tictactoeweb-620896-aa8990a6/tic_tac_toe_frontend/node_modules/@babel/parser/lib/index.js:12953:10)
    at FlowParserMixin.parseBlock (/tmp/kavia/workspace/code-generation/tictactoeweb-620896-aa8990a6/tic_tac_toe_frontend/node_modules/@babel/parser/lib/index.js:12941:10)
    at FlowParserMixin.parseTryStatement (/tmp/kavia/workspace/code-generation/tictactoeweb-620896-aa8990a6/tic_tac_toe_frontend/node_modules/@babel/parser/lib/index.js:12849:23)
    at FlowParserMixin.parseStatementContent (/tmp/kavia/workspace/code-generation/tictactoeweb-620896-aa8990a6/tic_tac_toe_frontend/node_modules/@babel/parser/lib/index.js:12443:21)
    at FlowParserMixin.parseStatementLike (/tmp/kavia/workspace/code-generation/tictactoeweb-620896-aa8990a6/tic_tac_toe_frontend/node_modules/@babel/parser/lib/index.js:12406:17)
    at FlowParserMixin.parseStatementLike (/tmp/kavia/workspace/code-generation/tictactoeweb-620896-aa8990a6/tic_tac_toe_frontend/node_modules/@babel/parser/lib/index.js:5140:24)
    at FlowParserMixin.parseStatementListItem (/tmp/kavia/workspace/code-generation/tictactoeweb-620896-aa8990a6/tic_tac_toe_frontend/node_modules/@babel/parser/lib/index.js:12386:17)
    at FlowParserMixin.parseBlockOrModuleBlockBody (/tmp/kavia/workspace/code-generation/tictactoeweb-620896-aa8990a6/tic_tac_toe_frontend/node_modules/@babel/parser/lib/index.js:12960:61)
    at FlowParserMixin.parseBlockBody (/tmp/kavia/workspace/code-generation/tictactoeweb-620896-aa8990a6/tic_tac_toe_frontend/node_modules/@babel/parser/lib/index.js:12953:10)
    at FlowParserMixin.parseBlock (/tmp/kavia/workspace/code-generation/tictactoeweb-620896-aa8990a6/tic_tac_toe_frontend/node_modules/@babel/parser/lib/index.js:12941:10)
    at FlowParserMixin.parseFunctionBody (/tmp/kavia/workspace/code-generation/tictactoeweb-620896-aa8990a6/tic_tac_toe_frontend/node_modules/@babel/parser/lib/index.js:11783:24)
    at FlowParserMixin.parseFunctionBody (/tmp/kavia/workspace/code-generation/tictactoeweb-620896-aa8990a6/tic_tac_toe_frontend/node_modules/@babel/parser/lib/index.js:5117:11)
    at FlowParserMixin.parseFunctionBodyAndFinish (/tmp/kavia/workspace/code-generation/tictactoeweb-620896-aa8990a6/tic_tac_toe_frontend/node_modules/@babel/parser/lib/index.js:11769:10)
    at FlowParserMixin.parseFunctionBodyAndFinish (/tmp/kavia/workspace/code-generation/tictactoeweb-620896-aa8990a6/tic_tac_toe_frontend/node_modules/@babel/parser/lib/index.js:5125:18)
    at /tmp/kavia/workspace/code-generation/tictactoeweb-620896-aa8990a6/tic_tac_toe_frontend/node_modules/@babel/parser/lib/index.js:13085:12
    at FlowParserMixin.withSmartMixTopicForbiddingContext (/tmp/kavia/workspace/code-generation/tictactoeweb-620896-aa8990a6/tic_tac_toe_frontend/node_modules/@babel/parser/lib/index.js:12077:14)
    at FlowParserMixin.parseFunction (/tmp/kavia/workspace/code-generation/tictactoeweb-620896-aa8990a6/tic_tac_toe_frontend/node_modules/@babel/parser/lib/index.js:13084:10)
    at FlowParserMixin.parseFunctionStatement (/tmp/kavia/workspace/code-generation/tictactoeweb-620896-aa8990a6/tic_tac_toe_frontend/node_modules/@babel/parser/lib/index.js:12769:17)
    at FlowParserMixin.parseStatementContent (/tmp/kavia/workspace/code-generation/tictactoeweb-620896-aa8990a6/tic_tac_toe_frontend/node_modules/@babel/parser/lib/index.js:12430:21)
    at FlowParserMixin.parseStatementLike (/tmp/kavia/workspace/code-generation/tictactoeweb-620896-aa8990a6/tic_tac_toe_frontend/node_modules/@babel/parser/lib/index.js:12406:17)
    at FlowParserMixin.parseStatementLike (/tmp/kavia/workspace/code-generation/tictactoeweb-620896-aa8990a6/tic_tac_toe_frontend/node_modules/@babel/parser/lib/index.js:5140:24)
    at FlowParserMixin.parseModuleItem (/tmp/kavia/workspace/code-generation/tictactoeweb-620896-aa8990a6/tic_tac_toe_frontend/node_modules/@babel/parser/lib/index.js:12383:17)
    at FlowParserMixin.parseBlockOrModuleBlockBody (/tmp/kavia/workspace/code-generation/tictactoeweb-620896-aa8990a6/tic_tac_toe_frontend/node_modules/@babel/parser/lib/index.js:12960:36)
    at FlowParserMixin.parseBlockBody (/tmp/kavia/workspace/code-generation/tictactoeweb-620896-aa8990a6/tic_tac_toe_frontend/node_modules/@babel/parser/lib/index.js:12953:10)
    at FlowParserMixin.parseProgram (/tmp/kavia/workspace/code-generation/tictactoeweb-620896-aa8990a6/tic_tac_toe_frontend/node_modules/@babel/parser/lib/index.js:12280:10)

ERROR in [eslint] 
src/App.js
  Line 32:18:  Parsing error: Unexpected reserved word 'await'. (32:18)

webpack compiled with 2 errors
Compiling...
Failed to compile.

[eslint] 
src/App.js
Syntax error: Unexpected reserved word 'await'. (32:18) (32:18)
ERROR in ./src/App.js
Module build failed (from ./node_modules/babel-loader/lib/index.js):
SyntaxError: /tmp/kavia/workspace/code-generation/tictactoeweb-620896-aa8990a6/tic_tac_toe_frontend/src/App.js: Unexpected reserved word 'await'. (32:18)

  30 |     try {
  31 |       // POST to backend's "start game" endpoint
> 32 |       const res = await fetch(`${API_BASE_URL}/start`, { method: "POST" });
     |                   ^
  33 |       const data = await res.json();
  34 |       setGameId(data.game_id || data.id || null);
  35 |       setBoard(data.board || Array(9).fill(""));
    at constructor (/tmp/kavia/workspace/code-generation/tictactoeweb-620896-aa8990a6/tic_tac_toe_frontend/node_modules/@babel/parser/lib/index.js:360:19)
    at FlowParserMixin.raise (/tmp/kavia/workspace/code-generation/tictactoeweb-620896-aa8990a6/tic_tac_toe_frontend/node_modules/@babel/parser/lib/index.js:3327:19)
    at FlowParserMixin.checkReservedWord (/tmp/kavia/workspace/code-generation/tictactoeweb-620896-aa8990a6/tic_tac_toe_frontend/node_modules/@babel/parser/lib/index.js:11909:12)
    at FlowParserMixin.parseIdentifierName (/tmp/kavia/workspace/code-generation/tictactoeweb-620896-aa8990a6/tic_tac_toe_frontend/node_modules/@babel/parser/lib/index.js:11889:12)
    at FlowParserMixin.parseIdentifier (/tmp/kavia/workspace/code-generation/tictactoeweb-620896-aa8990a6/tic_tac_toe_frontend/node_modules/@babel/parser/lib/index.js:11864:23)
    at FlowParserMixin.parseExprAtom (/tmp/kavia/workspace/code-generation/tictactoeweb-620896-aa8990a6/tic_tac_toe_frontend/node_modules/@babel/parser/lib/index.js:11100:27)
    at FlowParserMixin.parseExprAtom (/tmp/kavia/workspace/code-generation/tictactoeweb-620896-aa8990a6/tic_tac_toe_frontend/node_modules/@babel/parser/lib/index.js:6937:20)
    at FlowParserMixin.parseExprSubscripts (/tmp/kavia/workspace/code-generation/tictactoeweb-620896-aa8990a6/tic_tac_toe_frontend/node_modules/@babel/parser/lib/index.js:10758:23)
    at FlowParserMixin.parseUpdate (/tmp/kavia/workspace/code-generation/tictactoeweb-620896-aa8990a6/tic_tac_toe_frontend/node_modules/@babel/parser/lib/index.js:10743:21)
    at FlowParserMixin.parseMaybeUnary (/tmp/kavia/workspace/code-generation/tictactoeweb-620896-aa8990a6/tic_tac_toe_frontend/node_modules/@babel/parser/lib/index.js:10723:23)
    at FlowParserMixin.parseMaybeUnaryOrPrivate (/tmp/kavia/workspace/code-generation/tictactoeweb-620896-aa8990a6/tic_tac_toe_frontend/node_modules/@babel/parser/lib/index.js:10576:61)
    at FlowParserMixin.parseExprOps (/tmp/kavia/workspace/code-generation/tictactoeweb-620896-aa8990a6/tic_tac_toe_frontend/node_modules/@babel/parser/lib/index.js:10581:23)
    at FlowParserMixin.parseMaybeConditional (/tmp/kavia/workspace/code-generation/tictactoeweb-620896-aa8990a6/tic_tac_toe_frontend/node_modules/@babel/parser/lib/index.js:10558:23)
    at FlowParserMixin.parseMaybeAssign (/tmp/kavia/workspace/code-generation/tictactoeweb-620896-aa8990a6/tic_tac_toe_frontend/node_modules/@babel/parser/lib/index.js:10521:21)
    at FlowParserMixin.parseMaybeAssign (/tmp/kavia/workspace/code-generation/tictactoeweb-620896-aa8990a6/tic_tac_toe_frontend/node_modules/@babel/parser/lib/index.js:5773:18)
    at /tmp/kavia/workspace/code-generation/tictactoeweb-620896-aa8990a6/tic_tac_toe_frontend/node_modules/@babel/parser/lib/index.js:10491:39
    at FlowParserMixin.allowInAnd (/tmp/kavia/workspace/code-generation/tictactoeweb-620896-aa8990a6/tic_tac_toe_frontend/node_modules/@babel/parser/lib/index.js:12095:16)
    at FlowParserMixin.parseMaybeAssignAllowIn (/tmp/kavia/workspace/code-generation/tictactoeweb-620896-aa8990a6/tic_tac_toe_frontend/node_modules/@babel/parser/lib/index.js:10491:17)
    at FlowParserMixin.parseVar (/tmp/kavia/workspace/code-generation/tictactoeweb-620896-aa8990a6/tic_tac_toe_frontend/node_modules/@babel/parser/lib/index.js:13028:91)
    at FlowParserMixin.parseVarStatement (/tmp/kavia/workspace/code-generation/tictactoeweb-620896-aa8990a6/tic_tac_toe_frontend/node_modules/@babel/parser/lib/index.js:12874:10)
    at FlowParserMixin.parseStatementContent (/tmp/kavia/workspace/code-generation/tictactoeweb-620896-aa8990a6/tic_tac_toe_frontend/node_modules/@babel/parser/lib/index.js:12489:23)
    at FlowParserMixin.parseStatementLike (/tmp/kavia/workspace/code-generation/tictactoeweb-620896-aa8990a6/tic_tac_toe_frontend/node_modules/@babel/parser/lib/index.js:12406:17)
    at FlowParserMixin.parseStatementLike (/tmp/kavia/workspace/code-generation/tictactoeweb-620896-aa8990a6/tic_tac_toe_frontend/node_modules/@babel/parser/lib/index.js:5140:24)
    at FlowParserMixin.parseStatementListItem (/tmp/kavia/workspace/code-generation/tictactoeweb-620896-aa8990a6/tic_tac_toe_frontend/node_modules/@babel/parser/lib/index.js:12386:17)
    at FlowParserMixin.parseBlockOrModuleBlockBody (/tmp/kavia/workspace/code-generation/tictactoeweb-620896-aa8990a6/tic_tac_toe_frontend/node_modules/@babel/parser/lib/index.js:12960:61)
    at FlowParserMixin.parseBlockBody (/tmp/kavia/workspace/code-generation/tictactoeweb-620896-aa8990a6/tic_tac_toe_frontend/node_modules/@babel/parser/lib/index.js:12953:10)
    at FlowParserMixin.parseBlock (/tmp/kavia/workspace/code-generation/tictactoeweb-620896-aa8990a6/tic_tac_toe_frontend/node_modules/@babel/parser/lib/index.js:12941:10)
    at FlowParserMixin.parseTryStatement (/tmp/kavia/workspace/code-generation/tictactoeweb-620896-aa8990a6/tic_tac_toe_frontend/node_modules/@babel/parser/lib/index.js:12849:23)
    at FlowParserMixin.parseStatementContent (/tmp/kavia/workspace/code-generation/tictactoeweb-620896-aa8990a6/tic_tac_toe_frontend/node_modules/@babel/parser/lib/index.js:12443:21)
    at FlowParserMixin.parseStatementLike (/tmp/kavia/workspace/code-generation/tictactoeweb-620896-aa8990a6/tic_tac_toe_frontend/node_modules/@babel/parser/lib/index.js:12406:17)
    at FlowParserMixin.parseStatementLike (/tmp/kavia/workspace/code-generation/tictactoeweb-620896-aa8990a6/tic_tac_toe_frontend/node_modules/@babel/parser/lib/index.js:5140:24)
    at FlowParserMixin.parseStatementListItem (/tmp/kavia/workspace/code-generation/tictactoeweb-620896-aa8990a6/tic_tac_toe_frontend/node_modules/@babel/parser/lib/index.js:12386:17)
    at FlowParserMixin.parseBlockOrModuleBlockBody (/tmp/kavia/workspace/code-generation/tictactoeweb-620896-aa8990a6/tic_tac_toe_frontend/node_modules/@babel/parser/lib/index.js:12960:61)
    at FlowParserMixin.parseBlockBody (/tmp/kavia/workspace/code-generation/tictactoeweb-620896-aa8990a6/tic_tac_toe_frontend/node_modules/@babel/parser/lib/index.js:12953:10)
    at FlowParserMixin.parseBlock (/tmp/kavia/workspace/code-generation/tictactoeweb-620896-aa8990a6/tic_tac_toe_frontend/node_modules/@babel/parser/lib/index.js:12941:10)
    at FlowParserMixin.parseFunctionBody (/tmp/kavia/workspace/code-generation/tictactoeweb-620896-aa8990a6/tic_tac_toe_frontend/node_modules/@babel/parser/lib/index.js:11783:24)
    at FlowParserMixin.parseFunctionBody (/tmp/kavia/workspace/code-generation/tictactoeweb-620896-aa8990a6/tic_tac_toe_frontend/node_modules/@babel/parser/lib/index.js:5117:11)
    at FlowParserMixin.parseFunctionBodyAndFinish (/tmp/kavia/workspace/code-generation/tictactoeweb-620896-aa8990a6/tic_tac_toe_frontend/node_modules/@babel/parser/lib/index.js:11769:10)
    at FlowParserMixin.parseFunctionBodyAndFinish (/tmp/kavia/workspace/code-generation/tictactoeweb-620896-aa8990a6/tic_tac_toe_frontend/node_modules/@babel/parser/lib/index.js:5125:18)
    at /tmp/kavia/workspace/code-generation/tictactoeweb-620896-aa8990a6/tic_tac_toe_frontend/node_modules/@babel/parser/lib/index.js:13085:12
    at FlowParserMixin.withSmartMixTopicForbiddingContext (/tmp/kavia/workspace/code-generation/tictactoeweb-620896-aa8990a6/tic_tac_toe_frontend/node_modules/@babel/parser/lib/index.js:12077:14)
    at FlowParserMixin.parseFunction (/tmp/kavia/workspace/code-generation/tictactoeweb-620896-aa8990a6/tic_tac_toe_frontend/node_modules/@babel/parser/lib/index.js:13084:10)
    at FlowParserMixin.parseFunctionStatement (/tmp/kavia/workspace/code-generation/tictactoeweb-620896-aa8990a6/tic_tac_toe_frontend/node_modules/@babel/parser/lib/index.js:12769:17)
    at FlowParserMixin.parseStatementContent (/tmp/kavia/workspace/code-generation/tictactoeweb-620896-aa8990a6/tic_tac_toe_frontend/node_modules/@babel/parser/lib/index.js:12430:21)
    at FlowParserMixin.parseStatementLike (/tmp/kavia/workspace/code-generation/tictactoeweb-620896-aa8990a6/tic_tac_toe_frontend/node_modules/@babel/parser/lib/index.js:12406:17)
    at FlowParserMixin.parseStatementLike (/tmp/kavia/workspace/code-generation/tictactoeweb-620896-aa8990a6/tic_tac_toe_frontend/node_modules/@babel/parser/lib/index.js:5140:24)
    at FlowParserMixin.parseModuleItem (/tmp/kavia/workspace/code-generation/tictactoeweb-620896-aa8990a6/tic_tac_toe_frontend/node_modules/@babel/parser/lib/index.js:12383:17)
    at FlowParserMixin.parseBlockOrModuleBlockBody (/tmp/kavia/workspace/code-generation/tictactoeweb-620896-aa8990a6/tic_tac_toe_frontend/node_modules/@babel/parser/lib/index.js:12960:36)
    at FlowParserMixin.parseBlockBody (/tmp/kavia/workspace/code-generation/tictactoeweb-620896-aa8990a6/tic_tac_toe_frontend/node_modules/@babel/parser/lib/index.js:12953:10)
    at FlowParserMixin.parseProgram (/tmp/kavia/workspace/code-generation/tictactoeweb-620896-aa8990a6/tic_tac_toe_frontend/node_modules/@babel/parser/lib/index.js:12280:10)

ERROR in [eslint] 
src/App.js
  Line 32:18:  Parsing error: Unexpected reserved word 'await'. (32:18)

webpack compiled with 2 errors
Compiling...
Failed to compile.

[eslint] 
src/App.js
Syntax error: Unexpected reserved word 'await'. (32:18) (32:18)
ERROR in ./src/App.js
Module build failed (from ./node_modules/babel-loader/lib/index.js):
SyntaxError: /tmp/kavia/workspace/code-generation/tictactoeweb-620896-aa8990a6/tic_tac_toe_frontend/src/App.js: Unexpected reserved word 'await'. (32:18)

  30 |     try {
  31 |       // POST to backend's "start game" endpoint
> 32 |       const res = await fetch(`${API_BASE_URL}/start`, { method: "POST" });
     |                   ^
  33 |       const data = await res.json();
  34 |       setGameId(data.game_id || data.id || null);
  35 |       setBoard(data.board || Array(9).fill(""));
    at constructor (/tmp/kavia/workspace/code-generation/tictactoeweb-620896-aa8990a6/tic_tac_toe_frontend/node_modules/@babel/parser/lib/index.js:360:19)
    at FlowParserMixin.raise (/tmp/kavia/workspace/code-generation/tictactoeweb-620896-aa8990a6/tic_tac_toe_frontend/node_modules/@babel/parser/lib/index.js:3327:19)
    at FlowParserMixin.checkReservedWord (/tmp/kavia/workspace/code-generation/tictactoeweb-620896-aa8990a6/tic_tac_toe_frontend/node_modules/@babel/parser/lib/index.js:11909:12)
    at FlowParserMixin.parseIdentifierName (/tmp/kavia/workspace/code-generation/tictactoeweb-620896-aa8990a6/tic_tac_toe_frontend/node_modules/@babel/parser/lib/index.js:11889:12)
    at FlowParserMixin.parseIdentifier (/tmp/kavia/workspace/code-generation/tictactoeweb-620896-aa8990a6/tic_tac_toe_frontend/node_modules/@babel/parser/lib/index.js:11864:23)
    at FlowParserMixin.parseExprAtom (/tmp/kavia/workspace/code-generation/tictactoeweb-620896-aa8990a6/tic_tac_toe_frontend/node_modules/@babel/parser/lib/index.js:11100:27)
    at FlowParserMixin.parseExprAtom (/tmp/kavia/workspace/code-generation/tictactoeweb-620896-aa8990a6/tic_tac_toe_frontend/node_modules/@babel/parser/lib/index.js:6937:20)
    at FlowParserMixin.parseExprSubscripts (/tmp/kavia/workspace/code-generation/tictactoeweb-620896-aa8990a6/tic_tac_toe_frontend/node_modules/@babel/parser/lib/index.js:10758:23)
    at FlowParserMixin.parseUpdate (/tmp/kavia/workspace/code-generation/tictactoeweb-620896-aa8990a6/tic_tac_toe_frontend/node_modules/@babel/parser/lib/index.js:10743:21)
    at FlowParserMixin.parseMaybeUnary (/tmp/kavia/workspace/code-generation/tictactoeweb-620896-aa8990a6/tic_tac_toe_frontend/node_modules/@babel/parser/lib/index.js:10723:23)
    at FlowParserMixin.parseMaybeUnaryOrPrivate (/tmp/kavia/workspace/code-generation/tictactoeweb-620896-aa8990a6/tic_tac_toe_frontend/node_modules/@babel/parser/lib/index.js:10576:61)
    at FlowParserMixin.parseExprOps (/tmp/kavia/workspace/code-generation/tictactoeweb-620896-aa8990a6/tic_tac_toe_frontend/node_modules/@babel/parser/lib/index.js:10581:23)
    at FlowParserMixin.parseMaybeConditional (/tmp/kavia/workspace/code-generation/tictactoeweb-620896-aa8990a6/tic_tac_toe_frontend/node_modules/@babel/parser/lib/index.js:10558:23)
    at FlowParserMixin.parseMaybeAssign (/tmp/kavia/workspace/code-generation/tictactoeweb-620896-aa8990a6/tic_tac_toe_frontend/node_modules/@babel/parser/lib/index.js:10521:21)
    at FlowParserMixin.parseMaybeAssign (/tmp/kavia/workspace/code-generation/tictactoeweb-620896-aa8990a6/tic_tac_toe_frontend/node_modules/@babel/parser/lib/index.js:5773:18)
    at /tmp/kavia/workspace/code-generation/tictactoeweb-620896-aa8990a6/tic_tac_toe_frontend/node_modules/@babel/parser/lib/index.js:10491:39
    at FlowParserMixin.allowInAnd (/tmp/kavia/workspace/code-generation/tictactoeweb-620896-aa8990a6/tic_tac_toe_frontend/node_modules/@babel/parser/lib/index.js:12095:16)
    at FlowParserMixin.parseMaybeAssignAllowIn (/tmp/kavia/workspace/code-generation/tictactoeweb-620896-aa8990a6/tic_tac_toe_frontend/node_modules/@babel/parser/lib/index.js:10491:17)
    at FlowParserMixin.parseVar (/tmp/kavia/workspace/code-generation/tictactoeweb-620896-aa8990a6/tic_tac_toe_frontend/node_modules/@babel/parser/lib/index.js:13028:91)
    at FlowParserMixin.parseVarStatement (/tmp/kavia/workspace/code-generation/tictactoeweb-620896-aa8990a6/tic_tac_toe_frontend/node_modules/@babel/parser/lib/index.js:12874:10)
    at FlowParserMixin.parseStatementContent (/tmp/kavia/workspace/code-generation/tictactoeweb-620896-aa8990a6/tic_tac_toe_frontend/node_modules/@babel/parser/lib/index.js:12489:23)
    at FlowParserMixin.parseStatementLike (/tmp/kavia/workspace/code-generation/tictactoeweb-620896-aa8990a6/tic_tac_toe_frontend/node_modules/@babel/parser/lib/index.js:12406:17)
    at FlowParserMixin.parseStatementLike (/tmp/kavia/workspace/code-generation/tictactoeweb-620896-aa8990a6/tic_tac_toe_frontend/node_modules/@babel/parser/lib/index.js:5140:24)
    at FlowParserMixin.parseStatementListItem (/tmp/kavia/workspace/code-generation/tictactoeweb-620896-aa8990a6/tic_tac_toe_frontend/node_modules/@babel/parser/lib/index.js:12386:17)
    at FlowParserMixin.parseBlockOrModuleBlockBody (/tmp/kavia/workspace/code-generation/tictactoeweb-620896-aa8990a6/tic_tac_toe_frontend/node_modules/@babel/parser/lib/index.js:12960:61)
    at FlowParserMixin.parseBlockBody (/tmp/kavia/workspace/code-generation/tictactoeweb-620896-aa8990a6/tic_tac_toe_frontend/node_modules/@babel/parser/lib/index.js:12953:10)
    at FlowParserMixin.parseBlock (/tmp/kavia/workspace/code-generation/tictactoeweb-620896-aa8990a6/tic_tac_toe_frontend/node_modules/@babel/parser/lib/index.js:12941:10)
    at FlowParserMixin.parseTryStatement (/tmp/kavia/workspace/code-generation/tictactoeweb-620896-aa8990a6/tic_tac_toe_frontend/node_modules/@babel/parser/lib/index.js:12849:23)
    at FlowParserMixin.parseStatementContent (/tmp/kavia/workspace/code-generation/tictactoeweb-620896-aa8990a6/tic_tac_toe_frontend/node_modules/@babel/parser/lib/index.js:12443:21)
    at FlowParserMixin.parseStatementLike (/tmp/kavia/workspace/code-generation/tictactoeweb-620896-aa8990a6/tic_tac_toe_frontend/node_modules/@babel/parser/lib/index.js:12406:17)
    at FlowParserMixin.parseStatementLike (/tmp/kavia/workspace/code-generation/tictactoeweb-620896-aa8990a6/tic_tac_toe_frontend/node_modules/@babel/parser/lib/index.js:5140:24)
    at FlowParserMixin.parseStatementListItem (/tmp/kavia/workspace/code-generation/tictactoeweb-620896-aa8990a6/tic_tac_toe_frontend/node_modules/@babel/parser/lib/index.js:12386:17)
    at FlowParserMixin.parseBlockOrModuleBlockBody (/tmp/kavia/workspace/code-generation/tictactoeweb-620896-aa8990a6/tic_tac_toe_frontend/node_modules/@babel/parser/lib/index.js:12960:61)
    at FlowParserMixin.parseBlockBody (/tmp/kavia/workspace/code-generation/tictactoeweb-620896-aa8990a6/tic_tac_toe_frontend/node_modules/@babel/parser/lib/index.js:12953:10)
    at FlowParserMixin.parseBlock (/tmp/kavia/workspace/code-generation/tictactoeweb-620896-aa8990a6/tic_tac_toe_frontend/node_modules/@babel/parser/lib/index.js:12941:10)
    at FlowParserMixin.parseFunctionBody (/tmp/kavia/workspace/code-generation/tictactoeweb-620896-aa8990a6/tic_tac_toe_frontend/node_modules/@babel/parser/lib/index.js:11783:24)
    at FlowParserMixin.parseFunctionBody (/tmp/kavia/workspace/code-generation/tictactoeweb-620896-aa8990a6/tic_tac_toe_frontend/node_modules/@babel/parser/lib/index.js:5117:11)
    at FlowParserMixin.parseFunctionBodyAndFinish (/tmp/kavia/workspace/code-generation/tictactoeweb-620896-aa8990a6/tic_tac_toe_frontend/node_modules/@babel/parser/lib/index.js:11769:10)
    at FlowParserMixin.parseFunctionBodyAndFinish (/tmp/kavia/workspace/code-generation/tictactoeweb-620896-aa8990a6/tic_tac_toe_frontend/node_modules/@babel/parser/lib/index.js:5125:18)
    at /tmp/kavia/workspace/code-generation/tictactoeweb-620896-aa8990a6/tic_tac_toe_frontend/node_modules/@babel/parser/lib/index.js:13085:12
    at FlowParserMixin.withSmartMixTopicForbiddingContext (/tmp/kavia/workspace/code-generation/tictactoeweb-620896-aa8990a6/tic_tac_toe_frontend/node_modules/@babel/parser/lib/index.js:12077:14)
    at FlowParserMixin.parseFunction (/tmp/kavia/workspace/code-generation/tictactoeweb-620896-aa8990a6/tic_tac_toe_frontend/node_modules/@babel/parser/lib/index.js:13084:10)
    at FlowParserMixin.parseFunctionStatement (/tmp/kavia/workspace/code-generation/tictactoeweb-620896-aa8990a6/tic_tac_toe_frontend/node_modules/@babel/parser/lib/index.js:12769:17)
    at FlowParserMixin.parseStatementContent (/tmp/kavia/workspace/code-generation/tictactoeweb-620896-aa8990a6/tic_tac_toe_frontend/node_modules/@babel/parser/lib/index.js:12430:21)
    at FlowParserMixin.parseStatementLike (/tmp/kavia/workspace/code-generation/tictactoeweb-620896-aa8990a6/tic_tac_toe_frontend/node_modules/@babel/parser/lib/index.js:12406:17)
    at FlowParserMixin.parseStatementLike (/tmp/kavia/workspace/code-generation/tictactoeweb-620896-aa8990a6/tic_tac_toe_frontend/node_modules/@babel/parser/lib/index.js:5140:24)
    at FlowParserMixin.parseModuleItem (/tmp/kavia/workspace/code-generation/tictactoeweb-620896-aa8990a6/tic_tac_toe_frontend/node_modules/@babel/parser/lib/index.js:12383:17)
    at FlowParserMixin.parseBlockOrModuleBlockBody (/tmp/kavia/workspace/code-generation/tictactoeweb-620896-aa8990a6/tic_tac_toe_frontend/node_modules/@babel/parser/lib/index.js:12960:36)
    at FlowParserMixin.parseBlockBody (/tmp/kavia/workspace/code-generation/tictactoeweb-620896-aa8990a6/tic_tac_toe_frontend/node_modules/@babel/parser/lib/index.js:12953:10)
    at FlowParserMixin.parseProgram (/tmp/kavia/workspace/code-generation/tictactoeweb-620896-aa8990a6/tic_tac_toe_frontend/node_modules/@babel/parser/lib/index.js:12280:10)

ERROR in [eslint] 
src/App.js
  Line 32:18:  Parsing error: Unexpected reserved word 'await'. (32:18)

webpack compiled with 2 errors
Compiling...
Failed to compile.

[eslint] 
src/App.js
Syntax error: Unexpected reserved word 'await'. (32:18) (32:18)
ERROR in ./src/App.js
Module build failed (from ./node_modules/babel-loader/lib/index.js):
SyntaxError: /tmp/kavia/workspace/code-generation/tictactoeweb-620896-aa8990a6/tic_tac_toe_frontend/src/App.js: Unexpected reserved word 'await'. (32:18)

  30 |     try {
  31 |       // POST to backend's "start game" endpoint
> 32 |       const res = await fetch(`${API_BASE_URL}/start`, { method: "POST" });
     |                   ^
  33 |       const data = await res.json();
  34 |       setGameId(data.game_id || data.id || null);
  35 |       setBoard(data.board || Array(9).fill(""));
    at constructor (/tmp/kavia/workspace/code-generation/tictactoeweb-620896-aa8990a6/tic_tac_toe_frontend/node_modules/@babel/parser/lib/index.js:360:19)
    at FlowParserMixin.raise (/tmp/kavia/workspace/code-generation/tictactoeweb-620896-aa8990a6/tic_tac_toe_frontend/node_modules/@babel/parser/lib/index.js:3327:19)
    at FlowParserMixin.checkReservedWord (/tmp/kavia/workspace/code-generation/tictactoeweb-620896-aa8990a6/tic_tac_toe_frontend/node_modules/@babel/parser/lib/index.js:11909:12)
    at FlowParserMixin.parseIdentifierName (/tmp/kavia/workspace/code-generation/tictactoeweb-620896-aa8990a6/tic_tac_toe_frontend/node_modules/@babel/parser/lib/index.js:11889:12)
    at FlowParserMixin.parseIdentifier (/tmp/kavia/workspace/code-generation/tictactoeweb-620896-aa8990a6/tic_tac_toe_frontend/node_modules/@babel/parser/lib/index.js:11864:23)
    at FlowParserMixin.parseExprAtom (/tmp/kavia/workspace/code-generation/tictactoeweb-620896-aa8990a6/tic_tac_toe_frontend/node_modules/@babel/parser/lib/index.js:11100:27)
    at FlowParserMixin.parseExprAtom (/tmp/kavia/workspace/code-generation/tictactoeweb-620896-aa8990a6/tic_tac_toe_frontend/node_modules/@babel/parser/lib/index.js:6937:20)
    at FlowParserMixin.parseExprSubscripts (/tmp/kavia/workspace/code-generation/tictactoeweb-620896-aa8990a6/tic_tac_toe_frontend/node_modules/@babel/parser/lib/index.js:10758:23)
    at FlowParserMixin.parseUpdate (/tmp/kavia/workspace/code-generation/tictactoeweb-620896-aa8990a6/tic_tac_toe_frontend/node_modules/@babel/parser/lib/index.js:10743:21)
    at FlowParserMixin.parseMaybeUnary (/tmp/kavia/workspace/code-generation/tictactoeweb-620896-aa8990a6/tic_tac_toe_frontend/node_modules/@babel/parser/lib/index.js:10723:23)
    at FlowParserMixin.parseMaybeUnaryOrPrivate (/tmp/kavia/workspace/code-generation/tictactoeweb-620896-aa8990a6/tic_tac_toe_frontend/node_modules/@babel/parser/lib/index.js:10576:61)
    at FlowParserMixin.parseExprOps (/tmp/kavia/workspace/code-generation/tictactoeweb-620896-aa8990a6/tic_tac_toe_frontend/node_modules/@babel/parser/lib/index.js:10581:23)
    at FlowParserMixin.parseMaybeConditional (/tmp/kavia/workspace/code-generation/tictactoeweb-620896-aa8990a6/tic_tac_toe_frontend/node_modules/@babel/parser/lib/index.js:10558:23)
    at FlowParserMixin.parseMaybeAssign (/tmp/kavia/workspace/code-generation/tictactoeweb-620896-aa8990a6/tic_tac_toe_frontend/node_modules/@babel/parser/lib/index.js:10521:21)
    at FlowParserMixin.parseMaybeAssign (/tmp/kavia/workspace/code-generation/tictactoeweb-620896-aa8990a6/tic_tac_toe_frontend/node_modules/@babel/parser/lib/index.js:5773:18)
    at /tmp/kavia/workspace/code-generation/tictactoeweb-620896-aa8990a6/tic_tac_toe_frontend/node_modules/@babel/parser/lib/index.js:10491:39
    at FlowParserMixin.allowInAnd (/tmp/kavia/workspace/code-generation/tictactoeweb-620896-aa8990a6/tic_tac_toe_frontend/node_modules/@babel/parser/lib/index.js:12095:16)
    at FlowParserMixin.parseMaybeAssignAllowIn (/tmp/kavia/workspace/code-generation/tictactoeweb-620896-aa8990a6/tic_tac_toe_frontend/node_modules/@babel/parser/lib/index.js:10491:17)
    at FlowParserMixin.parseVar (/tmp/kavia/workspace/code-generation/tictactoeweb-620896-aa8990a6/tic_tac_toe_frontend/node_modules/@babel/parser/lib/index.js:13028:91)
    at FlowParserMixin.parseVarStatement (/tmp/kavia/workspace/code-generation/tictactoeweb-620896-aa8990a6/tic_tac_toe_frontend/node_modules/@babel/parser/lib/index.js:12874:10)
    at FlowParserMixin.parseStatementContent (/tmp/kavia/workspace/code-generation/tictactoeweb-620896-aa8990a6/tic_tac_toe_frontend/node_modules/@babel/parser/lib/index.js:12489:23)
    at FlowParserMixin.parseStatementLike (/tmp/kavia/workspace/code-generation/tictactoeweb-620896-aa8990a6/tic_tac_toe_frontend/node_modules/@babel/parser/lib/index.js:12406:17)
    at FlowParserMixin.parseStatementLike (/tmp/kavia/workspace/code-generation/tictactoeweb-620896-aa8990a6/tic_tac_toe_frontend/node_modules/@babel/parser/lib/index.js:5140:24)
    at FlowParserMixin.parseStatementListItem (/tmp/kavia/workspace/code-generation/tictactoeweb-620896-aa8990a6/tic_tac_toe_frontend/node_modules/@babel/parser/lib/index.js:12386:17)
    at FlowParserMixin.parseBlockOrModuleBlockBody (/tmp/kavia/workspace/code-generation/tictactoeweb-620896-aa8990a6/tic_tac_toe_frontend/node_modules/@babel/parser/lib/index.js:12960:61)
    at FlowParserMixin.parseBlockBody (/tmp/kavia/workspace/code-generation/tictactoeweb-620896-aa8990a6/tic_tac_toe_frontend/node_modules/@babel/parser/lib/index.js:12953:10)
    at FlowParserMixin.parseBlock (/tmp/kavia/workspace/code-generation/tictactoeweb-620896-aa8990a6/tic_tac_toe_frontend/node_modules/@babel/parser/lib/index.js:12941:10)
    at FlowParserMixin.parseTryStatement (/tmp/kavia/workspace/code-generation/tictactoeweb-620896-aa8990a6/tic_tac_toe_frontend/node_modules/@babel/parser/lib/index.js:12849:23)
    at FlowParserMixin.parseStatementContent (/tmp/kavia/workspace/code-generation/tictactoeweb-620896-aa8990a6/tic_tac_toe_frontend/node_modules/@babel/parser/lib/index.js:12443:21)
    at FlowParserMixin.parseStatementLike (/tmp/kavia/workspace/code-generation/tictactoeweb-620896-aa8990a6/tic_tac_toe_frontend/node_modules/@babel/parser/lib/index.js:12406:17)
    at FlowParserMixin.parseStatementLike (/tmp/kavia/workspace/code-generation/tictactoeweb-620896-aa8990a6/tic_tac_toe_frontend/node_modules/@babel/parser/lib/index.js:5140:24)
    at FlowParserMixin.parseStatementListItem (/tmp/kavia/workspace/code-generation/tictactoeweb-620896-aa8990a6/tic_tac_toe_frontend/node_modules/@babel/parser/lib/index.js:12386:17)
    at FlowParserMixin.parseBlockOrModuleBlockBody (/tmp/kavia/workspace/code-generation/tictactoeweb-620896-aa8990a6/tic_tac_toe_frontend/node_modules/@babel/parser/lib/index.js:12960:61)
    at FlowParserMixin.parseBlockBody (/tmp/kavia/workspace/code-generation/tictactoeweb-620896-aa8990a6/tic_tac_toe_frontend/node_modules/@babel/parser/lib/index.js:12953:10)
    at FlowParserMixin.parseBlock (/tmp/kavia/workspace/code-generation/tictactoeweb-620896-aa8990a6/tic_tac_toe_frontend/node_modules/@babel/parser/lib/index.js:12941:10)
    at FlowParserMixin.parseFunctionBody (/tmp/kavia/workspace/code-generation/tictactoeweb-620896-aa8990a6/tic_tac_toe_frontend/node_modules/@babel/parser/lib/index.js:11783:24)
    at FlowParserMixin.parseFunctionBody (/tmp/kavia/workspace/code-generation/tictactoeweb-620896-aa8990a6/tic_tac_toe_frontend/node_modules/@babel/parser/lib/index.js:5117:11)
    at FlowParserMixin.parseFunctionBodyAndFinish (/tmp/kavia/workspace/code-generation/tictactoeweb-620896-aa8990a6/tic_tac_toe_frontend/node_modules/@babel/parser/lib/index.js:11769:10)
    at FlowParserMixin.parseFunctionBodyAndFinish (/tmp/kavia/workspace/code-generation/tictactoeweb-620896-aa8990a6/tic_tac_toe_frontend/node_modules/@babel/parser/lib/index.js:5125:18)
    at /tmp/kavia/workspace/code-generation/tictactoeweb-620896-aa8990a6/tic_tac_toe_frontend/node_modules/@babel/parser/lib/index.js:13085:12
    at FlowParserMixin.withSmartMixTopicForbiddingContext (/tmp/kavia/workspace/code-generation/tictactoeweb-620896-aa8990a6/tic_tac_toe_frontend/node_modules/@babel/parser/lib/index.js:12077:14)
    at FlowParserMixin.parseFunction (/tmp/kavia/workspace/code-generation/tictactoeweb-620896-aa8990a6/tic_tac_toe_frontend/node_modules/@babel/parser/lib/index.js:13084:10)
    at FlowParserMixin.parseFunctionStatement (/tmp/kavia/workspace/code-generation/tictactoeweb-620896-aa8990a6/tic_tac_toe_frontend/node_modules/@babel/parser/lib/index.js:12769:17)
    at FlowParserMixin.parseStatementContent (/tmp/kavia/workspace/code-generation/tictactoeweb-620896-aa8990a6/tic_tac_toe_frontend/node_modules/@babel/parser/lib/index.js:12430:21)
    at FlowParserMixin.parseStatementLike (/tmp/kavia/workspace/code-generation/tictactoeweb-620896-aa8990a6/tic_tac_toe_frontend/node_modules/@babel/parser/lib/index.js:12406:17)
    at FlowParserMixin.parseStatementLike (/tmp/kavia/workspace/code-generation/tictactoeweb-620896-aa8990a6/tic_tac_toe_frontend/node_modules/@babel/parser/lib/index.js:5140:24)
    at FlowParserMixin.parseModuleItem (/tmp/kavia/workspace/code-generation/tictactoeweb-620896-aa8990a6/tic_tac_toe_frontend/node_modules/@babel/parser/lib/index.js:12383:17)
    at FlowParserMixin.parseBlockOrModuleBlockBody (/tmp/kavia/workspace/code-generation/tictactoeweb-620896-aa8990a6/tic_tac_toe_frontend/node_modules/@babel/parser/lib/index.js:12960:36)
    at FlowParserMixin.parseBlockBody (/tmp/kavia/workspace/code-generation/tictactoeweb-620896-aa8990a6/tic_tac_toe_frontend/node_modules/@babel/parser/lib/index.js:12953:10)
    at FlowParserMixin.parseProgram (/tmp/kavia/workspace/code-generation/tictactoeweb-620896-aa8990a6/tic_tac_toe_frontend/node_modules/@babel/parser/lib/index.js:12280:10)

ERROR in [eslint] 
src/App.js
  Line 32:18:  Parsing error: Unexpected reserved word 'await'. (32:18)

webpack compiled with 2 errors
Compiling...
Failed to compile.

[eslint] 
src/App.js
Syntax error: Unexpected token, expected "," (113:0) (113:undefined)
ERROR in ./src/App.js
Module build failed (from ./node_modules/babel-loader/lib/index.js):
SyntaxError: /tmp/kavia/workspace/code-generation/tictactoeweb-620896-aa8990a6/tic_tac_toe_frontend/src/App.js: Unexpected token, expected "," (113:0)

  111 |           color:
  112 |             cell === "X"
> 113 |
      | ^
    at constructor (/tmp/kavia/workspace/code-generation/tictactoeweb-620896-aa8990a6/tic_tac_toe_frontend/node_modules/@babel/parser/lib/index.js:360:19)
    at FlowParserMixin.raise (/tmp/kavia/workspace/code-generation/tictactoeweb-620896-aa8990a6/tic_tac_toe_frontend/node_modules/@babel/parser/lib/index.js:3327:19)
    at FlowParserMixin.unexpected (/tmp/kavia/workspace/code-generation/tictactoeweb-620896-aa8990a6/tic_tac_toe_frontend/node_modules/@babel/parser/lib/index.js:3347:16)
    at FlowParserMixin.expect (/tmp/kavia/workspace/code-generation/tictactoeweb-620896-aa8990a6/tic_tac_toe_frontend/node_modules/@babel/parser/lib/index.js:3657:12)
    at FlowParserMixin.parseObjectLike (/tmp/kavia/workspace/code-generation/tictactoeweb-620896-aa8990a6/tic_tac_toe_frontend/node_modules/@babel/parser/lib/index.js:11506:14)
    at FlowParserMixin.parseExprAtom (/tmp/kavia/workspace/code-generation/tictactoeweb-620896-aa8990a6/tic_tac_toe_frontend/node_modules/@babel/parser/lib/index.js:11024:23)
    at FlowParserMixin.parseExprAtom (/tmp/kavia/workspace/code-generation/tictactoeweb-620896-aa8990a6/tic_tac_toe_frontend/node_modules/@babel/parser/lib/index.js:6937:20)
    at FlowParserMixin.parseExprSubscripts (/tmp/kavia/workspace/code-generation/tictactoeweb-620896-aa8990a6/tic_tac_toe_frontend/node_modules/@babel/parser/lib/index.js:10758:23)
    at FlowParserMixin.parseUpdate (/tmp/kavia/workspace/code-generation/tictactoeweb-620896-aa8990a6/tic_tac_toe_frontend/node_modules/@babel/parser/lib/index.js:10743:21)
    at FlowParserMixin.parseMaybeUnary (/tmp/kavia/workspace/code-generation/tictactoeweb-620896-aa8990a6/tic_tac_toe_frontend/node_modules/@babel/parser/lib/index.js:10723:23)
    at FlowParserMixin.parseMaybeUnaryOrPrivate (/tmp/kavia/workspace/code-generation/tictactoeweb-620896-aa8990a6/tic_tac_toe_frontend/node_modules/@babel/parser/lib/index.js:10576:61)
    at FlowParserMixin.parseExprOps (/tmp/kavia/workspace/code-generation/tictactoeweb-620896-aa8990a6/tic_tac_toe_frontend/node_modules/@babel/parser/lib/index.js:10581:23)
    at FlowParserMixin.parseMaybeConditional (/tmp/kavia/workspace/code-generation/tictactoeweb-620896-aa8990a6/tic_tac_toe_frontend/node_modules/@babel/parser/lib/index.js:10558:23)
    at FlowParserMixin.parseMaybeAssign (/tmp/kavia/workspace/code-generation/tictactoeweb-620896-aa8990a6/tic_tac_toe_frontend/node_modules/@babel/parser/lib/index.js:10521:21)
    at FlowParserMixin.parseMaybeAssign (/tmp/kavia/workspace/code-generation/tictactoeweb-620896-aa8990a6/tic_tac_toe_frontend/node_modules/@babel/parser/lib/index.js:5773:18)
    at FlowParserMixin.parseExpressionBase (/tmp/kavia/workspace/code-generation/tictactoeweb-620896-aa8990a6/tic_tac_toe_frontend/node_modules/@babel/parser/lib/index.js:10475:23)
    at /tmp/kavia/workspace/code-generation/tictactoeweb-620896-aa8990a6/tic_tac_toe_frontend/node_modules/@babel/parser/lib/index.js:10471:39
    at FlowParserMixin.allowInAnd (/tmp/kavia/workspace/code-generation/tictactoeweb-620896-aa8990a6/tic_tac_toe_frontend/node_modules/@babel/parser/lib/index.js:12100:12)
    at FlowParserMixin.parseExpression (/tmp/kavia/workspace/code-generation/tictactoeweb-620896-aa8990a6/tic_tac_toe_frontend/node_modules/@babel/parser/lib/index.js:10471:17)
    at FlowParserMixin.jsxParseExpressionContainer (/tmp/kavia/workspace/code-generation/tictactoeweb-620896-aa8990a6/tic_tac_toe_frontend/node_modules/@babel/parser/lib/index.js:6805:31)
    at FlowParserMixin.jsxParseAttributeValue (/tmp/kavia/workspace/code-generation/tictactoeweb-620896-aa8990a6/tic_tac_toe_frontend/node_modules/@babel/parser/lib/index.js:6777:21)
    at FlowParserMixin.jsxParseAttribute (/tmp/kavia/workspace/code-generation/tictactoeweb-620896-aa8990a6/tic_tac_toe_frontend/node_modules/@babel/parser/lib/index.js:6826:38)
    at FlowParserMixin.jsxParseOpeningElementAfterName (/tmp/kavia/workspace/code-generation/tictactoeweb-620896-aa8990a6/tic_tac_toe_frontend/node_modules/@babel/parser/lib/index.js:6840:28)
    at FlowParserMixin.jsxParseOpeningElementAfterName (/tmp/kavia/workspace/code-generation/tictactoeweb-620896-aa8990a6/tic_tac_toe_frontend/node_modules/@babel/parser/lib/index.js:6292:18)
    at FlowParserMixin.jsxParseOpeningElementAt (/tmp/kavia/workspace/code-generation/tictactoeweb-620896-aa8990a6/tic_tac_toe_frontend/node_modules/@babel/parser/lib/index.js:6835:17)
    at FlowParserMixin.jsxParseElementAt (/tmp/kavia/workspace/code-generation/tictactoeweb-620896-aa8990a6/tic_tac_toe_frontend/node_modules/@babel/parser/lib/index.js:6859:33)
    at FlowParserMixin.jsxParseElement (/tmp/kavia/workspace/code-generation/tictactoeweb-620896-aa8990a6/tic_tac_toe_frontend/node_modules/@babel/parser/lib/index.js:6922:17)
    at FlowParserMixin.parseExprAtom (/tmp/kavia/workspace/code-generation/tictactoeweb-620896-aa8990a6/tic_tac_toe_frontend/node_modules/@babel/parser/lib/index.js:6932:19)
    at FlowParserMixin.parseExprSubscripts (/tmp/kavia/workspace/code-generation/tictactoeweb-620896-aa8990a6/tic_tac_toe_frontend/node_modules/@babel/parser/lib/index.js:10758:23)
    at FlowParserMixin.parseUpdate (/tmp/kavia/workspace/code-generation/tictactoeweb-620896-aa8990a6/tic_tac_toe_frontend/node_modules/@babel/parser/lib/index.js:10743:21)
    at FlowParserMixin.parseMaybeUnary (/tmp/kavia/workspace/code-generation/tictactoeweb-620896-aa8990a6/tic_tac_toe_frontend/node_modules/@babel/parser/lib/index.js:10723:23)
    at FlowParserMixin.parseMaybeUnaryOrPrivate (/tmp/kavia/workspace/code-generation/tictactoeweb-620896-aa8990a6/tic_tac_toe_frontend/node_modules/@babel/parser/lib/index.js:10576:61)
    at FlowParserMixin.parseExprOps (/tmp/kavia/workspace/code-generation/tictactoeweb-620896-aa8990a6/tic_tac_toe_frontend/node_modules/@babel/parser/lib/index.js:10581:23)
    at FlowParserMixin.parseMaybeConditional (/tmp/kavia/workspace/code-generation/tictactoeweb-620896-aa8990a6/tic_tac_toe_frontend/node_modules/@babel/parser/lib/index.js:10558:23)
    at FlowParserMixin.parseMaybeAssign (/tmp/kavia/workspace/code-generation/tictactoeweb-620896-aa8990a6/tic_tac_toe_frontend/node_modules/@babel/parser/lib/index.js:10521:21)
    at /tmp/kavia/workspace/code-generation/tictactoeweb-620896-aa8990a6/tic_tac_toe_frontend/node_modules/@babel/parser/lib/index.js:5722:39
    at FlowParserMixin.tryParse (/tmp/kavia/workspace/code-generation/tictactoeweb-620896-aa8990a6/tic_tac_toe_frontend/node_modules/@babel/parser/lib/index.js:3665:20)
    at FlowParserMixin.parseMaybeAssign (/tmp/kavia/workspace/code-generation/tictactoeweb-620896-aa8990a6/tic_tac_toe_frontend/node_modules/@babel/parser/lib/index.js:5722:18)
    at /tmp/kavia/workspace/code-generation/tictactoeweb-620896-aa8990a6/tic_tac_toe_frontend/node_modules/@babel/parser/lib/index.js:10491:39
    at FlowParserMixin.allowInAnd (/tmp/kavia/workspace/code-generation/tictactoeweb-620896-aa8990a6/tic_tac_toe_frontend/node_modules/@babel/parser/lib/index.js:12100:12)
    at FlowParserMixin.parseMaybeAssignAllowIn (/tmp/kavia/workspace/code-generation/tictactoeweb-620896-aa8990a6/tic_tac_toe_frontend/node_modules/@babel/parser/lib/index.js:10491:17)
    at FlowParserMixin.parseParenAndDistinguishExpression (/tmp/kavia/workspace/code-generation/tictactoeweb-620896-aa8990a6/tic_tac_toe_frontend/node_modules/@babel/parser/lib/index.js:11359:28)
    at FlowParserMixin.parseParenAndDistinguishExpression (/tmp/kavia/workspace/code-generation/tictactoeweb-620896-aa8990a6/tic_tac_toe_frontend/node_modules/@babel/parser/lib/index.js:5815:18)
    at FlowParserMixin.parseExprAtom (/tmp/kavia/workspace/code-generation/tictactoeweb-620896-aa8990a6/tic_tac_toe_frontend/node_modules/@babel/parser/lib/index.js:11006:23)
    at FlowParserMixin.parseExprAtom (/tmp/kavia/workspace/code-generation/tictactoeweb-620896-aa8990a6/tic_tac_toe_frontend/node_modules/@babel/parser/lib/index.js:6937:20)
    at FlowParserMixin.parseExprSubscripts (/tmp/kavia/workspace/code-generation/tictactoeweb-620896-aa8990a6/tic_tac_toe_frontend/node_modules/@babel/parser/lib/index.js:10758:23)
    at FlowParserMixin.parseUpdate (/tmp/kavia/workspace/code-generation/tictactoeweb-620896-aa8990a6/tic_tac_toe_frontend/node_modules/@babel/parser/lib/index.js:10743:21)
    at FlowParserMixin.parseMaybeUnary (/tmp/kavia/workspace/code-generation/tictactoeweb-620896-aa8990a6/tic_tac_toe_frontend/node_modules/@babel/parser/lib/index.js:10723:23)
    at FlowParserMixin.parseMaybeUnaryOrPrivate (/tmp/kavia/workspace/code-generation/tictactoeweb-620896-aa8990a6/tic_tac_toe_frontend/node_modules/@babel/parser/lib/index.js:10576:61)
    at FlowParserMixin.parseExprOps (/tmp/kavia/workspace/code-generation/tictactoeweb-620896-aa8990a6/tic_tac_toe_frontend/node_modules/@babel/parser/lib/index.js:10581:23)

ERROR in [eslint] 
src/App.js
  Line 113:  Parsing error: Unexpected token, expected "," (113:0)

webpack compiled with 2 errors
Compiling...
Failed to compile.

[eslint] 
src/App.js
Syntax error: Unexpected token, expected ":" (114:0) (114:undefined)
ERROR in ./src/App.js
Module build failed (from ./node_modules/babel-loader/lib/index.js):
SyntaxError: /tmp/kavia/workspace/code-generation/tictactoeweb-620896-aa8990a6/tic_tac_toe_frontend/src/App.js: Unexpected token, expected ":" (114:0)

  112 |             cell === "X"
  113 |               ? "var(--primary)"
> 114 |
      | ^
    at constructor (/tmp/kavia/workspace/code-generation/tictactoeweb-620896-aa8990a6/tic_tac_toe_frontend/node_modules/@babel/parser/lib/index.js:360:19)
    at FlowParserMixin.raise (/tmp/kavia/workspace/code-generation/tictactoeweb-620896-aa8990a6/tic_tac_toe_frontend/node_modules/@babel/parser/lib/index.js:3327:19)
    at FlowParserMixin.unexpected (/tmp/kavia/workspace/code-generation/tictactoeweb-620896-aa8990a6/tic_tac_toe_frontend/node_modules/@babel/parser/lib/index.js:3347:16)
    at FlowParserMixin.expect (/tmp/kavia/workspace/code-generation/tictactoeweb-620896-aa8990a6/tic_tac_toe_frontend/node_modules/@babel/parser/lib/index.js:3657:12)
    at FlowParserMixin.parseConditional (/tmp/kavia/workspace/code-generation/tictactoeweb-620896-aa8990a6/tic_tac_toe_frontend/node_modules/@babel/parser/lib/index.js:5237:10)
    at FlowParserMixin.parseMaybeConditional (/tmp/kavia/workspace/code-generation/tictactoeweb-620896-aa8990a6/tic_tac_toe_frontend/node_modules/@babel/parser/lib/index.js:10562:17)
    at FlowParserMixin.parseMaybeAssign (/tmp/kavia/workspace/code-generation/tictactoeweb-620896-aa8990a6/tic_tac_toe_frontend/node_modules/@babel/parser/lib/index.js:10521:21)
    at FlowParserMixin.parseMaybeAssign (/tmp/kavia/workspace/code-generation/tictactoeweb-620896-aa8990a6/tic_tac_toe_frontend/node_modules/@babel/parser/lib/index.js:5773:18)
    at /tmp/kavia/workspace/code-generation/tictactoeweb-620896-aa8990a6/tic_tac_toe_frontend/node_modules/@babel/parser/lib/index.js:10491:39
    at FlowParserMixin.allowInAnd (/tmp/kavia/workspace/code-generation/tictactoeweb-620896-aa8990a6/tic_tac_toe_frontend/node_modules/@babel/parser/lib/index.js:12100:12)
    at FlowParserMixin.parseMaybeAssignAllowIn (/tmp/kavia/workspace/code-generation/tictactoeweb-620896-aa8990a6/tic_tac_toe_frontend/node_modules/@babel/parser/lib/index.js:10491:17)
    at FlowParserMixin.parseObjectProperty (/tmp/kavia/workspace/code-generation/tictactoeweb-620896-aa8990a6/tic_tac_toe_frontend/node_modules/@babel/parser/lib/index.js:11636:83)
    at FlowParserMixin.parseObjPropValue (/tmp/kavia/workspace/code-generation/tictactoeweb-620896-aa8990a6/tic_tac_toe_frontend/node_modules/@babel/parser/lib/index.js:11661:100)
    at FlowParserMixin.parseObjPropValue (/tmp/kavia/workspace/code-generation/tictactoeweb-620896-aa8990a6/tic_tac_toe_frontend/node_modules/@babel/parser/lib/index.js:5563:26)
    at FlowParserMixin.parsePropertyDefinition (/tmp/kavia/workspace/code-generation/tictactoeweb-620896-aa8990a6/tic_tac_toe_frontend/node_modules/@babel/parser/lib/index.js:11601:17)
    at FlowParserMixin.parseObjectLike (/tmp/kavia/workspace/code-generation/tictactoeweb-620896-aa8990a6/tic_tac_toe_frontend/node_modules/@babel/parser/lib/index.js:11516:21)
    at FlowParserMixin.parseExprAtom (/tmp/kavia/workspace/code-generation/tictactoeweb-620896-aa8990a6/tic_tac_toe_frontend/node_modules/@babel/parser/lib/index.js:11024:23)
    at FlowParserMixin.parseExprAtom (/tmp/kavia/workspace/code-generation/tictactoeweb-620896-aa8990a6/tic_tac_toe_frontend/node_modules/@babel/parser/lib/index.js:6937:20)
    at FlowParserMixin.parseExprSubscripts (/tmp/kavia/workspace/code-generation/tictactoeweb-620896-aa8990a6/tic_tac_toe_frontend/node_modules/@babel/parser/lib/index.js:10758:23)
    at FlowParserMixin.parseUpdate (/tmp/kavia/workspace/code-generation/tictactoeweb-620896-aa8990a6/tic_tac_toe_frontend/node_modules/@babel/parser/lib/index.js:10743:21)
    at FlowParserMixin.parseMaybeUnary (/tmp/kavia/workspace/code-generation/tictactoeweb-620896-aa8990a6/tic_tac_toe_frontend/node_modules/@babel/parser/lib/index.js:10723:23)
    at FlowParserMixin.parseMaybeUnaryOrPrivate (/tmp/kavia/workspace/code-generation/tictactoeweb-620896-aa8990a6/tic_tac_toe_frontend/node_modules/@babel/parser/lib/index.js:10576:61)
    at FlowParserMixin.parseExprOps (/tmp/kavia/workspace/code-generation/tictactoeweb-620896-aa8990a6/tic_tac_toe_frontend/node_modules/@babel/parser/lib/index.js:10581:23)
    at FlowParserMixin.parseMaybeConditional (/tmp/kavia/workspace/code-generation/tictactoeweb-620896-aa8990a6/tic_tac_toe_frontend/node_modules/@babel/parser/lib/index.js:10558:23)
    at FlowParserMixin.parseMaybeAssign (/tmp/kavia/workspace/code-generation/tictactoeweb-620896-aa8990a6/tic_tac_toe_frontend/node_modules/@babel/parser/lib/index.js:10521:21)
    at FlowParserMixin.parseMaybeAssign (/tmp/kavia/workspace/code-generation/tictactoeweb-620896-aa8990a6/tic_tac_toe_frontend/node_modules/@babel/parser/lib/index.js:5773:18)
    at FlowParserMixin.parseExpressionBase (/tmp/kavia/workspace/code-generation/tictactoeweb-620896-aa8990a6/tic_tac_toe_frontend/node_modules/@babel/parser/lib/index.js:10475:23)
    at /tmp/kavia/workspace/code-generation/tictactoeweb-620896-aa8990a6/tic_tac_toe_frontend/node_modules/@babel/parser/lib/index.js:10471:39
    at FlowParserMixin.allowInAnd (/tmp/kavia/workspace/code-generation/tictactoeweb-620896-aa8990a6/tic_tac_toe_frontend/node_modules/@babel/parser/lib/index.js:12100:12)
    at FlowParserMixin.parseExpression (/tmp/kavia/workspace/code-generation/tictactoeweb-620896-aa8990a6/tic_tac_toe_frontend/node_modules/@babel/parser/lib/index.js:10471:17)
    at FlowParserMixin.jsxParseExpressionContainer (/tmp/kavia/workspace/code-generation/tictactoeweb-620896-aa8990a6/tic_tac_toe_frontend/node_modules/@babel/parser/lib/index.js:6805:31)
    at FlowParserMixin.jsxParseAttributeValue (/tmp/kavia/workspace/code-generation/tictactoeweb-620896-aa8990a6/tic_tac_toe_frontend/node_modules/@babel/parser/lib/index.js:6777:21)
    at FlowParserMixin.jsxParseAttribute (/tmp/kavia/workspace/code-generation/tictactoeweb-620896-aa8990a6/tic_tac_toe_frontend/node_modules/@babel/parser/lib/index.js:6826:38)
    at FlowParserMixin.jsxParseOpeningElementAfterName (/tmp/kavia/workspace/code-generation/tictactoeweb-620896-aa8990a6/tic_tac_toe_frontend/node_modules/@babel/parser/lib/index.js:6840:28)
    at FlowParserMixin.jsxParseOpeningElementAfterName (/tmp/kavia/workspace/code-generation/tictactoeweb-620896-aa8990a6/tic_tac_toe_frontend/node_modules/@babel/parser/lib/index.js:6292:18)
    at FlowParserMixin.jsxParseOpeningElementAt (/tmp/kavia/workspace/code-generation/tictactoeweb-620896-aa8990a6/tic_tac_toe_frontend/node_modules/@babel/parser/lib/index.js:6835:17)
    at FlowParserMixin.jsxParseElementAt (/tmp/kavia/workspace/code-generation/tictactoeweb-620896-aa8990a6/tic_tac_toe_frontend/node_modules/@babel/parser/lib/index.js:6859:33)
    at FlowParserMixin.jsxParseElement (/tmp/kavia/workspace/code-generation/tictactoeweb-620896-aa8990a6/tic_tac_toe_frontend/node_modules/@babel/parser/lib/index.js:6922:17)
    at FlowParserMixin.parseExprAtom (/tmp/kavia/workspace/code-generation/tictactoeweb-620896-aa8990a6/tic_tac_toe_frontend/node_modules/@babel/parser/lib/index.js:6932:19)
    at FlowParserMixin.parseExprSubscripts (/tmp/kavia/workspace/code-generation/tictactoeweb-620896-aa8990a6/tic_tac_toe_frontend/node_modules/@babel/parser/lib/index.js:10758:23)
    at FlowParserMixin.parseUpdate (/tmp/kavia/workspace/code-generation/tictactoeweb-620896-aa8990a6/tic_tac_toe_frontend/node_modules/@babel/parser/lib/index.js:10743:21)
    at FlowParserMixin.parseMaybeUnary (/tmp/kavia/workspace/code-generation/tictactoeweb-620896-aa8990a6/tic_tac_toe_frontend/node_modules/@babel/parser/lib/index.js:10723:23)
    at FlowParserMixin.parseMaybeUnaryOrPrivate (/tmp/kavia/workspace/code-generation/tictactoeweb-620896-aa8990a6/tic_tac_toe_frontend/node_modules/@babel/parser/lib/index.js:10576:61)
    at FlowParserMixin.parseExprOps (/tmp/kavia/workspace/code-generation/tictactoeweb-620896-aa8990a6/tic_tac_toe_frontend/node_modules/@babel/parser/lib/index.js:10581:23)
    at FlowParserMixin.parseMaybeConditional (/tmp/kavia/workspace/code-generation/tictactoeweb-620896-aa8990a6/tic_tac_toe_frontend/node_modules/@babel/parser/lib/index.js:10558:23)
    at FlowParserMixin.parseMaybeAssign (/tmp/kavia/workspace/code-generation/tictactoeweb-620896-aa8990a6/tic_tac_toe_frontend/node_modules/@babel/parser/lib/index.js:10521:21)
    at /tmp/kavia/workspace/code-generation/tictactoeweb-620896-aa8990a6/tic_tac_toe_frontend/node_modules/@babel/parser/lib/index.js:5722:39
    at FlowParserMixin.tryParse (/tmp/kavia/workspace/code-generation/tictactoeweb-620896-aa8990a6/tic_tac_toe_frontend/node_modules/@babel/parser/lib/index.js:3665:20)
    at FlowParserMixin.parseMaybeAssign (/tmp/kavia/workspace/code-generation/tictactoeweb-620896-aa8990a6/tic_tac_toe_frontend/node_modules/@babel/parser/lib/index.js:5722:18)
    at /tmp/kavia/workspace/code-generation/tictactoeweb-620896-aa8990a6/tic_tac_toe_frontend/node_modules/@babel/parser/lib/index.js:10491:39

ERROR in [eslint] 
src/App.js
  Line 114:  Parsing error: Unexpected token, expected ":" (114:0)

webpack compiled with 2 errors
Compiling...
Failed to compile.

[eslint] 
src/App.js
Syntax error: Unexpected reserved word 'await'. (32:18) (32:18)
ERROR in ./src/App.js
Module build failed (from ./node_modules/babel-loader/lib/index.js):
SyntaxError: /tmp/kavia/workspace/code-generation/tictactoeweb-620896-aa8990a6/tic_tac_toe_frontend/src/App.js: Unexpected reserved word 'await'. (32:18)

  30 |     try {
  31 |       // POST to backend's "start game" endpoint
> 32 |       const res = await fetch(`${API_BASE_URL}/start`, { method: "POST" });
     |                   ^
  33 |       const data = await res.json();
  34 |       setGameId(data.game_id || data.id || null);
  35 |       setBoard(data.board || Array(9).fill(""));
    at constructor (/tmp/kavia/workspace/code-generation/tictactoeweb-620896-aa8990a6/tic_tac_toe_frontend/node_modules/@babel/parser/lib/index.js:360:19)
    at FlowParserMixin.raise (/tmp/kavia/workspace/code-generation/tictactoeweb-620896-aa8990a6/tic_tac_toe_frontend/node_modules/@babel/parser/lib/index.js:3327:19)
    at FlowParserMixin.checkReservedWord (/tmp/kavia/workspace/code-generation/tictactoeweb-620896-aa8990a6/tic_tac_toe_frontend/node_modules/@babel/parser/lib/index.js:11909:12)
    at FlowParserMixin.parseIdentifierName (/tmp/kavia/workspace/code-generation/tictactoeweb-620896-aa8990a6/tic_tac_toe_frontend/node_modules/@babel/parser/lib/index.js:11889:12)
    at FlowParserMixin.parseIdentifier (/tmp/kavia/workspace/code-generation/tictactoeweb-620896-aa8990a6/tic_tac_toe_frontend/node_modules/@babel/parser/lib/index.js:11864:23)
    at FlowParserMixin.parseExprAtom (/tmp/kavia/workspace/code-generation/tictactoeweb-620896-aa8990a6/tic_tac_toe_frontend/node_modules/@babel/parser/lib/index.js:11100:27)
    at FlowParserMixin.parseExprAtom (/tmp/kavia/workspace/code-generation/tictactoeweb-620896-aa8990a6/tic_tac_toe_frontend/node_modules/@babel/parser/lib/index.js:6937:20)
    at FlowParserMixin.parseExprSubscripts (/tmp/kavia/workspace/code-generation/tictactoeweb-620896-aa8990a6/tic_tac_toe_frontend/node_modules/@babel/parser/lib/index.js:10758:23)
    at FlowParserMixin.parseUpdate (/tmp/kavia/workspace/code-generation/tictactoeweb-620896-aa8990a6/tic_tac_toe_frontend/node_modules/@babel/parser/lib/index.js:10743:21)
    at FlowParserMixin.parseMaybeUnary (/tmp/kavia/workspace/code-generation/tictactoeweb-620896-aa8990a6/tic_tac_toe_frontend/node_modules/@babel/parser/lib/index.js:10723:23)
    at FlowParserMixin.parseMaybeUnaryOrPrivate (/tmp/kavia/workspace/code-generation/tictactoeweb-620896-aa8990a6/tic_tac_toe_frontend/node_modules/@babel/parser/lib/index.js:10576:61)
    at FlowParserMixin.parseExprOps (/tmp/kavia/workspace/code-generation/tictactoeweb-620896-aa8990a6/tic_tac_toe_frontend/node_modules/@babel/parser/lib/index.js:10581:23)
    at FlowParserMixin.parseMaybeConditional (/tmp/kavia/workspace/code-generation/tictactoeweb-620896-aa8990a6/tic_tac_toe_frontend/node_modules/@babel/parser/lib/index.js:10558:23)
    at FlowParserMixin.parseMaybeAssign (/tmp/kavia/workspace/code-generation/tictactoeweb-620896-aa8990a6/tic_tac_toe_frontend/node_modules/@babel/parser/lib/index.js:10521:21)
    at FlowParserMixin.parseMaybeAssign (/tmp/kavia/workspace/code-generation/tictactoeweb-620896-aa8990a6/tic_tac_toe_frontend/node_modules/@babel/parser/lib/index.js:5773:18)
    at /tmp/kavia/workspace/code-generation/tictactoeweb-620896-aa8990a6/tic_tac_toe_frontend/node_modules/@babel/parser/lib/index.js:10491:39
    at FlowParserMixin.allowInAnd (/tmp/kavia/workspace/code-generation/tictactoeweb-620896-aa8990a6/tic_tac_toe_frontend/node_modules/@babel/parser/lib/index.js:12095:16)
    at FlowParserMixin.parseMaybeAssignAllowIn (/tmp/kavia/workspace/code-generation/tictactoeweb-620896-aa8990a6/tic_tac_toe_frontend/node_modules/@babel/parser/lib/index.js:10491:17)
    at FlowParserMixin.parseVar (/tmp/kavia/workspace/code-generation/tictactoeweb-620896-aa8990a6/tic_tac_toe_frontend/node_modules/@babel/parser/lib/index.js:13028:91)
    at FlowParserMixin.parseVarStatement (/tmp/kavia/workspace/code-generation/tictactoeweb-620896-aa8990a6/tic_tac_toe_frontend/node_modules/@babel/parser/lib/index.js:12874:10)
    at FlowParserMixin.parseStatementContent (/tmp/kavia/workspace/code-generation/tictactoeweb-620896-aa8990a6/tic_tac_toe_frontend/node_modules/@babel/parser/lib/index.js:12489:23)
    at FlowParserMixin.parseStatementLike (/tmp/kavia/workspace/code-generation/tictactoeweb-620896-aa8990a6/tic_tac_toe_frontend/node_modules/@babel/parser/lib/index.js:12406:17)
    at FlowParserMixin.parseStatementLike (/tmp/kavia/workspace/code-generation/tictactoeweb-620896-aa8990a6/tic_tac_toe_frontend/node_modules/@babel/parser/lib/index.js:5140:24)
    at FlowParserMixin.parseStatementListItem (/tmp/kavia/workspace/code-generation/tictactoeweb-620896-aa8990a6/tic_tac_toe_frontend/node_modules/@babel/parser/lib/index.js:12386:17)
    at FlowParserMixin.parseBlockOrModuleBlockBody (/tmp/kavia/workspace/code-generation/tictactoeweb-620896-aa8990a6/tic_tac_toe_frontend/node_modules/@babel/parser/lib/index.js:12960:61)
    at FlowParserMixin.parseBlockBody (/tmp/kavia/workspace/code-generation/tictactoeweb-620896-aa8990a6/tic_tac_toe_frontend/node_modules/@babel/parser/lib/index.js:12953:10)
    at FlowParserMixin.parseBlock (/tmp/kavia/workspace/code-generation/tictactoeweb-620896-aa8990a6/tic_tac_toe_frontend/node_modules/@babel/parser/lib/index.js:12941:10)
    at FlowParserMixin.parseTryStatement (/tmp/kavia/workspace/code-generation/tictactoeweb-620896-aa8990a6/tic_tac_toe_frontend/node_modules/@babel/parser/lib/index.js:12849:23)
    at FlowParserMixin.parseStatementContent (/tmp/kavia/workspace/code-generation/tictactoeweb-620896-aa8990a6/tic_tac_toe_frontend/node_modules/@babel/parser/lib/index.js:12443:21)
    at FlowParserMixin.parseStatementLike (/tmp/kavia/workspace/code-generation/tictactoeweb-620896-aa8990a6/tic_tac_toe_frontend/node_modules/@babel/parser/lib/index.js:12406:17)
    at FlowParserMixin.parseStatementLike (/tmp/kavia/workspace/code-generation/tictactoeweb-620896-aa8990a6/tic_tac_toe_frontend/node_modules/@babel/parser/lib/index.js:5140:24)
    at FlowParserMixin.parseStatementListItem (/tmp/kavia/workspace/code-generation/tictactoeweb-620896-aa8990a6/tic_tac_toe_frontend/node_modules/@babel/parser/lib/index.js:12386:17)
    at FlowParserMixin.parseBlockOrModuleBlockBody (/tmp/kavia/workspace/code-generation/tictactoeweb-620896-aa8990a6/tic_tac_toe_frontend/node_modules/@babel/parser/lib/index.js:12960:61)
    at FlowParserMixin.parseBlockBody (/tmp/kavia/workspace/code-generation/tictactoeweb-620896-aa8990a6/tic_tac_toe_frontend/node_modules/@babel/parser/lib/index.js:12953:10)
    at FlowParserMixin.parseBlock (/tmp/kavia/workspace/code-generation/tictactoeweb-620896-aa8990a6/tic_tac_toe_frontend/node_modules/@babel/parser/lib/index.js:12941:10)
    at FlowParserMixin.parseFunctionBody (/tmp/kavia/workspace/code-generation/tictactoeweb-620896-aa8990a6/tic_tac_toe_frontend/node_modules/@babel/parser/lib/index.js:11783:24)
    at FlowParserMixin.parseFunctionBody (/tmp/kavia/workspace/code-generation/tictactoeweb-620896-aa8990a6/tic_tac_toe_frontend/node_modules/@babel/parser/lib/index.js:5117:11)
    at FlowParserMixin.parseFunctionBodyAndFinish (/tmp/kavia/workspace/code-generation/tictactoeweb-620896-aa8990a6/tic_tac_toe_frontend/node_modules/@babel/parser/lib/index.js:11769:10)
    at FlowParserMixin.parseFunctionBodyAndFinish (/tmp/kavia/workspace/code-generation/tictactoeweb-620896-aa8990a6/tic_tac_toe_frontend/node_modules/@babel/parser/lib/index.js:5125:18)
    at /tmp/kavia/workspace/code-generation/tictactoeweb-620896-aa8990a6/tic_tac_toe_frontend/node_modules/@babel/parser/lib/index.js:13085:12
    at FlowParserMixin.withSmartMixTopicForbiddingContext (/tmp/kavia/workspace/code-generation/tictactoeweb-620896-aa8990a6/tic_tac_toe_frontend/node_modules/@babel/parser/lib/index.js:12077:14)
    at FlowParserMixin.parseFunction (/tmp/kavia/workspace/code-generation/tictactoeweb-620896-aa8990a6/tic_tac_toe_frontend/node_modules/@babel/parser/lib/index.js:13084:10)
    at FlowParserMixin.parseFunctionStatement (/tmp/kavia/workspace/code-generation/tictactoeweb-620896-aa8990a6/tic_tac_toe_frontend/node_modules/@babel/parser/lib/index.js:12769:17)
    at FlowParserMixin.parseStatementContent (/tmp/kavia/workspace/code-generation/tictactoeweb-620896-aa8990a6/tic_tac_toe_frontend/node_modules/@babel/parser/lib/index.js:12430:21)
    at FlowParserMixin.parseStatementLike (/tmp/kavia/workspace/code-generation/tictactoeweb-620896-aa8990a6/tic_tac_toe_frontend/node_modules/@babel/parser/lib/index.js:12406:17)
    at FlowParserMixin.parseStatementLike (/tmp/kavia/workspace/code-generation/tictactoeweb-620896-aa8990a6/tic_tac_toe_frontend/node_modules/@babel/parser/lib/index.js:5140:24)
    at FlowParserMixin.parseModuleItem (/tmp/kavia/workspace/code-generation/tictactoeweb-620896-aa8990a6/tic_tac_toe_frontend/node_modules/@babel/parser/lib/index.js:12383:17)
    at FlowParserMixin.parseBlockOrModuleBlockBody (/tmp/kavia/workspace/code-generation/tictactoeweb-620896-aa8990a6/tic_tac_toe_frontend/node_modules/@babel/parser/lib/index.js:12960:36)
    at FlowParserMixin.parseBlockBody (/tmp/kavia/workspace/code-generation/tictactoeweb-620896-aa8990a6/tic_tac_toe_frontend/node_modules/@babel/parser/lib/index.js:12953:10)
    at FlowParserMixin.parseProgram (/tmp/kavia/workspace/code-generation/tictactoeweb-620896-aa8990a6/tic_tac_toe_frontend/node_modules/@babel/parser/lib/index.js:12280:10)

ERROR in [eslint] 
src/App.js
  Line 32:18:  Parsing error: Unexpected reserved word 'await'. (32:18)

webpack compiled with 2 errors
Compiling...
Failed to compile.

[eslint] 
src/App.js
Syntax error: Unexpected token, expected ":" (116:0) (116:undefined)
ERROR in ./src/App.js
Module build failed (from ./node_modules/babel-loader/lib/index.js):
SyntaxError: /tmp/kavia/workspace/code-generation/tictactoeweb-620896-aa8990a6/tic_tac_toe_frontend/src/App.js: Unexpected token, expected ":" (116:0)

  114 |               : cell === "O"
  115 |               ? "var(--accent)"
> 116 |
      | ^
    at constructor (/tmp/kavia/workspace/code-generation/tictactoeweb-620896-aa8990a6/tic_tac_toe_frontend/node_modules/@babel/parser/lib/index.js:360:19)
    at FlowParserMixin.raise (/tmp/kavia/workspace/code-generation/tictactoeweb-620896-aa8990a6/tic_tac_toe_frontend/node_modules/@babel/parser/lib/index.js:3327:19)
    at FlowParserMixin.unexpected (/tmp/kavia/workspace/code-generation/tictactoeweb-620896-aa8990a6/tic_tac_toe_frontend/node_modules/@babel/parser/lib/index.js:3347:16)
    at FlowParserMixin.expect (/tmp/kavia/workspace/code-generation/tictactoeweb-620896-aa8990a6/tic_tac_toe_frontend/node_modules/@babel/parser/lib/index.js:3657:12)
    at FlowParserMixin.parseConditional (/tmp/kavia/workspace/code-generation/tictactoeweb-620896-aa8990a6/tic_tac_toe_frontend/node_modules/@babel/parser/lib/index.js:5237:10)
    at FlowParserMixin.parseMaybeConditional (/tmp/kavia/workspace/code-generation/tictactoeweb-620896-aa8990a6/tic_tac_toe_frontend/node_modules/@babel/parser/lib/index.js:10562:17)
    at FlowParserMixin.parseMaybeAssign (/tmp/kavia/workspace/code-generation/tictactoeweb-620896-aa8990a6/tic_tac_toe_frontend/node_modules/@babel/parser/lib/index.js:10521:21)
    at FlowParserMixin.parseMaybeAssign (/tmp/kavia/workspace/code-generation/tictactoeweb-620896-aa8990a6/tic_tac_toe_frontend/node_modules/@babel/parser/lib/index.js:5773:18)
    at /tmp/kavia/workspace/code-generation/tictactoeweb-620896-aa8990a6/tic_tac_toe_frontend/node_modules/@babel/parser/lib/index.js:5240:77
    at FlowParserMixin.forwardNoArrowParamsConversionAt (/tmp/kavia/workspace/code-generation/tictactoeweb-620896-aa8990a6/tic_tac_toe_frontend/node_modules/@babel/parser/lib/index.js:5290:16)
    at FlowParserMixin.parseConditional (/tmp/kavia/workspace/code-generation/tictactoeweb-620896-aa8990a6/tic_tac_toe_frontend/node_modules/@babel/parser/lib/index.js:5240:27)
    at FlowParserMixin.parseMaybeConditional (/tmp/kavia/workspace/code-generation/tictactoeweb-620896-aa8990a6/tic_tac_toe_frontend/node_modules/@babel/parser/lib/index.js:10562:17)
    at FlowParserMixin.parseMaybeAssign (/tmp/kavia/workspace/code-generation/tictactoeweb-620896-aa8990a6/tic_tac_toe_frontend/node_modules/@babel/parser/lib/index.js:10521:21)
    at FlowParserMixin.parseMaybeAssign (/tmp/kavia/workspace/code-generation/tictactoeweb-620896-aa8990a6/tic_tac_toe_frontend/node_modules/@babel/parser/lib/index.js:5773:18)
    at /tmp/kavia/workspace/code-generation/tictactoeweb-620896-aa8990a6/tic_tac_toe_frontend/node_modules/@babel/parser/lib/index.js:10491:39
    at FlowParserMixin.allowInAnd (/tmp/kavia/workspace/code-generation/tictactoeweb-620896-aa8990a6/tic_tac_toe_frontend/node_modules/@babel/parser/lib/index.js:12100:12)
    at FlowParserMixin.parseMaybeAssignAllowIn (/tmp/kavia/workspace/code-generation/tictactoeweb-620896-aa8990a6/tic_tac_toe_frontend/node_modules/@babel/parser/lib/index.js:10491:17)
    at FlowParserMixin.parseObjectProperty (/tmp/kavia/workspace/code-generation/tictactoeweb-620896-aa8990a6/tic_tac_toe_frontend/node_modules/@babel/parser/lib/index.js:11636:83)
    at FlowParserMixin.parseObjPropValue (/tmp/kavia/workspace/code-generation/tictactoeweb-620896-aa8990a6/tic_tac_toe_frontend/node_modules/@babel/parser/lib/index.js:11661:100)
    at FlowParserMixin.parseObjPropValue (/tmp/kavia/workspace/code-generation/tictactoeweb-620896-aa8990a6/tic_tac_toe_frontend/node_modules/@babel/parser/lib/index.js:5563:26)
    at FlowParserMixin.parsePropertyDefinition (/tmp/kavia/workspace/code-generation/tictactoeweb-620896-aa8990a6/tic_tac_toe_frontend/node_modules/@babel/parser/lib/index.js:11601:17)
    at FlowParserMixin.parseObjectLike (/tmp/kavia/workspace/code-generation/tictactoeweb-620896-aa8990a6/tic_tac_toe_frontend/node_modules/@babel/parser/lib/index.js:11516:21)
    at FlowParserMixin.parseExprAtom (/tmp/kavia/workspace/code-generation/tictactoeweb-620896-aa8990a6/tic_tac_toe_frontend/node_modules/@babel/parser/lib/index.js:11024:23)
    at FlowParserMixin.parseExprAtom (/tmp/kavia/workspace/code-generation/tictactoeweb-620896-aa8990a6/tic_tac_toe_frontend/node_modules/@babel/parser/lib/index.js:6937:20)
    at FlowParserMixin.parseExprSubscripts (/tmp/kavia/workspace/code-generation/tictactoeweb-620896-aa8990a6/tic_tac_toe_frontend/node_modules/@babel/parser/lib/index.js:10758:23)
    at FlowParserMixin.parseUpdate (/tmp/kavia/workspace/code-generation/tictactoeweb-620896-aa8990a6/tic_tac_toe_frontend/node_modules/@babel/parser/lib/index.js:10743:21)
    at FlowParserMixin.parseMaybeUnary (/tmp/kavia/workspace/code-generation/tictactoeweb-620896-aa8990a6/tic_tac_toe_frontend/node_modules/@babel/parser/lib/index.js:10723:23)
    at FlowParserMixin.parseMaybeUnaryOrPrivate (/tmp/kavia/workspace/code-generation/tictactoeweb-620896-aa8990a6/tic_tac_toe_frontend/node_modules/@babel/parser/lib/index.js:10576:61)
    at FlowParserMixin.parseExprOps (/tmp/kavia/workspace/code-generation/tictactoeweb-620896-aa8990a6/tic_tac_toe_frontend/node_modules/@babel/parser/lib/index.js:10581:23)
    at FlowParserMixin.parseMaybeConditional (/tmp/kavia/workspace/code-generation/tictactoeweb-620896-aa8990a6/tic_tac_toe_frontend/node_modules/@babel/parser/lib/index.js:10558:23)
    at FlowParserMixin.parseMaybeAssign (/tmp/kavia/workspace/code-generation/tictactoeweb-620896-aa8990a6/tic_tac_toe_frontend/node_modules/@babel/parser/lib/index.js:10521:21)
    at FlowParserMixin.parseMaybeAssign (/tmp/kavia/workspace/code-generation/tictactoeweb-620896-aa8990a6/tic_tac_toe_frontend/node_modules/@babel/parser/lib/index.js:5773:18)
    at FlowParserMixin.parseExpressionBase (/tmp/kavia/workspace/code-generation/tictactoeweb-620896-aa8990a6/tic_tac_toe_frontend/node_modules/@babel/parser/lib/index.js:10475:23)
    at /tmp/kavia/workspace/code-generation/tictactoeweb-620896-aa8990a6/tic_tac_toe_frontend/node_modules/@babel/parser/lib/index.js:10471:39
    at FlowParserMixin.allowInAnd (/tmp/kavia/workspace/code-generation/tictactoeweb-620896-aa8990a6/tic_tac_toe_frontend/node_modules/@babel/parser/lib/index.js:12100:12)
    at FlowParserMixin.parseExpression (/tmp/kavia/workspace/code-generation/tictactoeweb-620896-aa8990a6/tic_tac_toe_frontend/node_modules/@babel/parser/lib/index.js:10471:17)
    at FlowParserMixin.jsxParseExpressionContainer (/tmp/kavia/workspace/code-generation/tictactoeweb-620896-aa8990a6/tic_tac_toe_frontend/node_modules/@babel/parser/lib/index.js:6805:31)
    at FlowParserMixin.jsxParseAttributeValue (/tmp/kavia/workspace/code-generation/tictactoeweb-620896-aa8990a6/tic_tac_toe_frontend/node_modules/@babel/parser/lib/index.js:6777:21)
    at FlowParserMixin.jsxParseAttribute (/tmp/kavia/workspace/code-generation/tictactoeweb-620896-aa8990a6/tic_tac_toe_frontend/node_modules/@babel/parser/lib/index.js:6826:38)
    at FlowParserMixin.jsxParseOpeningElementAfterName (/tmp/kavia/workspace/code-generation/tictactoeweb-620896-aa8990a6/tic_tac_toe_frontend/node_modules/@babel/parser/lib/index.js:6840:28)
    at FlowParserMixin.jsxParseOpeningElementAfterName (/tmp/kavia/workspace/code-generation/tictactoeweb-620896-aa8990a6/tic_tac_toe_frontend/node_modules/@babel/parser/lib/index.js:6292:18)
    at FlowParserMixin.jsxParseOpeningElementAt (/tmp/kavia/workspace/code-generation/tictactoeweb-620896-aa8990a6/tic_tac_toe_frontend/node_modules/@babel/parser/lib/index.js:6835:17)
    at FlowParserMixin.jsxParseElementAt (/tmp/kavia/workspace/code-generation/tictactoeweb-620896-aa8990a6/tic_tac_toe_frontend/node_modules/@babel/parser/lib/index.js:6859:33)
    at FlowParserMixin.jsxParseElement (/tmp/kavia/workspace/code-generation/tictactoeweb-620896-aa8990a6/tic_tac_toe_frontend/node_modules/@babel/parser/lib/index.js:6922:17)
    at FlowParserMixin.parseExprAtom (/tmp/kavia/workspace/code-generation/tictactoeweb-620896-aa8990a6/tic_tac_toe_frontend/node_modules/@babel/parser/lib/index.js:6932:19)
    at FlowParserMixin.parseExprSubscripts (/tmp/kavia/workspace/code-generation/tictactoeweb-620896-aa8990a6/tic_tac_toe_frontend/node_modules/@babel/parser/lib/index.js:10758:23)
    at FlowParserMixin.parseUpdate (/tmp/kavia/workspace/code-generation/tictactoeweb-620896-aa8990a6/tic_tac_toe_frontend/node_modules/@babel/parser/lib/index.js:10743:21)
    at FlowParserMixin.parseMaybeUnary (/tmp/kavia/workspace/code-generation/tictactoeweb-620896-aa8990a6/tic_tac_toe_frontend/node_modules/@babel/parser/lib/index.js:10723:23)
    at FlowParserMixin.parseMaybeUnaryOrPrivate (/tmp/kavia/workspace/code-generation/tictactoeweb-620896-aa8990a6/tic_tac_toe_frontend/node_modules/@babel/parser/lib/index.js:10576:61)
    at FlowParserMixin.parseExprOps (/tmp/kavia/workspace/code-generation/tictactoeweb-620896-aa8990a6/tic_tac_toe_frontend/node_modules/@babel/parser/lib/index.js:10581:23)

ERROR in [eslint] 
src/App.js
  Line 116:  Parsing error: Unexpected token, expected ":" (116:0)

webpack compiled with 2 errors
Compiling...
Failed to compile.

[eslint] 
src/App.js
Syntax error: Unexpected reserved word 'await'. (32:18) (32:18)
ERROR in ./src/App.js
Module build failed (from ./node_modules/babel-loader/lib/index.js):
SyntaxError: /tmp/kavia/workspace/code-generation/tictactoeweb-620896-aa8990a6/tic_tac_toe_frontend/src/App.js: Unexpected reserved word 'await'. (32:18)

  30 |     try {
  31 |       // POST to backend's "start game" endpoint
> 32 |       const res = await fetch(`${API_BASE_URL}/start`, { method: "POST" });
     |                   ^
  33 |       const data = await res.json();
  34 |       setGameId(data.game_id || data.id || null);
  35 |       setBoard(data.board || Array(9).fill(""));
    at constructor (/tmp/kavia/workspace/code-generation/tictactoeweb-620896-aa8990a6/tic_tac_toe_frontend/node_modules/@babel/parser/lib/index.js:360:19)
    at FlowParserMixin.raise (/tmp/kavia/workspace/code-generation/tictactoeweb-620896-aa8990a6/tic_tac_toe_frontend/node_modules/@babel/parser/lib/index.js:3327:19)
    at FlowParserMixin.checkReservedWord (/tmp/kavia/workspace/code-generation/tictactoeweb-620896-aa8990a6/tic_tac_toe_frontend/node_modules/@babel/parser/lib/index.js:11909:12)
    at FlowParserMixin.parseIdentifierName (/tmp/kavia/workspace/code-generation/tictactoeweb-620896-aa8990a6/tic_tac_toe_frontend/node_modules/@babel/parser/lib/index.js:11889:12)
    at FlowParserMixin.parseIdentifier (/tmp/kavia/workspace/code-generation/tictactoeweb-620896-aa8990a6/tic_tac_toe_frontend/node_modules/@babel/parser/lib/index.js:11864:23)
    at FlowParserMixin.parseExprAtom (/tmp/kavia/workspace/code-generation/tictactoeweb-620896-aa8990a6/tic_tac_toe_frontend/node_modules/@babel/parser/lib/index.js:11100:27)
    at FlowParserMixin.parseExprAtom (/tmp/kavia/workspace/code-generation/tictactoeweb-620896-aa8990a6/tic_tac_toe_frontend/node_modules/@babel/parser/lib/index.js:6937:20)
    at FlowParserMixin.parseExprSubscripts (/tmp/kavia/workspace/code-generation/tictactoeweb-620896-aa8990a6/tic_tac_toe_frontend/node_modules/@babel/parser/lib/index.js:10758:23)
    at FlowParserMixin.parseUpdate (/tmp/kavia/workspace/code-generation/tictactoeweb-620896-aa8990a6/tic_tac_toe_frontend/node_modules/@babel/parser/lib/index.js:10743:21)
    at FlowParserMixin.parseMaybeUnary (/tmp/kavia/workspace/code-generation/tictactoeweb-620896-aa8990a6/tic_tac_toe_frontend/node_modules/@babel/parser/lib/index.js:10723:23)
    at FlowParserMixin.parseMaybeUnaryOrPrivate (/tmp/kavia/workspace/code-generation/tictactoeweb-620896-aa8990a6/tic_tac_toe_frontend/node_modules/@babel/parser/lib/index.js:10576:61)
    at FlowParserMixin.parseExprOps (/tmp/kavia/workspace/code-generation/tictactoeweb-620896-aa8990a6/tic_tac_toe_frontend/node_modules/@babel/parser/lib/index.js:10581:23)
    at FlowParserMixin.parseMaybeConditional (/tmp/kavia/workspace/code-generation/tictactoeweb-620896-aa8990a6/tic_tac_toe_frontend/node_modules/@babel/parser/lib/index.js:10558:23)
    at FlowParserMixin.parseMaybeAssign (/tmp/kavia/workspace/code-generation/tictactoeweb-620896-aa8990a6/tic_tac_toe_frontend/node_modules/@babel/parser/lib/index.js:10521:21)
    at FlowParserMixin.parseMaybeAssign (/tmp/kavia/workspace/code-generation/tictactoeweb-620896-aa8990a6/tic_tac_toe_frontend/node_modules/@babel/parser/lib/index.js:5773:18)
    at /tmp/kavia/workspace/code-generation/tictactoeweb-620896-aa8990a6/tic_tac_toe_frontend/node_modules/@babel/parser/lib/index.js:10491:39
    at FlowParserMixin.allowInAnd (/tmp/kavia/workspace/code-generation/tictactoeweb-620896-aa8990a6/tic_tac_toe_frontend/node_modules/@babel/parser/lib/index.js:12095:16)
    at FlowParserMixin.parseMaybeAssignAllowIn (/tmp/kavia/workspace/code-generation/tictactoeweb-620896-aa8990a6/tic_tac_toe_frontend/node_modules/@babel/parser/lib/index.js:10491:17)
    at FlowParserMixin.parseVar (/tmp/kavia/workspace/code-generation/tictactoeweb-620896-aa8990a6/tic_tac_toe_frontend/node_modules/@babel/parser/lib/index.js:13028:91)
    at FlowParserMixin.parseVarStatement (/tmp/kavia/workspace/code-generation/tictactoeweb-620896-aa8990a6/tic_tac_toe_frontend/node_modules/@babel/parser/lib/index.js:12874:10)
    at FlowParserMixin.parseStatementContent (/tmp/kavia/workspace/code-generation/tictactoeweb-620896-aa8990a6/tic_tac_toe_frontend/node_modules/@babel/parser/lib/index.js:12489:23)
    at FlowParserMixin.parseStatementLike (/tmp/kavia/workspace/code-generation/tictactoeweb-620896-aa8990a6/tic_tac_toe_frontend/node_modules/@babel/parser/lib/index.js:12406:17)
    at FlowParserMixin.parseStatementLike (/tmp/kavia/workspace/code-generation/tictactoeweb-620896-aa8990a6/tic_tac_toe_frontend/node_modules/@babel/parser/lib/index.js:5140:24)
    at FlowParserMixin.parseStatementListItem (/tmp/kavia/workspace/code-generation/tictactoeweb-620896-aa8990a6/tic_tac_toe_frontend/node_modules/@babel/parser/lib/index.js:12386:17)
    at FlowParserMixin.parseBlockOrModuleBlockBody (/tmp/kavia/workspace/code-generation/tictactoeweb-620896-aa8990a6/tic_tac_toe_frontend/node_modules/@babel/parser/lib/index.js:12960:61)
    at FlowParserMixin.parseBlockBody (/tmp/kavia/workspace/code-generation/tictactoeweb-620896-aa8990a6/tic_tac_toe_frontend/node_modules/@babel/parser/lib/index.js:12953:10)
    at FlowParserMixin.parseBlock (/tmp/kavia/workspace/code-generation/tictactoeweb-620896-aa8990a6/tic_tac_toe_frontend/node_modules/@babel/parser/lib/index.js:12941:10)
    at FlowParserMixin.parseTryStatement (/tmp/kavia/workspace/code-generation/tictactoeweb-620896-aa8990a6/tic_tac_toe_frontend/node_modules/@babel/parser/lib/index.js:12849:23)
    at FlowParserMixin.parseStatementContent (/tmp/kavia/workspace/code-generation/tictactoeweb-620896-aa8990a6/tic_tac_toe_frontend/node_modules/@babel/parser/lib/index.js:12443:21)
    at FlowParserMixin.parseStatementLike (/tmp/kavia/workspace/code-generation/tictactoeweb-620896-aa8990a6/tic_tac_toe_frontend/node_modules/@babel/parser/lib/index.js:12406:17)
    at FlowParserMixin.parseStatementLike (/tmp/kavia/workspace/code-generation/tictactoeweb-620896-aa8990a6/tic_tac_toe_frontend/node_modules/@babel/parser/lib/index.js:5140:24)
    at FlowParserMixin.parseStatementListItem (/tmp/kavia/workspace/code-generation/tictactoeweb-620896-aa8990a6/tic_tac_toe_frontend/node_modules/@babel/parser/lib/index.js:12386:17)
    at FlowParserMixin.parseBlockOrModuleBlockBody (/tmp/kavia/workspace/code-generation/tictactoeweb-620896-aa8990a6/tic_tac_toe_frontend/node_modules/@babel/parser/lib/index.js:12960:61)
    at FlowParserMixin.parseBlockBody (/tmp/kavia/workspace/code-generation/tictactoeweb-620896-aa8990a6/tic_tac_toe_frontend/node_modules/@babel/parser/lib/index.js:12953:10)
    at FlowParserMixin.parseBlock (/tmp/kavia/workspace/code-generation/tictactoeweb-620896-aa8990a6/tic_tac_toe_frontend/node_modules/@babel/parser/lib/index.js:12941:10)
    at FlowParserMixin.parseFunctionBody (/tmp/kavia/workspace/code-generation/tictactoeweb-620896-aa8990a6/tic_tac_toe_frontend/node_modules/@babel/parser/lib/index.js:11783:24)
    at FlowParserMixin.parseFunctionBody (/tmp/kavia/workspace/code-generation/tictactoeweb-620896-aa8990a6/tic_tac_toe_frontend/node_modules/@babel/parser/lib/index.js:5117:11)
    at FlowParserMixin.parseFunctionBodyAndFinish (/tmp/kavia/workspace/code-generation/tictactoeweb-620896-aa8990a6/tic_tac_toe_frontend/node_modules/@babel/parser/lib/index.js:11769:10)
    at FlowParserMixin.parseFunctionBodyAndFinish (/tmp/kavia/workspace/code-generation/tictactoeweb-620896-aa8990a6/tic_tac_toe_frontend/node_modules/@babel/parser/lib/index.js:5125:18)
    at /tmp/kavia/workspace/code-generation/tictactoeweb-620896-aa8990a6/tic_tac_toe_frontend/node_modules/@babel/parser/lib/index.js:13085:12
    at FlowParserMixin.withSmartMixTopicForbiddingContext (/tmp/kavia/workspace/code-generation/tictactoeweb-620896-aa8990a6/tic_tac_toe_frontend/node_modules/@babel/parser/lib/index.js:12077:14)
    at FlowParserMixin.parseFunction (/tmp/kavia/workspace/code-generation/tictactoeweb-620896-aa8990a6/tic_tac_toe_frontend/node_modules/@babel/parser/lib/index.js:13084:10)
    at FlowParserMixin.parseFunctionStatement (/tmp/kavia/workspace/code-generation/tictactoeweb-620896-aa8990a6/tic_tac_toe_frontend/node_modules/@babel/parser/lib/index.js:12769:17)
    at FlowParserMixin.parseStatementContent (/tmp/kavia/workspace/code-generation/tictactoeweb-620896-aa8990a6/tic_tac_toe_frontend/node_modules/@babel/parser/lib/index.js:12430:21)
    at FlowParserMixin.parseStatementLike (/tmp/kavia/workspace/code-generation/tictactoeweb-620896-aa8990a6/tic_tac_toe_frontend/node_modules/@babel/parser/lib/index.js:12406:17)
    at FlowParserMixin.parseStatementLike (/tmp/kavia/workspace/code-generation/tictactoeweb-620896-aa8990a6/tic_tac_toe_frontend/node_modules/@babel/parser/lib/index.js:5140:24)
    at FlowParserMixin.parseModuleItem (/tmp/kavia/workspace/code-generation/tictactoeweb-620896-aa8990a6/tic_tac_toe_frontend/node_modules/@babel/parser/lib/index.js:12383:17)
    at FlowParserMixin.parseBlockOrModuleBlockBody (/tmp/kavia/workspace/code-generation/tictactoeweb-620896-aa8990a6/tic_tac_toe_frontend/node_modules/@babel/parser/lib/index.js:12960:36)
    at FlowParserMixin.parseBlockBody (/tmp/kavia/workspace/code-generation/tictactoeweb-620896-aa8990a6/tic_tac_toe_frontend/node_modules/@babel/parser/lib/index.js:12953:10)
    at FlowParserMixin.parseProgram (/tmp/kavia/workspace/code-generation/tictactoeweb-620896-aa8990a6/tic_tac_toe_frontend/node_modules/@babel/parser/lib/index.js:12280:10)

ERROR in [eslint] 
src/App.js
  Line 32:18:  Parsing error: Unexpected reserved word 'await'. (32:18)

webpack compiled with 2 errors
Compiling...
Failed to compile.

[eslint] 
src/App.js
Syntax error: Unexpected token (120:0) (120:undefined)
ERROR in ./src/App.js
Module build failed (from ./node_modules/babel-loader/lib/index.js):
SyntaxError: /tmp/kavia/workspace/code-generation/tictactoeweb-620896-aa8990a6/tic_tac_toe_frontend/src/App.js: Unexpected token (120:0)

  118 |         }}
  119 |         onClick={() => handleMove(i)}
> 120 |
      | ^
    at constructor (/tmp/kavia/workspace/code-generation/tictactoeweb-620896-aa8990a6/tic_tac_toe_frontend/node_modules/@babel/parser/lib/index.js:360:19)
    at FlowParserMixin.raise (/tmp/kavia/workspace/code-generation/tictactoeweb-620896-aa8990a6/tic_tac_toe_frontend/node_modules/@babel/parser/lib/index.js:3327:19)
    at FlowParserMixin.unexpected (/tmp/kavia/workspace/code-generation/tictactoeweb-620896-aa8990a6/tic_tac_toe_frontend/node_modules/@babel/parser/lib/index.js:3347:16)
    at FlowParserMixin.jsxParseIdentifier (/tmp/kavia/workspace/code-generation/tictactoeweb-620896-aa8990a6/tic_tac_toe_frontend/node_modules/@babel/parser/lib/index.js:6742:12)
    at FlowParserMixin.jsxParseNamespacedName (/tmp/kavia/workspace/code-generation/tictactoeweb-620896-aa8990a6/tic_tac_toe_frontend/node_modules/@babel/parser/lib/index.js:6749:23)
    at FlowParserMixin.jsxParseAttribute (/tmp/kavia/workspace/code-generation/tictactoeweb-620896-aa8990a6/tic_tac_toe_frontend/node_modules/@babel/parser/lib/index.js:6825:22)
    at FlowParserMixin.jsxParseOpeningElementAfterName (/tmp/kavia/workspace/code-generation/tictactoeweb-620896-aa8990a6/tic_tac_toe_frontend/node_modules/@babel/parser/lib/index.js:6840:28)
    at FlowParserMixin.jsxParseOpeningElementAfterName (/tmp/kavia/workspace/code-generation/tictactoeweb-620896-aa8990a6/tic_tac_toe_frontend/node_modules/@babel/parser/lib/index.js:6292:18)
    at FlowParserMixin.jsxParseOpeningElementAt (/tmp/kavia/workspace/code-generation/tictactoeweb-620896-aa8990a6/tic_tac_toe_frontend/node_modules/@babel/parser/lib/index.js:6835:17)
    at FlowParserMixin.jsxParseElementAt (/tmp/kavia/workspace/code-generation/tictactoeweb-620896-aa8990a6/tic_tac_toe_frontend/node_modules/@babel/parser/lib/index.js:6859:33)
    at FlowParserMixin.jsxParseElement (/tmp/kavia/workspace/code-generation/tictactoeweb-620896-aa8990a6/tic_tac_toe_frontend/node_modules/@babel/parser/lib/index.js:6922:17)
    at FlowParserMixin.parseExprAtom (/tmp/kavia/workspace/code-generation/tictactoeweb-620896-aa8990a6/tic_tac_toe_frontend/node_modules/@babel/parser/lib/index.js:6932:19)
    at FlowParserMixin.parseExprSubscripts (/tmp/kavia/workspace/code-generation/tictactoeweb-620896-aa8990a6/tic_tac_toe_frontend/node_modules/@babel/parser/lib/index.js:10758:23)
    at FlowParserMixin.parseUpdate (/tmp/kavia/workspace/code-generation/tictactoeweb-620896-aa8990a6/tic_tac_toe_frontend/node_modules/@babel/parser/lib/index.js:10743:21)
    at FlowParserMixin.parseMaybeUnary (/tmp/kavia/workspace/code-generation/tictactoeweb-620896-aa8990a6/tic_tac_toe_frontend/node_modules/@babel/parser/lib/index.js:10723:23)
    at FlowParserMixin.parseMaybeUnaryOrPrivate (/tmp/kavia/workspace/code-generation/tictactoeweb-620896-aa8990a6/tic_tac_toe_frontend/node_modules/@babel/parser/lib/index.js:10576:61)
    at FlowParserMixin.parseExprOps (/tmp/kavia/workspace/code-generation/tictactoeweb-620896-aa8990a6/tic_tac_toe_frontend/node_modules/@babel/parser/lib/index.js:10581:23)
    at FlowParserMixin.parseMaybeConditional (/tmp/kavia/workspace/code-generation/tictactoeweb-620896-aa8990a6/tic_tac_toe_frontend/node_modules/@babel/parser/lib/index.js:10558:23)
    at FlowParserMixin.parseMaybeAssign (/tmp/kavia/workspace/code-generation/tictactoeweb-620896-aa8990a6/tic_tac_toe_frontend/node_modules/@babel/parser/lib/index.js:10521:21)
    at /tmp/kavia/workspace/code-generation/tictactoeweb-620896-aa8990a6/tic_tac_toe_frontend/node_modules/@babel/parser/lib/index.js:5722:39
    at FlowParserMixin.tryParse (/tmp/kavia/workspace/code-generation/tictactoeweb-620896-aa8990a6/tic_tac_toe_frontend/node_modules/@babel/parser/lib/index.js:3665:20)
    at FlowParserMixin.parseMaybeAssign (/tmp/kavia/workspace/code-generation/tictactoeweb-620896-aa8990a6/tic_tac_toe_frontend/node_modules/@babel/parser/lib/index.js:5722:18)
    at /tmp/kavia/workspace/code-generation/tictactoeweb-620896-aa8990a6/tic_tac_toe_frontend/node_modules/@babel/parser/lib/index.js:10491:39
    at FlowParserMixin.allowInAnd (/tmp/kavia/workspace/code-generation/tictactoeweb-620896-aa8990a6/tic_tac_toe_frontend/node_modules/@babel/parser/lib/index.js:12100:12)
    at FlowParserMixin.parseMaybeAssignAllowIn (/tmp/kavia/workspace/code-generation/tictactoeweb-620896-aa8990a6/tic_tac_toe_frontend/node_modules/@babel/parser/lib/index.js:10491:17)
    at FlowParserMixin.parseParenAndDistinguishExpression (/tmp/kavia/workspace/code-generation/tictactoeweb-620896-aa8990a6/tic_tac_toe_frontend/node_modules/@babel/parser/lib/index.js:11359:28)
    at FlowParserMixin.parseParenAndDistinguishExpression (/tmp/kavia/workspace/code-generation/tictactoeweb-620896-aa8990a6/tic_tac_toe_frontend/node_modules/@babel/parser/lib/index.js:5815:18)
    at FlowParserMixin.parseExprAtom (/tmp/kavia/workspace/code-generation/tictactoeweb-620896-aa8990a6/tic_tac_toe_frontend/node_modules/@babel/parser/lib/index.js:11006:23)
    at FlowParserMixin.parseExprAtom (/tmp/kavia/workspace/code-generation/tictactoeweb-620896-aa8990a6/tic_tac_toe_frontend/node_modules/@babel/parser/lib/index.js:6937:20)
    at FlowParserMixin.parseExprSubscripts (/tmp/kavia/workspace/code-generation/tictactoeweb-620896-aa8990a6/tic_tac_toe_frontend/node_modules/@babel/parser/lib/index.js:10758:23)
    at FlowParserMixin.parseUpdate (/tmp/kavia/workspace/code-generation/tictactoeweb-620896-aa8990a6/tic_tac_toe_frontend/node_modules/@babel/parser/lib/index.js:10743:21)
    at FlowParserMixin.parseMaybeUnary (/tmp/kavia/workspace/code-generation/tictactoeweb-620896-aa8990a6/tic_tac_toe_frontend/node_modules/@babel/parser/lib/index.js:10723:23)
    at FlowParserMixin.parseMaybeUnaryOrPrivate (/tmp/kavia/workspace/code-generation/tictactoeweb-620896-aa8990a6/tic_tac_toe_frontend/node_modules/@babel/parser/lib/index.js:10576:61)
    at FlowParserMixin.parseExprOps (/tmp/kavia/workspace/code-generation/tictactoeweb-620896-aa8990a6/tic_tac_toe_frontend/node_modules/@babel/parser/lib/index.js:10581:23)
    at FlowParserMixin.parseMaybeConditional (/tmp/kavia/workspace/code-generation/tictactoeweb-620896-aa8990a6/tic_tac_toe_frontend/node_modules/@babel/parser/lib/index.js:10558:23)
    at FlowParserMixin.parseMaybeAssign (/tmp/kavia/workspace/code-generation/tictactoeweb-620896-aa8990a6/tic_tac_toe_frontend/node_modules/@babel/parser/lib/index.js:10521:21)
    at FlowParserMixin.parseMaybeAssign (/tmp/kavia/workspace/code-generation/tictactoeweb-620896-aa8990a6/tic_tac_toe_frontend/node_modules/@babel/parser/lib/index.js:5773:18)
    at FlowParserMixin.parseFunctionBody (/tmp/kavia/workspace/code-generation/tictactoeweb-620896-aa8990a6/tic_tac_toe_frontend/node_modules/@babel/parser/lib/index.js:11776:24)
    at /tmp/kavia/workspace/code-generation/tictactoeweb-620896-aa8990a6/tic_tac_toe_frontend/node_modules/@babel/parser/lib/index.js:5114:63
    at FlowParserMixin.forwardNoArrowParamsConversionAt (/tmp/kavia/workspace/code-generation/tictactoeweb-620896-aa8990a6/tic_tac_toe_frontend/node_modules/@babel/parser/lib/index.js:5290:16)
    at FlowParserMixin.parseFunctionBody (/tmp/kavia/workspace/code-generation/tictactoeweb-620896-aa8990a6/tic_tac_toe_frontend/node_modules/@babel/parser/lib/index.js:5114:12)
    at FlowParserMixin.parseArrowExpression (/tmp/kavia/workspace/code-generation/tictactoeweb-620896-aa8990a6/tic_tac_toe_frontend/node_modules/@babel/parser/lib/index.js:11758:10)
    at FlowParserMixin.parseParenAndDistinguishExpression (/tmp/kavia/workspace/code-generation/tictactoeweb-620896-aa8990a6/tic_tac_toe_frontend/node_modules/@babel/parser/lib/index.js:11371:12)
    at FlowParserMixin.parseParenAndDistinguishExpression (/tmp/kavia/workspace/code-generation/tictactoeweb-620896-aa8990a6/tic_tac_toe_frontend/node_modules/@babel/parser/lib/index.js:5815:18)
    at FlowParserMixin.parseExprAtom (/tmp/kavia/workspace/code-generation/tictactoeweb-620896-aa8990a6/tic_tac_toe_frontend/node_modules/@babel/parser/lib/index.js:11006:23)
    at FlowParserMixin.parseExprAtom (/tmp/kavia/workspace/code-generation/tictactoeweb-620896-aa8990a6/tic_tac_toe_frontend/node_modules/@babel/parser/lib/index.js:6937:20)
    at FlowParserMixin.parseExprSubscripts (/tmp/kavia/workspace/code-generation/tictactoeweb-620896-aa8990a6/tic_tac_toe_frontend/node_modules/@babel/parser/lib/index.js:10758:23)
    at FlowParserMixin.parseUpdate (/tmp/kavia/workspace/code-generation/tictactoeweb-620896-aa8990a6/tic_tac_toe_frontend/node_modules/@babel/parser/lib/index.js:10743:21)
    at FlowParserMixin.parseMaybeUnary (/tmp/kavia/workspace/code-generation/tictactoeweb-620896-aa8990a6/tic_tac_toe_frontend/node_modules/@babel/parser/lib/index.js:10723:23)
    at FlowParserMixin.parseMaybeUnaryOrPrivate (/tmp/kavia/workspace/code-generation/tictactoeweb-620896-aa8990a6/tic_tac_toe_frontend/node_modules/@babel/parser/lib/index.js:10576:61)

ERROR in [eslint] 
src/App.js
  Line 120:  Parsing error: Unexpected token (120:0)

webpack compiled with 2 errors
Compiling...
Failed to compile.

[eslint] 
src/App.js
Syntax error: Unexpected reserved word 'await'. (32:18) (32:18)
ERROR in ./src/App.js
Module build failed (from ./node_modules/babel-loader/lib/index.js):
SyntaxError: /tmp/kavia/workspace/code-generation/tictactoeweb-620896-aa8990a6/tic_tac_toe_frontend/src/App.js: Unexpected reserved word 'await'. (32:18)

  30 |     try {
  31 |       // POST to backend's "start game" endpoint
> 32 |       const res = await fetch(`${API_BASE_URL}/start`, { method: "POST" });
     |                   ^
  33 |       const data = await res.json();
  34 |       setGameId(data.game_id || data.id || null);
  35 |       setBoard(data.board || Array(9).fill(""));
    at constructor (/tmp/kavia/workspace/code-generation/tictactoeweb-620896-aa8990a6/tic_tac_toe_frontend/node_modules/@babel/parser/lib/index.js:360:19)
    at FlowParserMixin.raise (/tmp/kavia/workspace/code-generation/tictactoeweb-620896-aa8990a6/tic_tac_toe_frontend/node_modules/@babel/parser/lib/index.js:3327:19)
    at FlowParserMixin.checkReservedWord (/tmp/kavia/workspace/code-generation/tictactoeweb-620896-aa8990a6/tic_tac_toe_frontend/node_modules/@babel/parser/lib/index.js:11909:12)
    at FlowParserMixin.parseIdentifierName (/tmp/kavia/workspace/code-generation/tictactoeweb-620896-aa8990a6/tic_tac_toe_frontend/node_modules/@babel/parser/lib/index.js:11889:12)
    at FlowParserMixin.parseIdentifier (/tmp/kavia/workspace/code-generation/tictactoeweb-620896-aa8990a6/tic_tac_toe_frontend/node_modules/@babel/parser/lib/index.js:11864:23)
    at FlowParserMixin.parseExprAtom (/tmp/kavia/workspace/code-generation/tictactoeweb-620896-aa8990a6/tic_tac_toe_frontend/node_modules/@babel/parser/lib/index.js:11100:27)
    at FlowParserMixin.parseExprAtom (/tmp/kavia/workspace/code-generation/tictactoeweb-620896-aa8990a6/tic_tac_toe_frontend/node_modules/@babel/parser/lib/index.js:6937:20)
    at FlowParserMixin.parseExprSubscripts (/tmp/kavia/workspace/code-generation/tictactoeweb-620896-aa8990a6/tic_tac_toe_frontend/node_modules/@babel/parser/lib/index.js:10758:23)
    at FlowParserMixin.parseUpdate (/tmp/kavia/workspace/code-generation/tictactoeweb-620896-aa8990a6/tic_tac_toe_frontend/node_modules/@babel/parser/lib/index.js:10743:21)
    at FlowParserMixin.parseMaybeUnary (/tmp/kavia/workspace/code-generation/tictactoeweb-620896-aa8990a6/tic_tac_toe_frontend/node_modules/@babel/parser/lib/index.js:10723:23)
    at FlowParserMixin.parseMaybeUnaryOrPrivate (/tmp/kavia/workspace/code-generation/tictactoeweb-620896-aa8990a6/tic_tac_toe_frontend/node_modules/@babel/parser/lib/index.js:10576:61)
    at FlowParserMixin.parseExprOps (/tmp/kavia/workspace/code-generation/tictactoeweb-620896-aa8990a6/tic_tac_toe_frontend/node_modules/@babel/parser/lib/index.js:10581:23)
    at FlowParserMixin.parseMaybeConditional (/tmp/kavia/workspace/code-generation/tictactoeweb-620896-aa8990a6/tic_tac_toe_frontend/node_modules/@babel/parser/lib/index.js:10558:23)
    at FlowParserMixin.parseMaybeAssign (/tmp/kavia/workspace/code-generation/tictactoeweb-620896-aa8990a6/tic_tac_toe_frontend/node_modules/@babel/parser/lib/index.js:10521:21)
    at FlowParserMixin.parseMaybeAssign (/tmp/kavia/workspace/code-generation/tictactoeweb-620896-aa8990a6/tic_tac_toe_frontend/node_modules/@babel/parser/lib/index.js:5773:18)
    at /tmp/kavia/workspace/code-generation/tictactoeweb-620896-aa8990a6/tic_tac_toe_frontend/node_modules/@babel/parser/lib/index.js:10491:39
    at FlowParserMixin.allowInAnd (/tmp/kavia/workspace/code-generation/tictactoeweb-620896-aa8990a6/tic_tac_toe_frontend/node_modules/@babel/parser/lib/index.js:12095:16)
    at FlowParserMixin.parseMaybeAssignAllowIn (/tmp/kavia/workspace/code-generation/tictactoeweb-620896-aa8990a6/tic_tac_toe_frontend/node_modules/@babel/parser/lib/index.js:10491:17)
    at FlowParserMixin.parseVar (/tmp/kavia/workspace/code-generation/tictactoeweb-620896-aa8990a6/tic_tac_toe_frontend/node_modules/@babel/parser/lib/index.js:13028:91)
    at FlowParserMixin.parseVarStatement (/tmp/kavia/workspace/code-generation/tictactoeweb-620896-aa8990a6/tic_tac_toe_frontend/node_modules/@babel/parser/lib/index.js:12874:10)
    at FlowParserMixin.parseStatementContent (/tmp/kavia/workspace/code-generation/tictactoeweb-620896-aa8990a6/tic_tac_toe_frontend/node_modules/@babel/parser/lib/index.js:12489:23)
    at FlowParserMixin.parseStatementLike (/tmp/kavia/workspace/code-generation/tictactoeweb-620896-aa8990a6/tic_tac_toe_frontend/node_modules/@babel/parser/lib/index.js:12406:17)
    at FlowParserMixin.parseStatementLike (/tmp/kavia/workspace/code-generation/tictactoeweb-620896-aa8990a6/tic_tac_toe_frontend/node_modules/@babel/parser/lib/index.js:5140:24)
    at FlowParserMixin.parseStatementListItem (/tmp/kavia/workspace/code-generation/tictactoeweb-620896-aa8990a6/tic_tac_toe_frontend/node_modules/@babel/parser/lib/index.js:12386:17)
    at FlowParserMixin.parseBlockOrModuleBlockBody (/tmp/kavia/workspace/code-generation/tictactoeweb-620896-aa8990a6/tic_tac_toe_frontend/node_modules/@babel/parser/lib/index.js:12960:61)
    at FlowParserMixin.parseBlockBody (/tmp/kavia/workspace/code-generation/tictactoeweb-620896-aa8990a6/tic_tac_toe_frontend/node_modules/@babel/parser/lib/index.js:12953:10)
    at FlowParserMixin.parseBlock (/tmp/kavia/workspace/code-generation/tictactoeweb-620896-aa8990a6/tic_tac_toe_frontend/node_modules/@babel/parser/lib/index.js:12941:10)
    at FlowParserMixin.parseTryStatement (/tmp/kavia/workspace/code-generation/tictactoeweb-620896-aa8990a6/tic_tac_toe_frontend/node_modules/@babel/parser/lib/index.js:12849:23)
    at FlowParserMixin.parseStatementContent (/tmp/kavia/workspace/code-generation/tictactoeweb-620896-aa8990a6/tic_tac_toe_frontend/node_modules/@babel/parser/lib/index.js:12443:21)
    at FlowParserMixin.parseStatementLike (/tmp/kavia/workspace/code-generation/tictactoeweb-620896-aa8990a6/tic_tac_toe_frontend/node_modules/@babel/parser/lib/index.js:12406:17)
    at FlowParserMixin.parseStatementLike (/tmp/kavia/workspace/code-generation/tictactoeweb-620896-aa8990a6/tic_tac_toe_frontend/node_modules/@babel/parser/lib/index.js:5140:24)
    at FlowParserMixin.parseStatementListItem (/tmp/kavia/workspace/code-generation/tictactoeweb-620896-aa8990a6/tic_tac_toe_frontend/node_modules/@babel/parser/lib/index.js:12386:17)
    at FlowParserMixin.parseBlockOrModuleBlockBody (/tmp/kavia/workspace/code-generation/tictactoeweb-620896-aa8990a6/tic_tac_toe_frontend/node_modules/@babel/parser/lib/index.js:12960:61)
    at FlowParserMixin.parseBlockBody (/tmp/kavia/workspace/code-generation/tictactoeweb-620896-aa8990a6/tic_tac_toe_frontend/node_modules/@babel/parser/lib/index.js:12953:10)
    at FlowParserMixin.parseBlock (/tmp/kavia/workspace/code-generation/tictactoeweb-620896-aa8990a6/tic_tac_toe_frontend/node_modules/@babel/parser/lib/index.js:12941:10)
    at FlowParserMixin.parseFunctionBody (/tmp/kavia/workspace/code-generation/tictactoeweb-620896-aa8990a6/tic_tac_toe_frontend/node_modules/@babel/parser/lib/index.js:11783:24)
    at FlowParserMixin.parseFunctionBody (/tmp/kavia/workspace/code-generation/tictactoeweb-620896-aa8990a6/tic_tac_toe_frontend/node_modules/@babel/parser/lib/index.js:5117:11)
    at FlowParserMixin.parseFunctionBodyAndFinish (/tmp/kavia/workspace/code-generation/tictactoeweb-620896-aa8990a6/tic_tac_toe_frontend/node_modules/@babel/parser/lib/index.js:11769:10)
    at FlowParserMixin.parseFunctionBodyAndFinish (/tmp/kavia/workspace/code-generation/tictactoeweb-620896-aa8990a6/tic_tac_toe_frontend/node_modules/@babel/parser/lib/index.js:5125:18)
    at /tmp/kavia/workspace/code-generation/tictactoeweb-620896-aa8990a6/tic_tac_toe_frontend/node_modules/@babel/parser/lib/index.js:13085:12
    at FlowParserMixin.withSmartMixTopicForbiddingContext (/tmp/kavia/workspace/code-generation/tictactoeweb-620896-aa8990a6/tic_tac_toe_frontend/node_modules/@babel/parser/lib/index.js:12077:14)
    at FlowParserMixin.parseFunction (/tmp/kavia/workspace/code-generation/tictactoeweb-620896-aa8990a6/tic_tac_toe_frontend/node_modules/@babel/parser/lib/index.js:13084:10)
    at FlowParserMixin.parseFunctionStatement (/tmp/kavia/workspace/code-generation/tictactoeweb-620896-aa8990a6/tic_tac_toe_frontend/node_modules/@babel/parser/lib/index.js:12769:17)
    at FlowParserMixin.parseStatementContent (/tmp/kavia/workspace/code-generation/tictactoeweb-620896-aa8990a6/tic_tac_toe_frontend/node_modules/@babel/parser/lib/index.js:12430:21)
    at FlowParserMixin.parseStatementLike (/tmp/kavia/workspace/code-generation/tictactoeweb-620896-aa8990a6/tic_tac_toe_frontend/node_modules/@babel/parser/lib/index.js:12406:17)
    at FlowParserMixin.parseStatementLike (/tmp/kavia/workspace/code-generation/tictactoeweb-620896-aa8990a6/tic_tac_toe_frontend/node_modules/@babel/parser/lib/index.js:5140:24)
    at FlowParserMixin.parseModuleItem (/tmp/kavia/workspace/code-generation/tictactoeweb-620896-aa8990a6/tic_tac_toe_frontend/node_modules/@babel/parser/lib/index.js:12383:17)
    at FlowParserMixin.parseBlockOrModuleBlockBody (/tmp/kavia/workspace/code-generation/tictactoeweb-620896-aa8990a6/tic_tac_toe_frontend/node_modules/@babel/parser/lib/index.js:12960:36)
    at FlowParserMixin.parseBlockBody (/tmp/kavia/workspace/code-generation/tictactoeweb-620896-aa8990a6/tic_tac_toe_frontend/node_modules/@babel/parser/lib/index.js:12953:10)
    at FlowParserMixin.parseProgram (/tmp/kavia/workspace/code-generation/tictactoeweb-620896-aa8990a6/tic_tac_toe_frontend/node_modules/@babel/parser/lib/index.js:12280:10)

ERROR in [eslint] 
src/App.js
  Line 32:18:  Parsing error: Unexpected reserved word 'await'. (32:18)

webpack compiled with 2 errors
Compiling...
Failed to compile.

[eslint] 
src/App.js
Syntax error: Unexpected reserved word 'await'. (32:18) (32:18)
ERROR in ./src/App.js
Module build failed (from ./node_modules/babel-loader/lib/index.js):
SyntaxError: /tmp/kavia/workspace/code-generation/tictactoeweb-620896-aa8990a6/tic_tac_toe_frontend/src/App.js: Unexpected reserved word 'await'. (32:18)

  30 |     try {
  31 |       // POST to backend's "start game" endpoint
> 32 |       const res = await fetch(`${API_BASE_URL}/start`, { method: "POST" });
     |                   ^
  33 |       const data = await res.json();
  34 |       setGameId(data.game_id || data.id || null);
  35 |       setBoard(data.board || Array(9).fill(""));
    at constructor (/tmp/kavia/workspace/code-generation/tictactoeweb-620896-aa8990a6/tic_tac_toe_frontend/node_modules/@babel/parser/lib/index.js:360:19)
    at FlowParserMixin.raise (/tmp/kavia/workspace/code-generation/tictactoeweb-620896-aa8990a6/tic_tac_toe_frontend/node_modules/@babel/parser/lib/index.js:3327:19)
    at FlowParserMixin.checkReservedWord (/tmp/kavia/workspace/code-generation/tictactoeweb-620896-aa8990a6/tic_tac_toe_frontend/node_modules/@babel/parser/lib/index.js:11909:12)
    at FlowParserMixin.parseIdentifierName (/tmp/kavia/workspace/code-generation/tictactoeweb-620896-aa8990a6/tic_tac_toe_frontend/node_modules/@babel/parser/lib/index.js:11889:12)
    at FlowParserMixin.parseIdentifier (/tmp/kavia/workspace/code-generation/tictactoeweb-620896-aa8990a6/tic_tac_toe_frontend/node_modules/@babel/parser/lib/index.js:11864:23)
    at FlowParserMixin.parseExprAtom (/tmp/kavia/workspace/code-generation/tictactoeweb-620896-aa8990a6/tic_tac_toe_frontend/node_modules/@babel/parser/lib/index.js:11100:27)
    at FlowParserMixin.parseExprAtom (/tmp/kavia/workspace/code-generation/tictactoeweb-620896-aa8990a6/tic_tac_toe_frontend/node_modules/@babel/parser/lib/index.js:6937:20)
    at FlowParserMixin.parseExprSubscripts (/tmp/kavia/workspace/code-generation/tictactoeweb-620896-aa8990a6/tic_tac_toe_frontend/node_modules/@babel/parser/lib/index.js:10758:23)
    at FlowParserMixin.parseUpdate (/tmp/kavia/workspace/code-generation/tictactoeweb-620896-aa8990a6/tic_tac_toe_frontend/node_modules/@babel/parser/lib/index.js:10743:21)
    at FlowParserMixin.parseMaybeUnary (/tmp/kavia/workspace/code-generation/tictactoeweb-620896-aa8990a6/tic_tac_toe_frontend/node_modules/@babel/parser/lib/index.js:10723:23)
    at FlowParserMixin.parseMaybeUnaryOrPrivate (/tmp/kavia/workspace/code-generation/tictactoeweb-620896-aa8990a6/tic_tac_toe_frontend/node_modules/@babel/parser/lib/index.js:10576:61)
    at FlowParserMixin.parseExprOps (/tmp/kavia/workspace/code-generation/tictactoeweb-620896-aa8990a6/tic_tac_toe_frontend/node_modules/@babel/parser/lib/index.js:10581:23)
    at FlowParserMixin.parseMaybeConditional (/tmp/kavia/workspace/code-generation/tictactoeweb-620896-aa8990a6/tic_tac_toe_frontend/node_modules/@babel/parser/lib/index.js:10558:23)
    at FlowParserMixin.parseMaybeAssign (/tmp/kavia/workspace/code-generation/tictactoeweb-620896-aa8990a6/tic_tac_toe_frontend/node_modules/@babel/parser/lib/index.js:10521:21)
    at FlowParserMixin.parseMaybeAssign (/tmp/kavia/workspace/code-generation/tictactoeweb-620896-aa8990a6/tic_tac_toe_frontend/node_modules/@babel/parser/lib/index.js:5773:18)
    at /tmp/kavia/workspace/code-generation/tictactoeweb-620896-aa8990a6/tic_tac_toe_frontend/node_modules/@babel/parser/lib/index.js:10491:39
    at FlowParserMixin.allowInAnd (/tmp/kavia/workspace/code-generation/tictactoeweb-620896-aa8990a6/tic_tac_toe_frontend/node_modules/@babel/parser/lib/index.js:12095:16)
    at FlowParserMixin.parseMaybeAssignAllowIn (/tmp/kavia/workspace/code-generation/tictactoeweb-620896-aa8990a6/tic_tac_toe_frontend/node_modules/@babel/parser/lib/index.js:10491:17)
    at FlowParserMixin.parseVar (/tmp/kavia/workspace/code-generation/tictactoeweb-620896-aa8990a6/tic_tac_toe_frontend/node_modules/@babel/parser/lib/index.js:13028:91)
    at FlowParserMixin.parseVarStatement (/tmp/kavia/workspace/code-generation/tictactoeweb-620896-aa8990a6/tic_tac_toe_frontend/node_modules/@babel/parser/lib/index.js:12874:10)
    at FlowParserMixin.parseStatementContent (/tmp/kavia/workspace/code-generation/tictactoeweb-620896-aa8990a6/tic_tac_toe_frontend/node_modules/@babel/parser/lib/index.js:12489:23)
    at FlowParserMixin.parseStatementLike (/tmp/kavia/workspace/code-generation/tictactoeweb-620896-aa8990a6/tic_tac_toe_frontend/node_modules/@babel/parser/lib/index.js:12406:17)
    at FlowParserMixin.parseStatementLike (/tmp/kavia/workspace/code-generation/tictactoeweb-620896-aa8990a6/tic_tac_toe_frontend/node_modules/@babel/parser/lib/index.js:5140:24)
    at FlowParserMixin.parseStatementListItem (/tmp/kavia/workspace/code-generation/tictactoeweb-620896-aa8990a6/tic_tac_toe_frontend/node_modules/@babel/parser/lib/index.js:12386:17)
    at FlowParserMixin.parseBlockOrModuleBlockBody (/tmp/kavia/workspace/code-generation/tictactoeweb-620896-aa8990a6/tic_tac_toe_frontend/node_modules/@babel/parser/lib/index.js:12960:61)
    at FlowParserMixin.parseBlockBody (/tmp/kavia/workspace/code-generation/tictactoeweb-620896-aa8990a6/tic_tac_toe_frontend/node_modules/@babel/parser/lib/index.js:12953:10)
    at FlowParserMixin.parseBlock (/tmp/kavia/workspace/code-generation/tictactoeweb-620896-aa8990a6/tic_tac_toe_frontend/node_modules/@babel/parser/lib/index.js:12941:10)
    at FlowParserMixin.parseTryStatement (/tmp/kavia/workspace/code-generation/tictactoeweb-620896-aa8990a6/tic_tac_toe_frontend/node_modules/@babel/parser/lib/index.js:12849:23)
    at FlowParserMixin.parseStatementContent (/tmp/kavia/workspace/code-generation/tictactoeweb-620896-aa8990a6/tic_tac_toe_frontend/node_modules/@babel/parser/lib/index.js:12443:21)
    at FlowParserMixin.parseStatementLike (/tmp/kavia/workspace/code-generation/tictactoeweb-620896-aa8990a6/tic_tac_toe_frontend/node_modules/@babel/parser/lib/index.js:12406:17)
    at FlowParserMixin.parseStatementLike (/tmp/kavia/workspace/code-generation/tictactoeweb-620896-aa8990a6/tic_tac_toe_frontend/node_modules/@babel/parser/lib/index.js:5140:24)
    at FlowParserMixin.parseStatementListItem (/tmp/kavia/workspace/code-generation/tictactoeweb-620896-aa8990a6/tic_tac_toe_frontend/node_modules/@babel/parser/lib/index.js:12386:17)
    at FlowParserMixin.parseBlockOrModuleBlockBody (/tmp/kavia/workspace/code-generation/tictactoeweb-620896-aa8990a6/tic_tac_toe_frontend/node_modules/@babel/parser/lib/index.js:12960:61)
    at FlowParserMixin.parseBlockBody (/tmp/kavia/workspace/code-generation/tictactoeweb-620896-aa8990a6/tic_tac_toe_frontend/node_modules/@babel/parser/lib/index.js:12953:10)
    at FlowParserMixin.parseBlock (/tmp/kavia/workspace/code-generation/tictactoeweb-620896-aa8990a6/tic_tac_toe_frontend/node_modules/@babel/parser/lib/index.js:12941:10)
    at FlowParserMixin.parseFunctionBody (/tmp/kavia/workspace/code-generation/tictactoeweb-620896-aa8990a6/tic_tac_toe_frontend/node_modules/@babel/parser/lib/index.js:11783:24)
    at FlowParserMixin.parseFunctionBody (/tmp/kavia/workspace/code-generation/tictactoeweb-620896-aa8990a6/tic_tac_toe_frontend/node_modules/@babel/parser/lib/index.js:5117:11)
    at FlowParserMixin.parseFunctionBodyAndFinish (/tmp/kavia/workspace/code-generation/tictactoeweb-620896-aa8990a6/tic_tac_toe_frontend/node_modules/@babel/parser/lib/index.js:11769:10)
    at FlowParserMixin.parseFunctionBodyAndFinish (/tmp/kavia/workspace/code-generation/tictactoeweb-620896-aa8990a6/tic_tac_toe_frontend/node_modules/@babel/parser/lib/index.js:5125:18)
    at /tmp/kavia/workspace/code-generation/tictactoeweb-620896-aa8990a6/tic_tac_toe_frontend/node_modules/@babel/parser/lib/index.js:13085:12
    at FlowParserMixin.withSmartMixTopicForbiddingContext (/tmp/kavia/workspace/code-generation/tictactoeweb-620896-aa8990a6/tic_tac_toe_frontend/node_modules/@babel/parser/lib/index.js:12077:14)
    at FlowParserMixin.parseFunction (/tmp/kavia/workspace/code-generation/tictactoeweb-620896-aa8990a6/tic_tac_toe_frontend/node_modules/@babel/parser/lib/index.js:13084:10)
    at FlowParserMixin.parseFunctionStatement (/tmp/kavia/workspace/code-generation/tictactoeweb-620896-aa8990a6/tic_tac_toe_frontend/node_modules/@babel/parser/lib/index.js:12769:17)
    at FlowParserMixin.parseStatementContent (/tmp/kavia/workspace/code-generation/tictactoeweb-620896-aa8990a6/tic_tac_toe_frontend/node_modules/@babel/parser/lib/index.js:12430:21)
    at FlowParserMixin.parseStatementLike (/tmp/kavia/workspace/code-generation/tictactoeweb-620896-aa8990a6/tic_tac_toe_frontend/node_modules/@babel/parser/lib/index.js:12406:17)
    at FlowParserMixin.parseStatementLike (/tmp/kavia/workspace/code-generation/tictactoeweb-620896-aa8990a6/tic_tac_toe_frontend/node_modules/@babel/parser/lib/index.js:5140:24)
    at FlowParserMixin.parseModuleItem (/tmp/kavia/workspace/code-generation/tictactoeweb-620896-aa8990a6/tic_tac_toe_frontend/node_modules/@babel/parser/lib/index.js:12383:17)
    at FlowParserMixin.parseBlockOrModuleBlockBody (/tmp/kavia/workspace/code-generation/tictactoeweb-620896-aa8990a6/tic_tac_toe_frontend/node_modules/@babel/parser/lib/index.js:12960:36)
    at FlowParserMixin.parseBlockBody (/tmp/kavia/workspace/code-generation/tictactoeweb-620896-aa8990a6/tic_tac_toe_frontend/node_modules/@babel/parser/lib/index.js:12953:10)
    at FlowParserMixin.parseProgram (/tmp/kavia/workspace/code-generation/tictactoeweb-620896-aa8990a6/tic_tac_toe_frontend/node_modules/@babel/parser/lib/index.js:12280:10)

ERROR in [eslint] 
src/App.js
  Line 32:18:  Parsing error: Unexpected reserved word 'await'. (32:18)

webpack compiled with 2 errors
Compiling...
Failed to compile.

SyntaxError: /tmp/kavia/workspace/code-generation/tictactoeweb-620896-aa8990a6/tic_tac_toe_frontend/src/App.js: Unexpected reserved word 'await'. (32:18)
  30 |     try {
  31 |       // POST to backend's "start game" endpoint
> 32 |       const res = await fetch(`${API_BASE_URL}/start`, { method: "POST" });
     |                   ^
  33 |       const data = await res.json();
  34 |       setGameId(data.game_id || data.id || null);
  35 |       setBoard(data.board || Array(9).fill(""));
ERROR in ./src/App.js
Module build failed (from ./node_modules/babel-loader/lib/index.js):
SyntaxError: /tmp/kavia/workspace/code-generation/tictactoeweb-620896-aa8990a6/tic_tac_toe_frontend/src/App.js: Unexpected reserved word 'await'. (32:18)

  30 |     try {
  31 |       // POST to backend's "start game" endpoint
> 32 |       const res = await fetch(`${API_BASE_URL}/start`, { method: "POST" });
     |                   ^
  33 |       const data = await res.json();
  34 |       setGameId(data.game_id || data.id || null);
  35 |       setBoard(data.board || Array(9).fill(""));
    at constructor (/tmp/kavia/workspace/code-generation/tictactoeweb-620896-aa8990a6/tic_tac_toe_frontend/node_modules/@babel/parser/lib/index.js:360:19)
    at FlowParserMixin.raise (/tmp/kavia/workspace/code-generation/tictactoeweb-620896-aa8990a6/tic_tac_toe_frontend/node_modules/@babel/parser/lib/index.js:3327:19)
    at FlowParserMixin.checkReservedWord (/tmp/kavia/workspace/code-generation/tictactoeweb-620896-aa8990a6/tic_tac_toe_frontend/node_modules/@babel/parser/lib/index.js:11909:12)
    at FlowParserMixin.parseIdentifierName (/tmp/kavia/workspace/code-generation/tictactoeweb-620896-aa8990a6/tic_tac_toe_frontend/node_modules/@babel/parser/lib/index.js:11889:12)
    at FlowParserMixin.parseIdentifier (/tmp/kavia/workspace/code-generation/tictactoeweb-620896-aa8990a6/tic_tac_toe_frontend/node_modules/@babel/parser/lib/index.js:11864:23)
    at FlowParserMixin.parseExprAtom (/tmp/kavia/workspace/code-generation/tictactoeweb-620896-aa8990a6/tic_tac_toe_frontend/node_modules/@babel/parser/lib/index.js:11100:27)
    at FlowParserMixin.parseExprAtom (/tmp/kavia/workspace/code-generation/tictactoeweb-620896-aa8990a6/tic_tac_toe_frontend/node_modules/@babel/parser/lib/index.js:6937:20)
    at FlowParserMixin.parseExprSubscripts (/tmp/kavia/workspace/code-generation/tictactoeweb-620896-aa8990a6/tic_tac_toe_frontend/node_modules/@babel/parser/lib/index.js:10758:23)
    at FlowParserMixin.parseUpdate (/tmp/kavia/workspace/code-generation/tictactoeweb-620896-aa8990a6/tic_tac_toe_frontend/node_modules/@babel/parser/lib/index.js:10743:21)
    at FlowParserMixin.parseMaybeUnary (/tmp/kavia/workspace/code-generation/tictactoeweb-620896-aa8990a6/tic_tac_toe_frontend/node_modules/@babel/parser/lib/index.js:10723:23)
    at FlowParserMixin.parseMaybeUnaryOrPrivate (/tmp/kavia/workspace/code-generation/tictactoeweb-620896-aa8990a6/tic_tac_toe_frontend/node_modules/@babel/parser/lib/index.js:10576:61)
    at FlowParserMixin.parseExprOps (/tmp/kavia/workspace/code-generation/tictactoeweb-620896-aa8990a6/tic_tac_toe_frontend/node_modules/@babel/parser/lib/index.js:10581:23)
    at FlowParserMixin.parseMaybeConditional (/tmp/kavia/workspace/code-generation/tictactoeweb-620896-aa8990a6/tic_tac_toe_frontend/node_modules/@babel/parser/lib/index.js:10558:23)
    at FlowParserMixin.parseMaybeAssign (/tmp/kavia/workspace/code-generation/tictactoeweb-620896-aa8990a6/tic_tac_toe_frontend/node_modules/@babel/parser/lib/index.js:10521:21)
    at FlowParserMixin.parseMaybeAssign (/tmp/kavia/workspace/code-generation/tictactoeweb-620896-aa8990a6/tic_tac_toe_frontend/node_modules/@babel/parser/lib/index.js:5773:18)
    at /tmp/kavia/workspace/code-generation/tictactoeweb-620896-aa8990a6/tic_tac_toe_frontend/node_modules/@babel/parser/lib/index.js:10491:39
    at FlowParserMixin.allowInAnd (/tmp/kavia/workspace/code-generation/tictactoeweb-620896-aa8990a6/tic_tac_toe_frontend/node_modules/@babel/parser/lib/index.js:12095:16)
    at FlowParserMixin.parseMaybeAssignAllowIn (/tmp/kavia/workspace/code-generation/tictactoeweb-620896-aa8990a6/tic_tac_toe_frontend/node_modules/@babel/parser/lib/index.js:10491:17)
    at FlowParserMixin.parseVar (/tmp/kavia/workspace/code-generation/tictactoeweb-620896-aa8990a6/tic_tac_toe_frontend/node_modules/@babel/parser/lib/index.js:13028:91)
    at FlowParserMixin.parseVarStatement (/tmp/kavia/workspace/code-generation/tictactoeweb-620896-aa8990a6/tic_tac_toe_frontend/node_modules/@babel/parser/lib/index.js:12874:10)
    at FlowParserMixin.parseStatementContent (/tmp/kavia/workspace/code-generation/tictactoeweb-620896-aa8990a6/tic_tac_toe_frontend/node_modules/@babel/parser/lib/index.js:12489:23)
    at FlowParserMixin.parseStatementLike (/tmp/kavia/workspace/code-generation/tictactoeweb-620896-aa8990a6/tic_tac_toe_frontend/node_modules/@babel/parser/lib/index.js:12406:17)
    at FlowParserMixin.parseStatementLike (/tmp/kavia/workspace/code-generation/tictactoeweb-620896-aa8990a6/tic_tac_toe_frontend/node_modules/@babel/parser/lib/index.js:5140:24)
    at FlowParserMixin.parseStatementListItem (/tmp/kavia/workspace/code-generation/tictactoeweb-620896-aa8990a6/tic_tac_toe_frontend/node_modules/@babel/parser/lib/index.js:12386:17)
    at FlowParserMixin.parseBlockOrModuleBlockBody (/tmp/kavia/workspace/code-generation/tictactoeweb-620896-aa8990a6/tic_tac_toe_frontend/node_modules/@babel/parser/lib/index.js:12960:61)
    at FlowParserMixin.parseBlockBody (/tmp/kavia/workspace/code-generation/tictactoeweb-620896-aa8990a6/tic_tac_toe_frontend/node_modules/@babel/parser/lib/index.js:12953:10)
    at FlowParserMixin.parseBlock (/tmp/kavia/workspace/code-generation/tictactoeweb-620896-aa8990a6/tic_tac_toe_frontend/node_modules/@babel/parser/lib/index.js:12941:10)
    at FlowParserMixin.parseTryStatement (/tmp/kavia/workspace/code-generation/tictactoeweb-620896-aa8990a6/tic_tac_toe_frontend/node_modules/@babel/parser/lib/index.js:12849:23)
    at FlowParserMixin.parseStatementContent (/tmp/kavia/workspace/code-generation/tictactoeweb-620896-aa8990a6/tic_tac_toe_frontend/node_modules/@babel/parser/lib/index.js:12443:21)
    at FlowParserMixin.parseStatementLike (/tmp/kavia/workspace/code-generation/tictactoeweb-620896-aa8990a6/tic_tac_toe_frontend/node_modules/@babel/parser/lib/index.js:12406:17)
    at FlowParserMixin.parseStatementLike (/tmp/kavia/workspace/code-generation/tictactoeweb-620896-aa8990a6/tic_tac_toe_frontend/node_modules/@babel/parser/lib/index.js:5140:24)
    at FlowParserMixin.parseStatementListItem (/tmp/kavia/workspace/code-generation/tictactoeweb-620896-aa8990a6/tic_tac_toe_frontend/node_modules/@babel/parser/lib/index.js:12386:17)
    at FlowParserMixin.parseBlockOrModuleBlockBody (/tmp/kavia/workspace/code-generation/tictactoeweb-620896-aa8990a6/tic_tac_toe_frontend/node_modules/@babel/parser/lib/index.js:12960:61)
    at FlowParserMixin.parseBlockBody (/tmp/kavia/workspace/code-generation/tictactoeweb-620896-aa8990a6/tic_tac_toe_frontend/node_modules/@babel/parser/lib/index.js:12953:10)
    at FlowParserMixin.parseBlock (/tmp/kavia/workspace/code-generation/tictactoeweb-620896-aa8990a6/tic_tac_toe_frontend/node_modules/@babel/parser/lib/index.js:12941:10)
    at FlowParserMixin.parseFunctionBody (/tmp/kavia/workspace/code-generation/tictactoeweb-620896-aa8990a6/tic_tac_toe_frontend/node_modules/@babel/parser/lib/index.js:11783:24)
    at FlowParserMixin.parseFunctionBody (/tmp/kavia/workspace/code-generation/tictactoeweb-620896-aa8990a6/tic_tac_toe_frontend/node_modules/@babel/parser/lib/index.js:5117:11)
    at FlowParserMixin.parseFunctionBodyAndFinish (/tmp/kavia/workspace/code-generation/tictactoeweb-620896-aa8990a6/tic_tac_toe_frontend/node_modules/@babel/parser/lib/index.js:11769:10)
    at FlowParserMixin.parseFunctionBodyAndFinish (/tmp/kavia/workspace/code-generation/tictactoeweb-620896-aa8990a6/tic_tac_toe_frontend/node_modules/@babel/parser/lib/index.js:5125:18)
    at /tmp/kavia/workspace/code-generation/tictactoeweb-620896-aa8990a6/tic_tac_toe_frontend/node_modules/@babel/parser/lib/index.js:13085:12
    at FlowParserMixin.withSmartMixTopicForbiddingContext (/tmp/kavia/workspace/code-generation/tictactoeweb-620896-aa8990a6/tic_tac_toe_frontend/node_modules/@babel/parser/lib/index.js:12077:14)
    at FlowParserMixin.parseFunction (/tmp/kavia/workspace/code-generation/tictactoeweb-620896-aa8990a6/tic_tac_toe_frontend/node_modules/@babel/parser/lib/index.js:13084:10)
    at FlowParserMixin.parseFunctionStatement (/tmp/kavia/workspace/code-generation/tictactoeweb-620896-aa8990a6/tic_tac_toe_frontend/node_modules/@babel/parser/lib/index.js:12769:17)
    at FlowParserMixin.parseStatementContent (/tmp/kavia/workspace/code-generation/tictactoeweb-620896-aa8990a6/tic_tac_toe_frontend/node_modules/@babel/parser/lib/index.js:12430:21)
    at FlowParserMixin.parseStatementLike (/tmp/kavia/workspace/code-generation/tictactoeweb-620896-aa8990a6/tic_tac_toe_frontend/node_modules/@babel/parser/lib/index.js:12406:17)
    at FlowParserMixin.parseStatementLike (/tmp/kavia/workspace/code-generation/tictactoeweb-620896-aa8990a6/tic_tac_toe_frontend/node_modules/@babel/parser/lib/index.js:5140:24)
    at FlowParserMixin.parseModuleItem (/tmp/kavia/workspace/code-generation/tictactoeweb-620896-aa8990a6/tic_tac_toe_frontend/node_modules/@babel/parser/lib/index.js:12383:17)
    at FlowParserMixin.parseBlockOrModuleBlockBody (/tmp/kavia/workspace/code-generation/tictactoeweb-620896-aa8990a6/tic_tac_toe_frontend/node_modules/@babel/parser/lib/index.js:12960:36)
    at FlowParserMixin.parseBlockBody (/tmp/kavia/workspace/code-generation/tictactoeweb-620896-aa8990a6/tic_tac_toe_frontend/node_modules/@babel/parser/lib/index.js:12953:10)
    at FlowParserMixin.parseProgram (/tmp/kavia/workspace/code-generation/tictactoeweb-620896-aa8990a6/tic_tac_toe_frontend/node_modules/@babel/parser/lib/index.js:12280:10)

webpack compiled with 1 error
Compiling...
Failed to compile.

[eslint] 
src/App.js
Syntax error: Unexpected token (131:0) (131:undefined)
ERROR in ./src/App.js
Module build failed (from ./node_modules/babel-loader/lib/index.js):
SyntaxError: /tmp/kavia/workspace/code-generation/tictactoeweb-620896-aa8990a6/tic_tac_toe_frontend/src/App.js: Unexpected token (131:0)

  129 |    * Handler for restart. Triggers new game.
  130 |    */
> 131 |
      | ^
    at constructor (/tmp/kavia/workspace/code-generation/tictactoeweb-620896-aa8990a6/tic_tac_toe_frontend/node_modules/@babel/parser/lib/index.js:360:19)
    at FlowParserMixin.raise (/tmp/kavia/workspace/code-generation/tictactoeweb-620896-aa8990a6/tic_tac_toe_frontend/node_modules/@babel/parser/lib/index.js:3327:19)
    at FlowParserMixin.unexpected (/tmp/kavia/workspace/code-generation/tictactoeweb-620896-aa8990a6/tic_tac_toe_frontend/node_modules/@babel/parser/lib/index.js:3347:16)
    at FlowParserMixin.parseExprAtom (/tmp/kavia/workspace/code-generation/tictactoeweb-620896-aa8990a6/tic_tac_toe_frontend/node_modules/@babel/parser/lib/index.js:11126:16)
    at FlowParserMixin.parseExprAtom (/tmp/kavia/workspace/code-generation/tictactoeweb-620896-aa8990a6/tic_tac_toe_frontend/node_modules/@babel/parser/lib/index.js:6937:20)
    at FlowParserMixin.parseExprSubscripts (/tmp/kavia/workspace/code-generation/tictactoeweb-620896-aa8990a6/tic_tac_toe_frontend/node_modules/@babel/parser/lib/index.js:10758:23)
    at FlowParserMixin.parseUpdate (/tmp/kavia/workspace/code-generation/tictactoeweb-620896-aa8990a6/tic_tac_toe_frontend/node_modules/@babel/parser/lib/index.js:10743:21)
    at FlowParserMixin.parseMaybeUnary (/tmp/kavia/workspace/code-generation/tictactoeweb-620896-aa8990a6/tic_tac_toe_frontend/node_modules/@babel/parser/lib/index.js:10723:23)
    at FlowParserMixin.parseMaybeUnaryOrPrivate (/tmp/kavia/workspace/code-generation/tictactoeweb-620896-aa8990a6/tic_tac_toe_frontend/node_modules/@babel/parser/lib/index.js:10576:61)
    at FlowParserMixin.parseExprOps (/tmp/kavia/workspace/code-generation/tictactoeweb-620896-aa8990a6/tic_tac_toe_frontend/node_modules/@babel/parser/lib/index.js:10581:23)
    at FlowParserMixin.parseMaybeConditional (/tmp/kavia/workspace/code-generation/tictactoeweb-620896-aa8990a6/tic_tac_toe_frontend/node_modules/@babel/parser/lib/index.js:10558:23)
    at FlowParserMixin.parseMaybeAssign (/tmp/kavia/workspace/code-generation/tictactoeweb-620896-aa8990a6/tic_tac_toe_frontend/node_modules/@babel/parser/lib/index.js:10521:21)
    at FlowParserMixin.parseMaybeAssign (/tmp/kavia/workspace/code-generation/tictactoeweb-620896-aa8990a6/tic_tac_toe_frontend/node_modules/@babel/parser/lib/index.js:5773:18)
    at FlowParserMixin.parseExpressionBase (/tmp/kavia/workspace/code-generation/tictactoeweb-620896-aa8990a6/tic_tac_toe_frontend/node_modules/@babel/parser/lib/index.js:10475:23)
    at /tmp/kavia/workspace/code-generation/tictactoeweb-620896-aa8990a6/tic_tac_toe_frontend/node_modules/@babel/parser/lib/index.js:10471:39
    at FlowParserMixin.allowInAnd (/tmp/kavia/workspace/code-generation/tictactoeweb-620896-aa8990a6/tic_tac_toe_frontend/node_modules/@babel/parser/lib/index.js:12095:16)
    at FlowParserMixin.parseExpression (/tmp/kavia/workspace/code-generation/tictactoeweb-620896-aa8990a6/tic_tac_toe_frontend/node_modules/@babel/parser/lib/index.js:10471:17)
    at FlowParserMixin.parseStatementContent (/tmp/kavia/workspace/code-generation/tictactoeweb-620896-aa8990a6/tic_tac_toe_frontend/node_modules/@babel/parser/lib/index.js:12539:23)
    at FlowParserMixin.parseStatementLike (/tmp/kavia/workspace/code-generation/tictactoeweb-620896-aa8990a6/tic_tac_toe_frontend/node_modules/@babel/parser/lib/index.js:12406:17)
    at FlowParserMixin.parseStatementLike (/tmp/kavia/workspace/code-generation/tictactoeweb-620896-aa8990a6/tic_tac_toe_frontend/node_modules/@babel/parser/lib/index.js:5140:24)
    at FlowParserMixin.parseStatementListItem (/tmp/kavia/workspace/code-generation/tictactoeweb-620896-aa8990a6/tic_tac_toe_frontend/node_modules/@babel/parser/lib/index.js:12386:17)
    at FlowParserMixin.parseBlockOrModuleBlockBody (/tmp/kavia/workspace/code-generation/tictactoeweb-620896-aa8990a6/tic_tac_toe_frontend/node_modules/@babel/parser/lib/index.js:12960:61)
    at FlowParserMixin.parseBlockBody (/tmp/kavia/workspace/code-generation/tictactoeweb-620896-aa8990a6/tic_tac_toe_frontend/node_modules/@babel/parser/lib/index.js:12953:10)
    at FlowParserMixin.parseBlock (/tmp/kavia/workspace/code-generation/tictactoeweb-620896-aa8990a6/tic_tac_toe_frontend/node_modules/@babel/parser/lib/index.js:12941:10)
    at FlowParserMixin.parseFunctionBody (/tmp/kavia/workspace/code-generation/tictactoeweb-620896-aa8990a6/tic_tac_toe_frontend/node_modules/@babel/parser/lib/index.js:11783:24)
    at FlowParserMixin.parseFunctionBody (/tmp/kavia/workspace/code-generation/tictactoeweb-620896-aa8990a6/tic_tac_toe_frontend/node_modules/@babel/parser/lib/index.js:5117:11)
    at FlowParserMixin.parseFunctionBodyAndFinish (/tmp/kavia/workspace/code-generation/tictactoeweb-620896-aa8990a6/tic_tac_toe_frontend/node_modules/@babel/parser/lib/index.js:11769:10)
    at FlowParserMixin.parseFunctionBodyAndFinish (/tmp/kavia/workspace/code-generation/tictactoeweb-620896-aa8990a6/tic_tac_toe_frontend/node_modules/@babel/parser/lib/index.js:5125:18)
    at /tmp/kavia/workspace/code-generation/tictactoeweb-620896-aa8990a6/tic_tac_toe_frontend/node_modules/@babel/parser/lib/index.js:13085:12
    at FlowParserMixin.withSmartMixTopicForbiddingContext (/tmp/kavia/workspace/code-generation/tictactoeweb-620896-aa8990a6/tic_tac_toe_frontend/node_modules/@babel/parser/lib/index.js:12077:14)
    at FlowParserMixin.parseFunction (/tmp/kavia/workspace/code-generation/tictactoeweb-620896-aa8990a6/tic_tac_toe_frontend/node_modules/@babel/parser/lib/index.js:13084:10)
    at FlowParserMixin.parseFunctionStatement (/tmp/kavia/workspace/code-generation/tictactoeweb-620896-aa8990a6/tic_tac_toe_frontend/node_modules/@babel/parser/lib/index.js:12769:17)
    at FlowParserMixin.parseStatementContent (/tmp/kavia/workspace/code-generation/tictactoeweb-620896-aa8990a6/tic_tac_toe_frontend/node_modules/@babel/parser/lib/index.js:12430:21)
    at FlowParserMixin.parseStatementLike (/tmp/kavia/workspace/code-generation/tictactoeweb-620896-aa8990a6/tic_tac_toe_frontend/node_modules/@babel/parser/lib/index.js:12406:17)
    at FlowParserMixin.parseStatementLike (/tmp/kavia/workspace/code-generation/tictactoeweb-620896-aa8990a6/tic_tac_toe_frontend/node_modules/@babel/parser/lib/index.js:5140:24)
    at FlowParserMixin.parseModuleItem (/tmp/kavia/workspace/code-generation/tictactoeweb-620896-aa8990a6/tic_tac_toe_frontend/node_modules/@babel/parser/lib/index.js:12383:17)
    at FlowParserMixin.parseBlockOrModuleBlockBody (/tmp/kavia/workspace/code-generation/tictactoeweb-620896-aa8990a6/tic_tac_toe_frontend/node_modules/@babel/parser/lib/index.js:12960:36)
    at FlowParserMixin.parseBlockBody (/tmp/kavia/workspace/code-generation/tictactoeweb-620896-aa8990a6/tic_tac_toe_frontend/node_modules/@babel/parser/lib/index.js:12953:10)
    at FlowParserMixin.parseProgram (/tmp/kavia/workspace/code-generation/tictactoeweb-620896-aa8990a6/tic_tac_toe_frontend/node_modules/@babel/parser/lib/index.js:12280:10)
    at FlowParserMixin.parseTopLevel (/tmp/kavia/workspace/code-generation/tictactoeweb-620896-aa8990a6/tic_tac_toe_frontend/node_modules/@babel/parser/lib/index.js:12270:25)
    at FlowParserMixin.parseTopLevel (/tmp/kavia/workspace/code-generation/tictactoeweb-620896-aa8990a6/tic_tac_toe_frontend/node_modules/@babel/parser/lib/index.js:5909:28)
    at FlowParserMixin.parse (/tmp/kavia/workspace/code-generation/tictactoeweb-620896-aa8990a6/tic_tac_toe_frontend/node_modules/@babel/parser/lib/index.js:14120:10)
    at parse (/tmp/kavia/workspace/code-generation/tictactoeweb-620896-aa8990a6/tic_tac_toe_frontend/node_modules/@babel/parser/lib/index.js:14154:38)
    at parser (/tmp/kavia/workspace/code-generation/tictactoeweb-620896-aa8990a6/tic_tac_toe_frontend/node_modules/@babel/core/lib/parser/index.js:41:34)
    at parser.next (<anonymous>)
    at normalizeFile (/tmp/kavia/workspace/code-generation/tictactoeweb-620896-aa8990a6/tic_tac_toe_frontend/node_modules/@babel/core/lib/transformation/normalize-file.js:64:37)
    at normalizeFile.next (<anonymous>)
    at run (/tmp/kavia/workspace/code-generation/tictactoeweb-620896-aa8990a6/tic_tac_toe_frontend/node_modules/@babel/core/lib/transformation/index.js:22:50)
    at run.next (<anonymous>)
    at transform (/tmp/kavia/workspace/code-generation/tictactoeweb-620896-aa8990a6/tic_tac_toe_frontend/node_modules/@babel/core/lib/transform.js:22:33)

ERROR in [eslint] 
src/App.js
  Line 131:  Parsing error: Unexpected token (131:0)

webpack compiled with 2 errors
Compiling...
Failed to compile.

[eslint] 
src/App.js
Syntax error: Unexpected reserved word 'await'. (32:18) (32:18)
ERROR in ./src/App.js
Module build failed (from ./node_modules/babel-loader/lib/index.js):
SyntaxError: /tmp/kavia/workspace/code-generation/tictactoeweb-620896-aa8990a6/tic_tac_toe_frontend/src/App.js: Unexpected reserved word 'await'. (32:18)

  30 |     try {
  31 |       // POST to backend's "start game" endpoint
> 32 |       const res = await fetch(`${API_BASE_URL}/start`, { method: "POST" });
     |                   ^
  33 |       const data = await res.json();
  34 |       setGameId(data.game_id || data.id || null);
  35 |       setBoard(data.board || Array(9).fill(""));
    at constructor (/tmp/kavia/workspace/code-generation/tictactoeweb-620896-aa8990a6/tic_tac_toe_frontend/node_modules/@babel/parser/lib/index.js:360:19)
    at FlowParserMixin.raise (/tmp/kavia/workspace/code-generation/tictactoeweb-620896-aa8990a6/tic_tac_toe_frontend/node_modules/@babel/parser/lib/index.js:3327:19)
    at FlowParserMixin.checkReservedWord (/tmp/kavia/workspace/code-generation/tictactoeweb-620896-aa8990a6/tic_tac_toe_frontend/node_modules/@babel/parser/lib/index.js:11909:12)
    at FlowParserMixin.parseIdentifierName (/tmp/kavia/workspace/code-generation/tictactoeweb-620896-aa8990a6/tic_tac_toe_frontend/node_modules/@babel/parser/lib/index.js:11889:12)
    at FlowParserMixin.parseIdentifier (/tmp/kavia/workspace/code-generation/tictactoeweb-620896-aa8990a6/tic_tac_toe_frontend/node_modules/@babel/parser/lib/index.js:11864:23)
    at FlowParserMixin.parseExprAtom (/tmp/kavia/workspace/code-generation/tictactoeweb-620896-aa8990a6/tic_tac_toe_frontend/node_modules/@babel/parser/lib/index.js:11100:27)
    at FlowParserMixin.parseExprAtom (/tmp/kavia/workspace/code-generation/tictactoeweb-620896-aa8990a6/tic_tac_toe_frontend/node_modules/@babel/parser/lib/index.js:6937:20)
    at FlowParserMixin.parseExprSubscripts (/tmp/kavia/workspace/code-generation/tictactoeweb-620896-aa8990a6/tic_tac_toe_frontend/node_modules/@babel/parser/lib/index.js:10758:23)
    at FlowParserMixin.parseUpdate (/tmp/kavia/workspace/code-generation/tictactoeweb-620896-aa8990a6/tic_tac_toe_frontend/node_modules/@babel/parser/lib/index.js:10743:21)
    at FlowParserMixin.parseMaybeUnary (/tmp/kavia/workspace/code-generation/tictactoeweb-620896-aa8990a6/tic_tac_toe_frontend/node_modules/@babel/parser/lib/index.js:10723:23)
    at FlowParserMixin.parseMaybeUnaryOrPrivate (/tmp/kavia/workspace/code-generation/tictactoeweb-620896-aa8990a6/tic_tac_toe_frontend/node_modules/@babel/parser/lib/index.js:10576:61)
    at FlowParserMixin.parseExprOps (/tmp/kavia/workspace/code-generation/tictactoeweb-620896-aa8990a6/tic_tac_toe_frontend/node_modules/@babel/parser/lib/index.js:10581:23)
    at FlowParserMixin.parseMaybeConditional (/tmp/kavia/workspace/code-generation/tictactoeweb-620896-aa8990a6/tic_tac_toe_frontend/node_modules/@babel/parser/lib/index.js:10558:23)
    at FlowParserMixin.parseMaybeAssign (/tmp/kavia/workspace/code-generation/tictactoeweb-620896-aa8990a6/tic_tac_toe_frontend/node_modules/@babel/parser/lib/index.js:10521:21)
    at FlowParserMixin.parseMaybeAssign (/tmp/kavia/workspace/code-generation/tictactoeweb-620896-aa8990a6/tic_tac_toe_frontend/node_modules/@babel/parser/lib/index.js:5773:18)
    at /tmp/kavia/workspace/code-generation/tictactoeweb-620896-aa8990a6/tic_tac_toe_frontend/node_modules/@babel/parser/lib/index.js:10491:39
    at FlowParserMixin.allowInAnd (/tmp/kavia/workspace/code-generation/tictactoeweb-620896-aa8990a6/tic_tac_toe_frontend/node_modules/@babel/parser/lib/index.js:12095:16)
    at FlowParserMixin.parseMaybeAssignAllowIn (/tmp/kavia/workspace/code-generation/tictactoeweb-620896-aa8990a6/tic_tac_toe_frontend/node_modules/@babel/parser/lib/index.js:10491:17)
    at FlowParserMixin.parseVar (/tmp/kavia/workspace/code-generation/tictactoeweb-620896-aa8990a6/tic_tac_toe_frontend/node_modules/@babel/parser/lib/index.js:13028:91)
    at FlowParserMixin.parseVarStatement (/tmp/kavia/workspace/code-generation/tictactoeweb-620896-aa8990a6/tic_tac_toe_frontend/node_modules/@babel/parser/lib/index.js:12874:10)
    at FlowParserMixin.parseStatementContent (/tmp/kavia/workspace/code-generation/tictactoeweb-620896-aa8990a6/tic_tac_toe_frontend/node_modules/@babel/parser/lib/index.js:12489:23)
    at FlowParserMixin.parseStatementLike (/tmp/kavia/workspace/code-generation/tictactoeweb-620896-aa8990a6/tic_tac_toe_frontend/node_modules/@babel/parser/lib/index.js:12406:17)
    at FlowParserMixin.parseStatementLike (/tmp/kavia/workspace/code-generation/tictactoeweb-620896-aa8990a6/tic_tac_toe_frontend/node_modules/@babel/parser/lib/index.js:5140:24)
    at FlowParserMixin.parseStatementListItem (/tmp/kavia/workspace/code-generation/tictactoeweb-620896-aa8990a6/tic_tac_toe_frontend/node_modules/@babel/parser/lib/index.js:12386:17)
    at FlowParserMixin.parseBlockOrModuleBlockBody (/tmp/kavia/workspace/code-generation/tictactoeweb-620896-aa8990a6/tic_tac_toe_frontend/node_modules/@babel/parser/lib/index.js:12960:61)
    at FlowParserMixin.parseBlockBody (/tmp/kavia/workspace/code-generation/tictactoeweb-620896-aa8990a6/tic_tac_toe_frontend/node_modules/@babel/parser/lib/index.js:12953:10)
    at FlowParserMixin.parseBlock (/tmp/kavia/workspace/code-generation/tictactoeweb-620896-aa8990a6/tic_tac_toe_frontend/node_modules/@babel/parser/lib/index.js:12941:10)
    at FlowParserMixin.parseTryStatement (/tmp/kavia/workspace/code-generation/tictactoeweb-620896-aa8990a6/tic_tac_toe_frontend/node_modules/@babel/parser/lib/index.js:12849:23)
    at FlowParserMixin.parseStatementContent (/tmp/kavia/workspace/code-generation/tictactoeweb-620896-aa8990a6/tic_tac_toe_frontend/node_modules/@babel/parser/lib/index.js:12443:21)
    at FlowParserMixin.parseStatementLike (/tmp/kavia/workspace/code-generation/tictactoeweb-620896-aa8990a6/tic_tac_toe_frontend/node_modules/@babel/parser/lib/index.js:12406:17)
    at FlowParserMixin.parseStatementLike (/tmp/kavia/workspace/code-generation/tictactoeweb-620896-aa8990a6/tic_tac_toe_frontend/node_modules/@babel/parser/lib/index.js:5140:24)
    at FlowParserMixin.parseStatementListItem (/tmp/kavia/workspace/code-generation/tictactoeweb-620896-aa8990a6/tic_tac_toe_frontend/node_modules/@babel/parser/lib/index.js:12386:17)
    at FlowParserMixin.parseBlockOrModuleBlockBody (/tmp/kavia/workspace/code-generation/tictactoeweb-620896-aa8990a6/tic_tac_toe_frontend/node_modules/@babel/parser/lib/index.js:12960:61)
    at FlowParserMixin.parseBlockBody (/tmp/kavia/workspace/code-generation/tictactoeweb-620896-aa8990a6/tic_tac_toe_frontend/node_modules/@babel/parser/lib/index.js:12953:10)
    at FlowParserMixin.parseBlock (/tmp/kavia/workspace/code-generation/tictactoeweb-620896-aa8990a6/tic_tac_toe_frontend/node_modules/@babel/parser/lib/index.js:12941:10)
    at FlowParserMixin.parseFunctionBody (/tmp/kavia/workspace/code-generation/tictactoeweb-620896-aa8990a6/tic_tac_toe_frontend/node_modules/@babel/parser/lib/index.js:11783:24)
    at FlowParserMixin.parseFunctionBody (/tmp/kavia/workspace/code-generation/tictactoeweb-620896-aa8990a6/tic_tac_toe_frontend/node_modules/@babel/parser/lib/index.js:5117:11)
    at FlowParserMixin.parseFunctionBodyAndFinish (/tmp/kavia/workspace/code-generation/tictactoeweb-620896-aa8990a6/tic_tac_toe_frontend/node_modules/@babel/parser/lib/index.js:11769:10)
    at FlowParserMixin.parseFunctionBodyAndFinish (/tmp/kavia/workspace/code-generation/tictactoeweb-620896-aa8990a6/tic_tac_toe_frontend/node_modules/@babel/parser/lib/index.js:5125:18)
    at /tmp/kavia/workspace/code-generation/tictactoeweb-620896-aa8990a6/tic_tac_toe_frontend/node_modules/@babel/parser/lib/index.js:13085:12
    at FlowParserMixin.withSmartMixTopicForbiddingContext (/tmp/kavia/workspace/code-generation/tictactoeweb-620896-aa8990a6/tic_tac_toe_frontend/node_modules/@babel/parser/lib/index.js:12077:14)
    at FlowParserMixin.parseFunction (/tmp/kavia/workspace/code-generation/tictactoeweb-620896-aa8990a6/tic_tac_toe_frontend/node_modules/@babel/parser/lib/index.js:13084:10)
    at FlowParserMixin.parseFunctionStatement (/tmp/kavia/workspace/code-generation/tictactoeweb-620896-aa8990a6/tic_tac_toe_frontend/node_modules/@babel/parser/lib/index.js:12769:17)
    at FlowParserMixin.parseStatementContent (/tmp/kavia/workspace/code-generation/tictactoeweb-620896-aa8990a6/tic_tac_toe_frontend/node_modules/@babel/parser/lib/index.js:12430:21)
    at FlowParserMixin.parseStatementLike (/tmp/kavia/workspace/code-generation/tictactoeweb-620896-aa8990a6/tic_tac_toe_frontend/node_modules/@babel/parser/lib/index.js:12406:17)
    at FlowParserMixin.parseStatementLike (/tmp/kavia/workspace/code-generation/tictactoeweb-620896-aa8990a6/tic_tac_toe_frontend/node_modules/@babel/parser/lib/index.js:5140:24)
    at FlowParserMixin.parseModuleItem (/tmp/kavia/workspace/code-generation/tictactoeweb-620896-aa8990a6/tic_tac_toe_frontend/node_modules/@babel/parser/lib/index.js:12383:17)
    at FlowParserMixin.parseBlockOrModuleBlockBody (/tmp/kavia/workspace/code-generation/tictactoeweb-620896-aa8990a6/tic_tac_toe_frontend/node_modules/@babel/parser/lib/index.js:12960:36)
    at FlowParserMixin.parseBlockBody (/tmp/kavia/workspace/code-generation/tictactoeweb-620896-aa8990a6/tic_tac_toe_frontend/node_modules/@babel/parser/lib/index.js:12953:10)
    at FlowParserMixin.parseProgram (/tmp/kavia/workspace/code-generation/tictactoeweb-620896-aa8990a6/tic_tac_toe_frontend/node_modules/@babel/parser/lib/index.js:12280:10)

ERROR in [eslint] 
src/App.js
  Line 32:18:  Parsing error: Unexpected reserved word 'await'. (32:18)

webpack compiled with 2 errors
Compiling...
Failed to compile.

[eslint] 
src/App.js
Syntax error: Unterminated JSX contents. (136:25) (136:25)
ERROR in ./src/App.js
Module build failed (from ./node_modules/babel-loader/lib/index.js):
SyntaxError: /tmp/kavia/workspace/code-generation/tictactoeweb-620896-aa8990a6/tic_tac_toe_frontend/src/App.js: Unterminated JSX contents. (136:25)

  134 |
  135 |   return (
> 136 |     <div className="App">
      |                          ^
  137 |
    at constructor (/tmp/kavia/workspace/code-generation/tictactoeweb-620896-aa8990a6/tic_tac_toe_frontend/node_modules/@babel/parser/lib/index.js:360:19)
    at FlowParserMixin.raise (/tmp/kavia/workspace/code-generation/tictactoeweb-620896-aa8990a6/tic_tac_toe_frontend/node_modules/@babel/parser/lib/index.js:3327:19)
    at FlowParserMixin.jsxReadToken (/tmp/kavia/workspace/code-generation/tictactoeweb-620896-aa8990a6/tic_tac_toe_frontend/node_modules/@babel/parser/lib/index.js:6621:20)
    at FlowParserMixin.getTokenFromCode (/tmp/kavia/workspace/code-generation/tictactoeweb-620896-aa8990a6/tic_tac_toe_frontend/node_modules/@babel/parser/lib/index.js:6947:12)
    at FlowParserMixin.getTokenFromCode (/tmp/kavia/workspace/code-generation/tictactoeweb-620896-aa8990a6/tic_tac_toe_frontend/node_modules/@babel/parser/lib/index.js:5419:13)
    at FlowParserMixin.nextToken (/tmp/kavia/workspace/code-generation/tictactoeweb-620896-aa8990a6/tic_tac_toe_frontend/node_modules/@babel/parser/lib/index.js:2510:10)
    at FlowParserMixin.next (/tmp/kavia/workspace/code-generation/tictactoeweb-620896-aa8990a6/tic_tac_toe_frontend/node_modules/@babel/parser/lib/index.js:2423:10)
    at FlowParserMixin.eat (/tmp/kavia/workspace/code-generation/tictactoeweb-620896-aa8990a6/tic_tac_toe_frontend/node_modules/@babel/parser/lib/index.js:2427:12)
    at FlowParserMixin.expect (/tmp/kavia/workspace/code-generation/tictactoeweb-620896-aa8990a6/tic_tac_toe_frontend/node_modules/@babel/parser/lib/index.js:3656:15)
    at FlowParserMixin.jsxParseOpeningElementAfterName (/tmp/kavia/workspace/code-generation/tictactoeweb-620896-aa8990a6/tic_tac_toe_frontend/node_modules/@babel/parser/lib/index.js:6844:10)
    at FlowParserMixin.jsxParseOpeningElementAfterName (/tmp/kavia/workspace/code-generation/tictactoeweb-620896-aa8990a6/tic_tac_toe_frontend/node_modules/@babel/parser/lib/index.js:6292:18)
    at FlowParserMixin.jsxParseOpeningElementAt (/tmp/kavia/workspace/code-generation/tictactoeweb-620896-aa8990a6/tic_tac_toe_frontend/node_modules/@babel/parser/lib/index.js:6835:17)
    at FlowParserMixin.jsxParseElementAt (/tmp/kavia/workspace/code-generation/tictactoeweb-620896-aa8990a6/tic_tac_toe_frontend/node_modules/@babel/parser/lib/index.js:6859:33)
    at FlowParserMixin.jsxParseElement (/tmp/kavia/workspace/code-generation/tictactoeweb-620896-aa8990a6/tic_tac_toe_frontend/node_modules/@babel/parser/lib/index.js:6922:17)
    at FlowParserMixin.parseExprAtom (/tmp/kavia/workspace/code-generation/tictactoeweb-620896-aa8990a6/tic_tac_toe_frontend/node_modules/@babel/parser/lib/index.js:6932:19)
    at FlowParserMixin.parseExprSubscripts (/tmp/kavia/workspace/code-generation/tictactoeweb-620896-aa8990a6/tic_tac_toe_frontend/node_modules/@babel/parser/lib/index.js:10758:23)
    at FlowParserMixin.parseUpdate (/tmp/kavia/workspace/code-generation/tictactoeweb-620896-aa8990a6/tic_tac_toe_frontend/node_modules/@babel/parser/lib/index.js:10743:21)
    at FlowParserMixin.parseMaybeUnary (/tmp/kavia/workspace/code-generation/tictactoeweb-620896-aa8990a6/tic_tac_toe_frontend/node_modules/@babel/parser/lib/index.js:10723:23)
    at FlowParserMixin.parseMaybeUnaryOrPrivate (/tmp/kavia/workspace/code-generation/tictactoeweb-620896-aa8990a6/tic_tac_toe_frontend/node_modules/@babel/parser/lib/index.js:10576:61)
    at FlowParserMixin.parseExprOps (/tmp/kavia/workspace/code-generation/tictactoeweb-620896-aa8990a6/tic_tac_toe_frontend/node_modules/@babel/parser/lib/index.js:10581:23)
    at FlowParserMixin.parseMaybeConditional (/tmp/kavia/workspace/code-generation/tictactoeweb-620896-aa8990a6/tic_tac_toe_frontend/node_modules/@babel/parser/lib/index.js:10558:23)
    at FlowParserMixin.parseMaybeAssign (/tmp/kavia/workspace/code-generation/tictactoeweb-620896-aa8990a6/tic_tac_toe_frontend/node_modules/@babel/parser/lib/index.js:10521:21)
    at /tmp/kavia/workspace/code-generation/tictactoeweb-620896-aa8990a6/tic_tac_toe_frontend/node_modules/@babel/parser/lib/index.js:5722:39
    at FlowParserMixin.tryParse (/tmp/kavia/workspace/code-generation/tictactoeweb-620896-aa8990a6/tic_tac_toe_frontend/node_modules/@babel/parser/lib/index.js:3665:20)
    at FlowParserMixin.parseMaybeAssign (/tmp/kavia/workspace/code-generation/tictactoeweb-620896-aa8990a6/tic_tac_toe_frontend/node_modules/@babel/parser/lib/index.js:5722:18)
    at /tmp/kavia/workspace/code-generation/tictactoeweb-620896-aa8990a6/tic_tac_toe_frontend/node_modules/@babel/parser/lib/index.js:10491:39
    at FlowParserMixin.allowInAnd (/tmp/kavia/workspace/code-generation/tictactoeweb-620896-aa8990a6/tic_tac_toe_frontend/node_modules/@babel/parser/lib/index.js:12100:12)
    at FlowParserMixin.parseMaybeAssignAllowIn (/tmp/kavia/workspace/code-generation/tictactoeweb-620896-aa8990a6/tic_tac_toe_frontend/node_modules/@babel/parser/lib/index.js:10491:17)
    at FlowParserMixin.parseParenAndDistinguishExpression (/tmp/kavia/workspace/code-generation/tictactoeweb-620896-aa8990a6/tic_tac_toe_frontend/node_modules/@babel/parser/lib/index.js:11359:28)
    at FlowParserMixin.parseParenAndDistinguishExpression (/tmp/kavia/workspace/code-generation/tictactoeweb-620896-aa8990a6/tic_tac_toe_frontend/node_modules/@babel/parser/lib/index.js:5815:18)
    at FlowParserMixin.parseExprAtom (/tmp/kavia/workspace/code-generation/tictactoeweb-620896-aa8990a6/tic_tac_toe_frontend/node_modules/@babel/parser/lib/index.js:11006:23)
    at FlowParserMixin.parseExprAtom (/tmp/kavia/workspace/code-generation/tictactoeweb-620896-aa8990a6/tic_tac_toe_frontend/node_modules/@babel/parser/lib/index.js:6937:20)
    at FlowParserMixin.parseExprSubscripts (/tmp/kavia/workspace/code-generation/tictactoeweb-620896-aa8990a6/tic_tac_toe_frontend/node_modules/@babel/parser/lib/index.js:10758:23)
    at FlowParserMixin.parseUpdate (/tmp/kavia/workspace/code-generation/tictactoeweb-620896-aa8990a6/tic_tac_toe_frontend/node_modules/@babel/parser/lib/index.js:10743:21)
    at FlowParserMixin.parseMaybeUnary (/tmp/kavia/workspace/code-generation/tictactoeweb-620896-aa8990a6/tic_tac_toe_frontend/node_modules/@babel/parser/lib/index.js:10723:23)
    at FlowParserMixin.parseMaybeUnaryOrPrivate (/tmp/kavia/workspace/code-generation/tictactoeweb-620896-aa8990a6/tic_tac_toe_frontend/node_modules/@babel/parser/lib/index.js:10576:61)
    at FlowParserMixin.parseExprOps (/tmp/kavia/workspace/code-generation/tictactoeweb-620896-aa8990a6/tic_tac_toe_frontend/node_modules/@babel/parser/lib/index.js:10581:23)
    at FlowParserMixin.parseMaybeConditional (/tmp/kavia/workspace/code-generation/tictactoeweb-620896-aa8990a6/tic_tac_toe_frontend/node_modules/@babel/parser/lib/index.js:10558:23)
    at FlowParserMixin.parseMaybeAssign (/tmp/kavia/workspace/code-generation/tictactoeweb-620896-aa8990a6/tic_tac_toe_frontend/node_modules/@babel/parser/lib/index.js:10521:21)
    at FlowParserMixin.parseMaybeAssign (/tmp/kavia/workspace/code-generation/tictactoeweb-620896-aa8990a6/tic_tac_toe_frontend/node_modules/@babel/parser/lib/index.js:5773:18)
    at FlowParserMixin.parseExpressionBase (/tmp/kavia/workspace/code-generation/tictactoeweb-620896-aa8990a6/tic_tac_toe_frontend/node_modules/@babel/parser/lib/index.js:10475:23)
    at /tmp/kavia/workspace/code-generation/tictactoeweb-620896-aa8990a6/tic_tac_toe_frontend/node_modules/@babel/parser/lib/index.js:10471:39
    at FlowParserMixin.allowInAnd (/tmp/kavia/workspace/code-generation/tictactoeweb-620896-aa8990a6/tic_tac_toe_frontend/node_modules/@babel/parser/lib/index.js:12095:16)
    at FlowParserMixin.parseExpression (/tmp/kavia/workspace/code-generation/tictactoeweb-620896-aa8990a6/tic_tac_toe_frontend/node_modules/@babel/parser/lib/index.js:10471:17)
    at FlowParserMixin.parseReturnStatement (/tmp/kavia/workspace/code-generation/tictactoeweb-620896-aa8990a6/tic_tac_toe_frontend/node_modules/@babel/parser/lib/index.js:12786:28)
    at FlowParserMixin.parseStatementContent (/tmp/kavia/workspace/code-generation/tictactoeweb-620896-aa8990a6/tic_tac_toe_frontend/node_modules/@babel/parser/lib/index.js:12437:21)
    at FlowParserMixin.parseStatementLike (/tmp/kavia/workspace/code-generation/tictactoeweb-620896-aa8990a6/tic_tac_toe_frontend/node_modules/@babel/parser/lib/index.js:12406:17)
    at FlowParserMixin.parseStatementLike (/tmp/kavia/workspace/code-generation/tictactoeweb-620896-aa8990a6/tic_tac_toe_frontend/node_modules/@babel/parser/lib/index.js:5140:24)
    at FlowParserMixin.parseStatementListItem (/tmp/kavia/workspace/code-generation/tictactoeweb-620896-aa8990a6/tic_tac_toe_frontend/node_modules/@babel/parser/lib/index.js:12386:17)
    at FlowParserMixin.parseBlockOrModuleBlockBody (/tmp/kavia/workspace/code-generation/tictactoeweb-620896-aa8990a6/tic_tac_toe_frontend/node_modules/@babel/parser/lib/index.js:12960:61)

ERROR in [eslint] 
src/App.js
  Line 136:25:  Parsing error: Unterminated JSX contents. (136:25)

webpack compiled with 2 errors
Compiling...
Failed to compile.

[eslint] 
src/App.js
Syntax error: Unterminated JSX contents. (138:36) (138:36)
ERROR in ./src/App.js
Module build failed (from ./node_modules/babel-loader/lib/index.js):
SyntaxError: /tmp/kavia/workspace/code-generation/tictactoeweb-620896-aa8990a6/tic_tac_toe_frontend/src/App.js: Unterminated JSX contents. (138:36)

  136 |     <div className="App">
  137 |       <div className="ttt-center">
> 138 |         <div className="ttt-header">
      |                                     ^
  139 |
    at constructor (/tmp/kavia/workspace/code-generation/tictactoeweb-620896-aa8990a6/tic_tac_toe_frontend/node_modules/@babel/parser/lib/index.js:360:19)
    at FlowParserMixin.raise (/tmp/kavia/workspace/code-generation/tictactoeweb-620896-aa8990a6/tic_tac_toe_frontend/node_modules/@babel/parser/lib/index.js:3327:19)
    at FlowParserMixin.jsxReadToken (/tmp/kavia/workspace/code-generation/tictactoeweb-620896-aa8990a6/tic_tac_toe_frontend/node_modules/@babel/parser/lib/index.js:6621:20)
    at FlowParserMixin.getTokenFromCode (/tmp/kavia/workspace/code-generation/tictactoeweb-620896-aa8990a6/tic_tac_toe_frontend/node_modules/@babel/parser/lib/index.js:6947:12)
    at FlowParserMixin.getTokenFromCode (/tmp/kavia/workspace/code-generation/tictactoeweb-620896-aa8990a6/tic_tac_toe_frontend/node_modules/@babel/parser/lib/index.js:5419:13)
    at FlowParserMixin.nextToken (/tmp/kavia/workspace/code-generation/tictactoeweb-620896-aa8990a6/tic_tac_toe_frontend/node_modules/@babel/parser/lib/index.js:2510:10)
    at FlowParserMixin.next (/tmp/kavia/workspace/code-generation/tictactoeweb-620896-aa8990a6/tic_tac_toe_frontend/node_modules/@babel/parser/lib/index.js:2423:10)
    at FlowParserMixin.eat (/tmp/kavia/workspace/code-generation/tictactoeweb-620896-aa8990a6/tic_tac_toe_frontend/node_modules/@babel/parser/lib/index.js:2427:12)
    at FlowParserMixin.expect (/tmp/kavia/workspace/code-generation/tictactoeweb-620896-aa8990a6/tic_tac_toe_frontend/node_modules/@babel/parser/lib/index.js:3656:15)
    at FlowParserMixin.jsxParseOpeningElementAfterName (/tmp/kavia/workspace/code-generation/tictactoeweb-620896-aa8990a6/tic_tac_toe_frontend/node_modules/@babel/parser/lib/index.js:6844:10)
    at FlowParserMixin.jsxParseOpeningElementAfterName (/tmp/kavia/workspace/code-generation/tictactoeweb-620896-aa8990a6/tic_tac_toe_frontend/node_modules/@babel/parser/lib/index.js:6292:18)
    at FlowParserMixin.jsxParseOpeningElementAt (/tmp/kavia/workspace/code-generation/tictactoeweb-620896-aa8990a6/tic_tac_toe_frontend/node_modules/@babel/parser/lib/index.js:6835:17)
    at FlowParserMixin.jsxParseElementAt (/tmp/kavia/workspace/code-generation/tictactoeweb-620896-aa8990a6/tic_tac_toe_frontend/node_modules/@babel/parser/lib/index.js:6859:33)
    at FlowParserMixin.jsxParseElementAt (/tmp/kavia/workspace/code-generation/tictactoeweb-620896-aa8990a6/tic_tac_toe_frontend/node_modules/@babel/parser/lib/index.js:6871:32)
    at FlowParserMixin.jsxParseElementAt (/tmp/kavia/workspace/code-generation/tictactoeweb-620896-aa8990a6/tic_tac_toe_frontend/node_modules/@babel/parser/lib/index.js:6871:32)
    at FlowParserMixin.jsxParseElement (/tmp/kavia/workspace/code-generation/tictactoeweb-620896-aa8990a6/tic_tac_toe_frontend/node_modules/@babel/parser/lib/index.js:6922:17)
    at FlowParserMixin.parseExprAtom (/tmp/kavia/workspace/code-generation/tictactoeweb-620896-aa8990a6/tic_tac_toe_frontend/node_modules/@babel/parser/lib/index.js:6932:19)
    at FlowParserMixin.parseExprSubscripts (/tmp/kavia/workspace/code-generation/tictactoeweb-620896-aa8990a6/tic_tac_toe_frontend/node_modules/@babel/parser/lib/index.js:10758:23)
    at FlowParserMixin.parseUpdate (/tmp/kavia/workspace/code-generation/tictactoeweb-620896-aa8990a6/tic_tac_toe_frontend/node_modules/@babel/parser/lib/index.js:10743:21)
    at FlowParserMixin.parseMaybeUnary (/tmp/kavia/workspace/code-generation/tictactoeweb-620896-aa8990a6/tic_tac_toe_frontend/node_modules/@babel/parser/lib/index.js:10723:23)
    at FlowParserMixin.parseMaybeUnaryOrPrivate (/tmp/kavia/workspace/code-generation/tictactoeweb-620896-aa8990a6/tic_tac_toe_frontend/node_modules/@babel/parser/lib/index.js:10576:61)
    at FlowParserMixin.parseExprOps (/tmp/kavia/workspace/code-generation/tictactoeweb-620896-aa8990a6/tic_tac_toe_frontend/node_modules/@babel/parser/lib/index.js:10581:23)
    at FlowParserMixin.parseMaybeConditional (/tmp/kavia/workspace/code-generation/tictactoeweb-620896-aa8990a6/tic_tac_toe_frontend/node_modules/@babel/parser/lib/index.js:10558:23)
    at FlowParserMixin.parseMaybeAssign (/tmp/kavia/workspace/code-generation/tictactoeweb-620896-aa8990a6/tic_tac_toe_frontend/node_modules/@babel/parser/lib/index.js:10521:21)
    at /tmp/kavia/workspace/code-generation/tictactoeweb-620896-aa8990a6/tic_tac_toe_frontend/node_modules/@babel/parser/lib/index.js:5722:39
    at FlowParserMixin.tryParse (/tmp/kavia/workspace/code-generation/tictactoeweb-620896-aa8990a6/tic_tac_toe_frontend/node_modules/@babel/parser/lib/index.js:3665:20)
    at FlowParserMixin.parseMaybeAssign (/tmp/kavia/workspace/code-generation/tictactoeweb-620896-aa8990a6/tic_tac_toe_frontend/node_modules/@babel/parser/lib/index.js:5722:18)
    at /tmp/kavia/workspace/code-generation/tictactoeweb-620896-aa8990a6/tic_tac_toe_frontend/node_modules/@babel/parser/lib/index.js:10491:39
    at FlowParserMixin.allowInAnd (/tmp/kavia/workspace/code-generation/tictactoeweb-620896-aa8990a6/tic_tac_toe_frontend/node_modules/@babel/parser/lib/index.js:12100:12)
    at FlowParserMixin.parseMaybeAssignAllowIn (/tmp/kavia/workspace/code-generation/tictactoeweb-620896-aa8990a6/tic_tac_toe_frontend/node_modules/@babel/parser/lib/index.js:10491:17)
    at FlowParserMixin.parseParenAndDistinguishExpression (/tmp/kavia/workspace/code-generation/tictactoeweb-620896-aa8990a6/tic_tac_toe_frontend/node_modules/@babel/parser/lib/index.js:11359:28)
    at FlowParserMixin.parseParenAndDistinguishExpression (/tmp/kavia/workspace/code-generation/tictactoeweb-620896-aa8990a6/tic_tac_toe_frontend/node_modules/@babel/parser/lib/index.js:5815:18)
    at FlowParserMixin.parseExprAtom (/tmp/kavia/workspace/code-generation/tictactoeweb-620896-aa8990a6/tic_tac_toe_frontend/node_modules/@babel/parser/lib/index.js:11006:23)
    at FlowParserMixin.parseExprAtom (/tmp/kavia/workspace/code-generation/tictactoeweb-620896-aa8990a6/tic_tac_toe_frontend/node_modules/@babel/parser/lib/index.js:6937:20)
    at FlowParserMixin.parseExprSubscripts (/tmp/kavia/workspace/code-generation/tictactoeweb-620896-aa8990a6/tic_tac_toe_frontend/node_modules/@babel/parser/lib/index.js:10758:23)
    at FlowParserMixin.parseUpdate (/tmp/kavia/workspace/code-generation/tictactoeweb-620896-aa8990a6/tic_tac_toe_frontend/node_modules/@babel/parser/lib/index.js:10743:21)
    at FlowParserMixin.parseMaybeUnary (/tmp/kavia/workspace/code-generation/tictactoeweb-620896-aa8990a6/tic_tac_toe_frontend/node_modules/@babel/parser/lib/index.js:10723:23)
    at FlowParserMixin.parseMaybeUnaryOrPrivate (/tmp/kavia/workspace/code-generation/tictactoeweb-620896-aa8990a6/tic_tac_toe_frontend/node_modules/@babel/parser/lib/index.js:10576:61)
    at FlowParserMixin.parseExprOps (/tmp/kavia/workspace/code-generation/tictactoeweb-620896-aa8990a6/tic_tac_toe_frontend/node_modules/@babel/parser/lib/index.js:10581:23)
    at FlowParserMixin.parseMaybeConditional (/tmp/kavia/workspace/code-generation/tictactoeweb-620896-aa8990a6/tic_tac_toe_frontend/node_modules/@babel/parser/lib/index.js:10558:23)
    at FlowParserMixin.parseMaybeAssign (/tmp/kavia/workspace/code-generation/tictactoeweb-620896-aa8990a6/tic_tac_toe_frontend/node_modules/@babel/parser/lib/index.js:10521:21)
    at FlowParserMixin.parseMaybeAssign (/tmp/kavia/workspace/code-generation/tictactoeweb-620896-aa8990a6/tic_tac_toe_frontend/node_modules/@babel/parser/lib/index.js:5773:18)
    at FlowParserMixin.parseExpressionBase (/tmp/kavia/workspace/code-generation/tictactoeweb-620896-aa8990a6/tic_tac_toe_frontend/node_modules/@babel/parser/lib/index.js:10475:23)
    at /tmp/kavia/workspace/code-generation/tictactoeweb-620896-aa8990a6/tic_tac_toe_frontend/node_modules/@babel/parser/lib/index.js:10471:39
    at FlowParserMixin.allowInAnd (/tmp/kavia/workspace/code-generation/tictactoeweb-620896-aa8990a6/tic_tac_toe_frontend/node_modules/@babel/parser/lib/index.js:12095:16)
    at FlowParserMixin.parseExpression (/tmp/kavia/workspace/code-generation/tictactoeweb-620896-aa8990a6/tic_tac_toe_frontend/node_modules/@babel/parser/lib/index.js:10471:17)
    at FlowParserMixin.parseReturnStatement (/tmp/kavia/workspace/code-generation/tictactoeweb-620896-aa8990a6/tic_tac_toe_frontend/node_modules/@babel/parser/lib/index.js:12786:28)
    at FlowParserMixin.parseStatementContent (/tmp/kavia/workspace/code-generation/tictactoeweb-620896-aa8990a6/tic_tac_toe_frontend/node_modules/@babel/parser/lib/index.js:12437:21)
    at FlowParserMixin.parseStatementLike (/tmp/kavia/workspace/code-generation/tictactoeweb-620896-aa8990a6/tic_tac_toe_frontend/node_modules/@babel/parser/lib/index.js:12406:17)
    at FlowParserMixin.parseStatementLike (/tmp/kavia/workspace/code-generation/tictactoeweb-620896-aa8990a6/tic_tac_toe_frontend/node_modules/@babel/parser/lib/index.js:5140:24)

ERROR in [eslint] 
src/App.js
  Line 138:36:  Parsing error: Unterminated JSX contents. (138:36)

webpack compiled with 2 errors
Compiling...
Failed to compile.

[eslint] 
src/App.js
Syntax error: Unterminated JSX contents. (139:36) (139:36)
ERROR in ./src/App.js
Module build failed (from ./node_modules/babel-loader/lib/index.js):
SyntaxError: /tmp/kavia/workspace/code-generation/tictactoeweb-620896-aa8990a6/tic_tac_toe_frontend/src/App.js: Unterminated JSX contents. (139:36)

  137 |       <div className="ttt-center">
  138 |         <div className="ttt-header">
> 139 |           <h1 className="ttt-title">
      |                                     ^
  140 |
    at constructor (/tmp/kavia/workspace/code-generation/tictactoeweb-620896-aa8990a6/tic_tac_toe_frontend/node_modules/@babel/parser/lib/index.js:360:19)
    at FlowParserMixin.raise (/tmp/kavia/workspace/code-generation/tictactoeweb-620896-aa8990a6/tic_tac_toe_frontend/node_modules/@babel/parser/lib/index.js:3327:19)
    at FlowParserMixin.jsxReadToken (/tmp/kavia/workspace/code-generation/tictactoeweb-620896-aa8990a6/tic_tac_toe_frontend/node_modules/@babel/parser/lib/index.js:6621:20)
    at FlowParserMixin.getTokenFromCode (/tmp/kavia/workspace/code-generation/tictactoeweb-620896-aa8990a6/tic_tac_toe_frontend/node_modules/@babel/parser/lib/index.js:6947:12)
    at FlowParserMixin.getTokenFromCode (/tmp/kavia/workspace/code-generation/tictactoeweb-620896-aa8990a6/tic_tac_toe_frontend/node_modules/@babel/parser/lib/index.js:5419:13)
    at FlowParserMixin.nextToken (/tmp/kavia/workspace/code-generation/tictactoeweb-620896-aa8990a6/tic_tac_toe_frontend/node_modules/@babel/parser/lib/index.js:2510:10)
    at FlowParserMixin.next (/tmp/kavia/workspace/code-generation/tictactoeweb-620896-aa8990a6/tic_tac_toe_frontend/node_modules/@babel/parser/lib/index.js:2423:10)
    at FlowParserMixin.eat (/tmp/kavia/workspace/code-generation/tictactoeweb-620896-aa8990a6/tic_tac_toe_frontend/node_modules/@babel/parser/lib/index.js:2427:12)
    at FlowParserMixin.expect (/tmp/kavia/workspace/code-generation/tictactoeweb-620896-aa8990a6/tic_tac_toe_frontend/node_modules/@babel/parser/lib/index.js:3656:15)
    at FlowParserMixin.jsxParseOpeningElementAfterName (/tmp/kavia/workspace/code-generation/tictactoeweb-620896-aa8990a6/tic_tac_toe_frontend/node_modules/@babel/parser/lib/index.js:6844:10)
    at FlowParserMixin.jsxParseOpeningElementAfterName (/tmp/kavia/workspace/code-generation/tictactoeweb-620896-aa8990a6/tic_tac_toe_frontend/node_modules/@babel/parser/lib/index.js:6292:18)
    at FlowParserMixin.jsxParseOpeningElementAt (/tmp/kavia/workspace/code-generation/tictactoeweb-620896-aa8990a6/tic_tac_toe_frontend/node_modules/@babel/parser/lib/index.js:6835:17)
    at FlowParserMixin.jsxParseElementAt (/tmp/kavia/workspace/code-generation/tictactoeweb-620896-aa8990a6/tic_tac_toe_frontend/node_modules/@babel/parser/lib/index.js:6859:33)
    at FlowParserMixin.jsxParseElementAt (/tmp/kavia/workspace/code-generation/tictactoeweb-620896-aa8990a6/tic_tac_toe_frontend/node_modules/@babel/parser/lib/index.js:6871:32)
    at FlowParserMixin.jsxParseElementAt (/tmp/kavia/workspace/code-generation/tictactoeweb-620896-aa8990a6/tic_tac_toe_frontend/node_modules/@babel/parser/lib/index.js:6871:32)
    at FlowParserMixin.jsxParseElementAt (/tmp/kavia/workspace/code-generation/tictactoeweb-620896-aa8990a6/tic_tac_toe_frontend/node_modules/@babel/parser/lib/index.js:6871:32)
    at FlowParserMixin.jsxParseElement (/tmp/kavia/workspace/code-generation/tictactoeweb-620896-aa8990a6/tic_tac_toe_frontend/node_modules/@babel/parser/lib/index.js:6922:17)
    at FlowParserMixin.parseExprAtom (/tmp/kavia/workspace/code-generation/tictactoeweb-620896-aa8990a6/tic_tac_toe_frontend/node_modules/@babel/parser/lib/index.js:6932:19)
    at FlowParserMixin.parseExprSubscripts (/tmp/kavia/workspace/code-generation/tictactoeweb-620896-aa8990a6/tic_tac_toe_frontend/node_modules/@babel/parser/lib/index.js:10758:23)
    at FlowParserMixin.parseUpdate (/tmp/kavia/workspace/code-generation/tictactoeweb-620896-aa8990a6/tic_tac_toe_frontend/node_modules/@babel/parser/lib/index.js:10743:21)
    at FlowParserMixin.parseMaybeUnary (/tmp/kavia/workspace/code-generation/tictactoeweb-620896-aa8990a6/tic_tac_toe_frontend/node_modules/@babel/parser/lib/index.js:10723:23)
    at FlowParserMixin.parseMaybeUnaryOrPrivate (/tmp/kavia/workspace/code-generation/tictactoeweb-620896-aa8990a6/tic_tac_toe_frontend/node_modules/@babel/parser/lib/index.js:10576:61)
    at FlowParserMixin.parseExprOps (/tmp/kavia/workspace/code-generation/tictactoeweb-620896-aa8990a6/tic_tac_toe_frontend/node_modules/@babel/parser/lib/index.js:10581:23)
    at FlowParserMixin.parseMaybeConditional (/tmp/kavia/workspace/code-generation/tictactoeweb-620896-aa8990a6/tic_tac_toe_frontend/node_modules/@babel/parser/lib/index.js:10558:23)
    at FlowParserMixin.parseMaybeAssign (/tmp/kavia/workspace/code-generation/tictactoeweb-620896-aa8990a6/tic_tac_toe_frontend/node_modules/@babel/parser/lib/index.js:10521:21)
    at /tmp/kavia/workspace/code-generation/tictactoeweb-620896-aa8990a6/tic_tac_toe_frontend/node_modules/@babel/parser/lib/index.js:5722:39
    at FlowParserMixin.tryParse (/tmp/kavia/workspace/code-generation/tictactoeweb-620896-aa8990a6/tic_tac_toe_frontend/node_modules/@babel/parser/lib/index.js:3665:20)
    at FlowParserMixin.parseMaybeAssign (/tmp/kavia/workspace/code-generation/tictactoeweb-620896-aa8990a6/tic_tac_toe_frontend/node_modules/@babel/parser/lib/index.js:5722:18)
    at /tmp/kavia/workspace/code-generation/tictactoeweb-620896-aa8990a6/tic_tac_toe_frontend/node_modules/@babel/parser/lib/index.js:10491:39
    at FlowParserMixin.allowInAnd (/tmp/kavia/workspace/code-generation/tictactoeweb-620896-aa8990a6/tic_tac_toe_frontend/node_modules/@babel/parser/lib/index.js:12100:12)
    at FlowParserMixin.parseMaybeAssignAllowIn (/tmp/kavia/workspace/code-generation/tictactoeweb-620896-aa8990a6/tic_tac_toe_frontend/node_modules/@babel/parser/lib/index.js:10491:17)
    at FlowParserMixin.parseParenAndDistinguishExpression (/tmp/kavia/workspace/code-generation/tictactoeweb-620896-aa8990a6/tic_tac_toe_frontend/node_modules/@babel/parser/lib/index.js:11359:28)
    at FlowParserMixin.parseParenAndDistinguishExpression (/tmp/kavia/workspace/code-generation/tictactoeweb-620896-aa8990a6/tic_tac_toe_frontend/node_modules/@babel/parser/lib/index.js:5815:18)
    at FlowParserMixin.parseExprAtom (/tmp/kavia/workspace/code-generation/tictactoeweb-620896-aa8990a6/tic_tac_toe_frontend/node_modules/@babel/parser/lib/index.js:11006:23)
    at FlowParserMixin.parseExprAtom (/tmp/kavia/workspace/code-generation/tictactoeweb-620896-aa8990a6/tic_tac_toe_frontend/node_modules/@babel/parser/lib/index.js:6937:20)
    at FlowParserMixin.parseExprSubscripts (/tmp/kavia/workspace/code-generation/tictactoeweb-620896-aa8990a6/tic_tac_toe_frontend/node_modules/@babel/parser/lib/index.js:10758:23)
    at FlowParserMixin.parseUpdate (/tmp/kavia/workspace/code-generation/tictactoeweb-620896-aa8990a6/tic_tac_toe_frontend/node_modules/@babel/parser/lib/index.js:10743:21)
    at FlowParserMixin.parseMaybeUnary (/tmp/kavia/workspace/code-generation/tictactoeweb-620896-aa8990a6/tic_tac_toe_frontend/node_modules/@babel/parser/lib/index.js:10723:23)
    at FlowParserMixin.parseMaybeUnaryOrPrivate (/tmp/kavia/workspace/code-generation/tictactoeweb-620896-aa8990a6/tic_tac_toe_frontend/node_modules/@babel/parser/lib/index.js:10576:61)
    at FlowParserMixin.parseExprOps (/tmp/kavia/workspace/code-generation/tictactoeweb-620896-aa8990a6/tic_tac_toe_frontend/node_modules/@babel/parser/lib/index.js:10581:23)
    at FlowParserMixin.parseMaybeConditional (/tmp/kavia/workspace/code-generation/tictactoeweb-620896-aa8990a6/tic_tac_toe_frontend/node_modules/@babel/parser/lib/index.js:10558:23)
    at FlowParserMixin.parseMaybeAssign (/tmp/kavia/workspace/code-generation/tictactoeweb-620896-aa8990a6/tic_tac_toe_frontend/node_modules/@babel/parser/lib/index.js:10521:21)
    at FlowParserMixin.parseMaybeAssign (/tmp/kavia/workspace/code-generation/tictactoeweb-620896-aa8990a6/tic_tac_toe_frontend/node_modules/@babel/parser/lib/index.js:5773:18)
    at FlowParserMixin.parseExpressionBase (/tmp/kavia/workspace/code-generation/tictactoeweb-620896-aa8990a6/tic_tac_toe_frontend/node_modules/@babel/parser/lib/index.js:10475:23)
    at /tmp/kavia/workspace/code-generation/tictactoeweb-620896-aa8990a6/tic_tac_toe_frontend/node_modules/@babel/parser/lib/index.js:10471:39
    at FlowParserMixin.allowInAnd (/tmp/kavia/workspace/code-generation/tictactoeweb-620896-aa8990a6/tic_tac_toe_frontend/node_modules/@babel/parser/lib/index.js:12095:16)
    at FlowParserMixin.parseExpression (/tmp/kavia/workspace/code-generation/tictactoeweb-620896-aa8990a6/tic_tac_toe_frontend/node_modules/@babel/parser/lib/index.js:10471:17)
    at FlowParserMixin.parseReturnStatement (/tmp/kavia/workspace/code-generation/tictactoeweb-620896-aa8990a6/tic_tac_toe_frontend/node_modules/@babel/parser/lib/index.js:12786:28)
    at FlowParserMixin.parseStatementContent (/tmp/kavia/workspace/code-generation/tictactoeweb-620896-aa8990a6/tic_tac_toe_frontend/node_modules/@babel/parser/lib/index.js:12437:21)
    at FlowParserMixin.parseStatementLike (/tmp/kavia/workspace/code-generation/tictactoeweb-620896-aa8990a6/tic_tac_toe_frontend/node_modules/@babel/parser/lib/index.js:12406:17)

ERROR in [eslint] 
src/App.js
  Line 139:36:  Parsing error: Unterminated JSX contents. (139:36)

webpack compiled with 2 errors
Compiling...
Failed to compile.

[eslint] 
src/App.js
Syntax error: Unexpected reserved word 'await'. (32:18) (32:18)
ERROR in ./src/App.js
Module build failed (from ./node_modules/babel-loader/lib/index.js):
SyntaxError: /tmp/kavia/workspace/code-generation/tictactoeweb-620896-aa8990a6/tic_tac_toe_frontend/src/App.js: Unexpected reserved word 'await'. (32:18)

  30 |     try {
  31 |       // POST to backend's "start game" endpoint
> 32 |       const res = await fetch(`${API_BASE_URL}/start`, { method: "POST" });
     |                   ^
  33 |       const data = await res.json();
  34 |       setGameId(data.game_id || data.id || null);
  35 |       setBoard(data.board || Array(9).fill(""));
    at constructor (/tmp/kavia/workspace/code-generation/tictactoeweb-620896-aa8990a6/tic_tac_toe_frontend/node_modules/@babel/parser/lib/index.js:360:19)
    at FlowParserMixin.raise (/tmp/kavia/workspace/code-generation/tictactoeweb-620896-aa8990a6/tic_tac_toe_frontend/node_modules/@babel/parser/lib/index.js:3327:19)
    at FlowParserMixin.checkReservedWord (/tmp/kavia/workspace/code-generation/tictactoeweb-620896-aa8990a6/tic_tac_toe_frontend/node_modules/@babel/parser/lib/index.js:11909:12)
    at FlowParserMixin.parseIdentifierName (/tmp/kavia/workspace/code-generation/tictactoeweb-620896-aa8990a6/tic_tac_toe_frontend/node_modules/@babel/parser/lib/index.js:11889:12)
    at FlowParserMixin.parseIdentifier (/tmp/kavia/workspace/code-generation/tictactoeweb-620896-aa8990a6/tic_tac_toe_frontend/node_modules/@babel/parser/lib/index.js:11864:23)
    at FlowParserMixin.parseExprAtom (/tmp/kavia/workspace/code-generation/tictactoeweb-620896-aa8990a6/tic_tac_toe_frontend/node_modules/@babel/parser/lib/index.js:11100:27)
    at FlowParserMixin.parseExprAtom (/tmp/kavia/workspace/code-generation/tictactoeweb-620896-aa8990a6/tic_tac_toe_frontend/node_modules/@babel/parser/lib/index.js:6937:20)
    at FlowParserMixin.parseExprSubscripts (/tmp/kavia/workspace/code-generation/tictactoeweb-620896-aa8990a6/tic_tac_toe_frontend/node_modules/@babel/parser/lib/index.js:10758:23)
    at FlowParserMixin.parseUpdate (/tmp/kavia/workspace/code-generation/tictactoeweb-620896-aa8990a6/tic_tac_toe_frontend/node_modules/@babel/parser/lib/index.js:10743:21)
    at FlowParserMixin.parseMaybeUnary (/tmp/kavia/workspace/code-generation/tictactoeweb-620896-aa8990a6/tic_tac_toe_frontend/node_modules/@babel/parser/lib/index.js:10723:23)
    at FlowParserMixin.parseMaybeUnaryOrPrivate (/tmp/kavia/workspace/code-generation/tictactoeweb-620896-aa8990a6/tic_tac_toe_frontend/node_modules/@babel/parser/lib/index.js:10576:61)
    at FlowParserMixin.parseExprOps (/tmp/kavia/workspace/code-generation/tictactoeweb-620896-aa8990a6/tic_tac_toe_frontend/node_modules/@babel/parser/lib/index.js:10581:23)
    at FlowParserMixin.parseMaybeConditional (/tmp/kavia/workspace/code-generation/tictactoeweb-620896-aa8990a6/tic_tac_toe_frontend/node_modules/@babel/parser/lib/index.js:10558:23)
    at FlowParserMixin.parseMaybeAssign (/tmp/kavia/workspace/code-generation/tictactoeweb-620896-aa8990a6/tic_tac_toe_frontend/node_modules/@babel/parser/lib/index.js:10521:21)
    at FlowParserMixin.parseMaybeAssign (/tmp/kavia/workspace/code-generation/tictactoeweb-620896-aa8990a6/tic_tac_toe_frontend/node_modules/@babel/parser/lib/index.js:5773:18)
    at /tmp/kavia/workspace/code-generation/tictactoeweb-620896-aa8990a6/tic_tac_toe_frontend/node_modules/@babel/parser/lib/index.js:10491:39
    at FlowParserMixin.allowInAnd (/tmp/kavia/workspace/code-generation/tictactoeweb-620896-aa8990a6/tic_tac_toe_frontend/node_modules/@babel/parser/lib/index.js:12095:16)
    at FlowParserMixin.parseMaybeAssignAllowIn (/tmp/kavia/workspace/code-generation/tictactoeweb-620896-aa8990a6/tic_tac_toe_frontend/node_modules/@babel/parser/lib/index.js:10491:17)
    at FlowParserMixin.parseVar (/tmp/kavia/workspace/code-generation/tictactoeweb-620896-aa8990a6/tic_tac_toe_frontend/node_modules/@babel/parser/lib/index.js:13028:91)
    at FlowParserMixin.parseVarStatement (/tmp/kavia/workspace/code-generation/tictactoeweb-620896-aa8990a6/tic_tac_toe_frontend/node_modules/@babel/parser/lib/index.js:12874:10)
    at FlowParserMixin.parseStatementContent (/tmp/kavia/workspace/code-generation/tictactoeweb-620896-aa8990a6/tic_tac_toe_frontend/node_modules/@babel/parser/lib/index.js:12489:23)
    at FlowParserMixin.parseStatementLike (/tmp/kavia/workspace/code-generation/tictactoeweb-620896-aa8990a6/tic_tac_toe_frontend/node_modules/@babel/parser/lib/index.js:12406:17)
    at FlowParserMixin.parseStatementLike (/tmp/kavia/workspace/code-generation/tictactoeweb-620896-aa8990a6/tic_tac_toe_frontend/node_modules/@babel/parser/lib/index.js:5140:24)
    at FlowParserMixin.parseStatementListItem (/tmp/kavia/workspace/code-generation/tictactoeweb-620896-aa8990a6/tic_tac_toe_frontend/node_modules/@babel/parser/lib/index.js:12386:17)
    at FlowParserMixin.parseBlockOrModuleBlockBody (/tmp/kavia/workspace/code-generation/tictactoeweb-620896-aa8990a6/tic_tac_toe_frontend/node_modules/@babel/parser/lib/index.js:12960:61)
    at FlowParserMixin.parseBlockBody (/tmp/kavia/workspace/code-generation/tictactoeweb-620896-aa8990a6/tic_tac_toe_frontend/node_modules/@babel/parser/lib/index.js:12953:10)
    at FlowParserMixin.parseBlock (/tmp/kavia/workspace/code-generation/tictactoeweb-620896-aa8990a6/tic_tac_toe_frontend/node_modules/@babel/parser/lib/index.js:12941:10)
    at FlowParserMixin.parseTryStatement (/tmp/kavia/workspace/code-generation/tictactoeweb-620896-aa8990a6/tic_tac_toe_frontend/node_modules/@babel/parser/lib/index.js:12849:23)
    at FlowParserMixin.parseStatementContent (/tmp/kavia/workspace/code-generation/tictactoeweb-620896-aa8990a6/tic_tac_toe_frontend/node_modules/@babel/parser/lib/index.js:12443:21)
    at FlowParserMixin.parseStatementLike (/tmp/kavia/workspace/code-generation/tictactoeweb-620896-aa8990a6/tic_tac_toe_frontend/node_modules/@babel/parser/lib/index.js:12406:17)
    at FlowParserMixin.parseStatementLike (/tmp/kavia/workspace/code-generation/tictactoeweb-620896-aa8990a6/tic_tac_toe_frontend/node_modules/@babel/parser/lib/index.js:5140:24)
    at FlowParserMixin.parseStatementListItem (/tmp/kavia/workspace/code-generation/tictactoeweb-620896-aa8990a6/tic_tac_toe_frontend/node_modules/@babel/parser/lib/index.js:12386:17)
    at FlowParserMixin.parseBlockOrModuleBlockBody (/tmp/kavia/workspace/code-generation/tictactoeweb-620896-aa8990a6/tic_tac_toe_frontend/node_modules/@babel/parser/lib/index.js:12960:61)
    at FlowParserMixin.parseBlockBody (/tmp/kavia/workspace/code-generation/tictactoeweb-620896-aa8990a6/tic_tac_toe_frontend/node_modules/@babel/parser/lib/index.js:12953:10)
    at FlowParserMixin.parseBlock (/tmp/kavia/workspace/code-generation/tictactoeweb-620896-aa8990a6/tic_tac_toe_frontend/node_modules/@babel/parser/lib/index.js:12941:10)
    at FlowParserMixin.parseFunctionBody (/tmp/kavia/workspace/code-generation/tictactoeweb-620896-aa8990a6/tic_tac_toe_frontend/node_modules/@babel/parser/lib/index.js:11783:24)
    at FlowParserMixin.parseFunctionBody (/tmp/kavia/workspace/code-generation/tictactoeweb-620896-aa8990a6/tic_tac_toe_frontend/node_modules/@babel/parser/lib/index.js:5117:11)
    at FlowParserMixin.parseFunctionBodyAndFinish (/tmp/kavia/workspace/code-generation/tictactoeweb-620896-aa8990a6/tic_tac_toe_frontend/node_modules/@babel/parser/lib/index.js:11769:10)
    at FlowParserMixin.parseFunctionBodyAndFinish (/tmp/kavia/workspace/code-generation/tictactoeweb-620896-aa8990a6/tic_tac_toe_frontend/node_modules/@babel/parser/lib/index.js:5125:18)
    at /tmp/kavia/workspace/code-generation/tictactoeweb-620896-aa8990a6/tic_tac_toe_frontend/node_modules/@babel/parser/lib/index.js:13085:12
    at FlowParserMixin.withSmartMixTopicForbiddingContext (/tmp/kavia/workspace/code-generation/tictactoeweb-620896-aa8990a6/tic_tac_toe_frontend/node_modules/@babel/parser/lib/index.js:12077:14)
    at FlowParserMixin.parseFunction (/tmp/kavia/workspace/code-generation/tictactoeweb-620896-aa8990a6/tic_tac_toe_frontend/node_modules/@babel/parser/lib/index.js:13084:10)
    at FlowParserMixin.parseFunctionStatement (/tmp/kavia/workspace/code-generation/tictactoeweb-620896-aa8990a6/tic_tac_toe_frontend/node_modules/@babel/parser/lib/index.js:12769:17)
    at FlowParserMixin.parseStatementContent (/tmp/kavia/workspace/code-generation/tictactoeweb-620896-aa8990a6/tic_tac_toe_frontend/node_modules/@babel/parser/lib/index.js:12430:21)
    at FlowParserMixin.parseStatementLike (/tmp/kavia/workspace/code-generation/tictactoeweb-620896-aa8990a6/tic_tac_toe_frontend/node_modules/@babel/parser/lib/index.js:12406:17)
    at FlowParserMixin.parseStatementLike (/tmp/kavia/workspace/code-generation/tictactoeweb-620896-aa8990a6/tic_tac_toe_frontend/node_modules/@babel/parser/lib/index.js:5140:24)
    at FlowParserMixin.parseModuleItem (/tmp/kavia/workspace/code-generation/tictactoeweb-620896-aa8990a6/tic_tac_toe_frontend/node_modules/@babel/parser/lib/index.js:12383:17)
    at FlowParserMixin.parseBlockOrModuleBlockBody (/tmp/kavia/workspace/code-generation/tictactoeweb-620896-aa8990a6/tic_tac_toe_frontend/node_modules/@babel/parser/lib/index.js:12960:36)
    at FlowParserMixin.parseBlockBody (/tmp/kavia/workspace/code-generation/tictactoeweb-620896-aa8990a6/tic_tac_toe_frontend/node_modules/@babel/parser/lib/index.js:12953:10)
    at FlowParserMixin.parseProgram (/tmp/kavia/workspace/code-generation/tictactoeweb-620896-aa8990a6/tic_tac_toe_frontend/node_modules/@babel/parser/lib/index.js:12280:10)

ERROR in [eslint] 
src/App.js
  Line 32:18:  Parsing error: Unexpected reserved word 'await'. (32:18)

webpack compiled with 2 errors
Compiling...
Failed to compile.

[eslint] 
src/App.js
Syntax error: Unterminated JSX contents. (141:26) (141:26)
ERROR in ./src/App.js
Module build failed (from ./node_modules/babel-loader/lib/index.js):
SyntaxError: /tmp/kavia/workspace/code-generation/tictactoeweb-620896-aa8990a6/tic_tac_toe_frontend/src/App.js: Unterminated JSX contents. (141:26)

  139 |           <h1 className="ttt-title">
  140 |             <span style={{ color: "var(--primary)" }}>Tic</span>
> 141 |             <span> </span>
      |                           ^
  142 |
    at constructor (/tmp/kavia/workspace/code-generation/tictactoeweb-620896-aa8990a6/tic_tac_toe_frontend/node_modules/@babel/parser/lib/index.js:360:19)
    at FlowParserMixin.raise (/tmp/kavia/workspace/code-generation/tictactoeweb-620896-aa8990a6/tic_tac_toe_frontend/node_modules/@babel/parser/lib/index.js:3327:19)
    at FlowParserMixin.jsxReadToken (/tmp/kavia/workspace/code-generation/tictactoeweb-620896-aa8990a6/tic_tac_toe_frontend/node_modules/@babel/parser/lib/index.js:6621:20)
    at FlowParserMixin.getTokenFromCode (/tmp/kavia/workspace/code-generation/tictactoeweb-620896-aa8990a6/tic_tac_toe_frontend/node_modules/@babel/parser/lib/index.js:6947:12)
    at FlowParserMixin.getTokenFromCode (/tmp/kavia/workspace/code-generation/tictactoeweb-620896-aa8990a6/tic_tac_toe_frontend/node_modules/@babel/parser/lib/index.js:5419:13)
    at FlowParserMixin.nextToken (/tmp/kavia/workspace/code-generation/tictactoeweb-620896-aa8990a6/tic_tac_toe_frontend/node_modules/@babel/parser/lib/index.js:2510:10)
    at FlowParserMixin.next (/tmp/kavia/workspace/code-generation/tictactoeweb-620896-aa8990a6/tic_tac_toe_frontend/node_modules/@babel/parser/lib/index.js:2423:10)
    at FlowParserMixin.eat (/tmp/kavia/workspace/code-generation/tictactoeweb-620896-aa8990a6/tic_tac_toe_frontend/node_modules/@babel/parser/lib/index.js:2427:12)
    at FlowParserMixin.expect (/tmp/kavia/workspace/code-generation/tictactoeweb-620896-aa8990a6/tic_tac_toe_frontend/node_modules/@babel/parser/lib/index.js:3656:15)
    at FlowParserMixin.jsxParseClosingElementAt (/tmp/kavia/workspace/code-generation/tictactoeweb-620896-aa8990a6/tic_tac_toe_frontend/node_modules/@babel/parser/lib/index.js:6853:10)
    at FlowParserMixin.jsxParseElementAt (/tmp/kavia/workspace/code-generation/tictactoeweb-620896-aa8990a6/tic_tac_toe_frontend/node_modules/@babel/parser/lib/index.js:6868:37)
    at FlowParserMixin.jsxParseElementAt (/tmp/kavia/workspace/code-generation/tictactoeweb-620896-aa8990a6/tic_tac_toe_frontend/node_modules/@babel/parser/lib/index.js:6871:32)
    at FlowParserMixin.jsxParseElementAt (/tmp/kavia/workspace/code-generation/tictactoeweb-620896-aa8990a6/tic_tac_toe_frontend/node_modules/@babel/parser/lib/index.js:6871:32)
    at FlowParserMixin.jsxParseElementAt (/tmp/kavia/workspace/code-generation/tictactoeweb-620896-aa8990a6/tic_tac_toe_frontend/node_modules/@babel/parser/lib/index.js:6871:32)
    at FlowParserMixin.jsxParseElementAt (/tmp/kavia/workspace/code-generation/tictactoeweb-620896-aa8990a6/tic_tac_toe_frontend/node_modules/@babel/parser/lib/index.js:6871:32)
    at FlowParserMixin.jsxParseElement (/tmp/kavia/workspace/code-generation/tictactoeweb-620896-aa8990a6/tic_tac_toe_frontend/node_modules/@babel/parser/lib/index.js:6922:17)
    at FlowParserMixin.parseExprAtom (/tmp/kavia/workspace/code-generation/tictactoeweb-620896-aa8990a6/tic_tac_toe_frontend/node_modules/@babel/parser/lib/index.js:6932:19)
    at FlowParserMixin.parseExprSubscripts (/tmp/kavia/workspace/code-generation/tictactoeweb-620896-aa8990a6/tic_tac_toe_frontend/node_modules/@babel/parser/lib/index.js:10758:23)
    at FlowParserMixin.parseUpdate (/tmp/kavia/workspace/code-generation/tictactoeweb-620896-aa8990a6/tic_tac_toe_frontend/node_modules/@babel/parser/lib/index.js:10743:21)
    at FlowParserMixin.parseMaybeUnary (/tmp/kavia/workspace/code-generation/tictactoeweb-620896-aa8990a6/tic_tac_toe_frontend/node_modules/@babel/parser/lib/index.js:10723:23)
    at FlowParserMixin.parseMaybeUnaryOrPrivate (/tmp/kavia/workspace/code-generation/tictactoeweb-620896-aa8990a6/tic_tac_toe_frontend/node_modules/@babel/parser/lib/index.js:10576:61)
    at FlowParserMixin.parseExprOps (/tmp/kavia/workspace/code-generation/tictactoeweb-620896-aa8990a6/tic_tac_toe_frontend/node_modules/@babel/parser/lib/index.js:10581:23)
    at FlowParserMixin.parseMaybeConditional (/tmp/kavia/workspace/code-generation/tictactoeweb-620896-aa8990a6/tic_tac_toe_frontend/node_modules/@babel/parser/lib/index.js:10558:23)
    at FlowParserMixin.parseMaybeAssign (/tmp/kavia/workspace/code-generation/tictactoeweb-620896-aa8990a6/tic_tac_toe_frontend/node_modules/@babel/parser/lib/index.js:10521:21)
    at /tmp/kavia/workspace/code-generation/tictactoeweb-620896-aa8990a6/tic_tac_toe_frontend/node_modules/@babel/parser/lib/index.js:5722:39
    at FlowParserMixin.tryParse (/tmp/kavia/workspace/code-generation/tictactoeweb-620896-aa8990a6/tic_tac_toe_frontend/node_modules/@babel/parser/lib/index.js:3665:20)
    at FlowParserMixin.parseMaybeAssign (/tmp/kavia/workspace/code-generation/tictactoeweb-620896-aa8990a6/tic_tac_toe_frontend/node_modules/@babel/parser/lib/index.js:5722:18)
    at /tmp/kavia/workspace/code-generation/tictactoeweb-620896-aa8990a6/tic_tac_toe_frontend/node_modules/@babel/parser/lib/index.js:10491:39
    at FlowParserMixin.allowInAnd (/tmp/kavia/workspace/code-generation/tictactoeweb-620896-aa8990a6/tic_tac_toe_frontend/node_modules/@babel/parser/lib/index.js:12100:12)
    at FlowParserMixin.parseMaybeAssignAllowIn (/tmp/kavia/workspace/code-generation/tictactoeweb-620896-aa8990a6/tic_tac_toe_frontend/node_modules/@babel/parser/lib/index.js:10491:17)
    at FlowParserMixin.parseParenAndDistinguishExpression (/tmp/kavia/workspace/code-generation/tictactoeweb-620896-aa8990a6/tic_tac_toe_frontend/node_modules/@babel/parser/lib/index.js:11359:28)
    at FlowParserMixin.parseParenAndDistinguishExpression (/tmp/kavia/workspace/code-generation/tictactoeweb-620896-aa8990a6/tic_tac_toe_frontend/node_modules/@babel/parser/lib/index.js:5815:18)
    at FlowParserMixin.parseExprAtom (/tmp/kavia/workspace/code-generation/tictactoeweb-620896-aa8990a6/tic_tac_toe_frontend/node_modules/@babel/parser/lib/index.js:11006:23)
    at FlowParserMixin.parseExprAtom (/tmp/kavia/workspace/code-generation/tictactoeweb-620896-aa8990a6/tic_tac_toe_frontend/node_modules/@babel/parser/lib/index.js:6937:20)
    at FlowParserMixin.parseExprSubscripts (/tmp/kavia/workspace/code-generation/tictactoeweb-620896-aa8990a6/tic_tac_toe_frontend/node_modules/@babel/parser/lib/index.js:10758:23)
    at FlowParserMixin.parseUpdate (/tmp/kavia/workspace/code-generation/tictactoeweb-620896-aa8990a6/tic_tac_toe_frontend/node_modules/@babel/parser/lib/index.js:10743:21)
    at FlowParserMixin.parseMaybeUnary (/tmp/kavia/workspace/code-generation/tictactoeweb-620896-aa8990a6/tic_tac_toe_frontend/node_modules/@babel/parser/lib/index.js:10723:23)
    at FlowParserMixin.parseMaybeUnaryOrPrivate (/tmp/kavia/workspace/code-generation/tictactoeweb-620896-aa8990a6/tic_tac_toe_frontend/node_modules/@babel/parser/lib/index.js:10576:61)
    at FlowParserMixin.parseExprOps (/tmp/kavia/workspace/code-generation/tictactoeweb-620896-aa8990a6/tic_tac_toe_frontend/node_modules/@babel/parser/lib/index.js:10581:23)
    at FlowParserMixin.parseMaybeConditional (/tmp/kavia/workspace/code-generation/tictactoeweb-620896-aa8990a6/tic_tac_toe_frontend/node_modules/@babel/parser/lib/index.js:10558:23)
    at FlowParserMixin.parseMaybeAssign (/tmp/kavia/workspace/code-generation/tictactoeweb-620896-aa8990a6/tic_tac_toe_frontend/node_modules/@babel/parser/lib/index.js:10521:21)
    at FlowParserMixin.parseMaybeAssign (/tmp/kavia/workspace/code-generation/tictactoeweb-620896-aa8990a6/tic_tac_toe_frontend/node_modules/@babel/parser/lib/index.js:5773:18)
    at FlowParserMixin.parseExpressionBase (/tmp/kavia/workspace/code-generation/tictactoeweb-620896-aa8990a6/tic_tac_toe_frontend/node_modules/@babel/parser/lib/index.js:10475:23)
    at /tmp/kavia/workspace/code-generation/tictactoeweb-620896-aa8990a6/tic_tac_toe_frontend/node_modules/@babel/parser/lib/index.js:10471:39
    at FlowParserMixin.allowInAnd (/tmp/kavia/workspace/code-generation/tictactoeweb-620896-aa8990a6/tic_tac_toe_frontend/node_modules/@babel/parser/lib/index.js:12095:16)
    at FlowParserMixin.parseExpression (/tmp/kavia/workspace/code-generation/tictactoeweb-620896-aa8990a6/tic_tac_toe_frontend/node_modules/@babel/parser/lib/index.js:10471:17)
    at FlowParserMixin.parseReturnStatement (/tmp/kavia/workspace/code-generation/tictactoeweb-620896-aa8990a6/tic_tac_toe_frontend/node_modules/@babel/parser/lib/index.js:12786:28)
    at FlowParserMixin.parseStatementContent (/tmp/kavia/workspace/code-generation/tictactoeweb-620896-aa8990a6/tic_tac_toe_frontend/node_modules/@babel/parser/lib/index.js:12437:21)
    at FlowParserMixin.parseStatementLike (/tmp/kavia/workspace/code-generation/tictactoeweb-620896-aa8990a6/tic_tac_toe_frontend/node_modules/@babel/parser/lib/index.js:12406:17)
    at FlowParserMixin.parseStatementLike (/tmp/kavia/workspace/code-generation/tictactoeweb-620896-aa8990a6/tic_tac_toe_frontend/node_modules/@babel/parser/lib/index.js:5140:24)

ERROR in [eslint] 
src/App.js
  Line 141:26:  Parsing error: Unterminated JSX contents. (141:26)

webpack compiled with 2 errors
Compiling...
Failed to compile.

[eslint] 
src/App.js
Syntax error: Unexpected reserved word 'await'. (32:18) (32:18)
ERROR in ./src/App.js
Module build failed (from ./node_modules/babel-loader/lib/index.js):
SyntaxError: /tmp/kavia/workspace/code-generation/tictactoeweb-620896-aa8990a6/tic_tac_toe_frontend/src/App.js: Unexpected reserved word 'await'. (32:18)

  30 |     try {
  31 |       // POST to backend's "start game" endpoint
> 32 |       const res = await fetch(`${API_BASE_URL}/start`, { method: "POST" });
     |                   ^
  33 |       const data = await res.json();
  34 |       setGameId(data.game_id || data.id || null);
  35 |       setBoard(data.board || Array(9).fill(""));
    at constructor (/tmp/kavia/workspace/code-generation/tictactoeweb-620896-aa8990a6/tic_tac_toe_frontend/node_modules/@babel/parser/lib/index.js:360:19)
    at FlowParserMixin.raise (/tmp/kavia/workspace/code-generation/tictactoeweb-620896-aa8990a6/tic_tac_toe_frontend/node_modules/@babel/parser/lib/index.js:3327:19)
    at FlowParserMixin.checkReservedWord (/tmp/kavia/workspace/code-generation/tictactoeweb-620896-aa8990a6/tic_tac_toe_frontend/node_modules/@babel/parser/lib/index.js:11909:12)
    at FlowParserMixin.parseIdentifierName (/tmp/kavia/workspace/code-generation/tictactoeweb-620896-aa8990a6/tic_tac_toe_frontend/node_modules/@babel/parser/lib/index.js:11889:12)
    at FlowParserMixin.parseIdentifier (/tmp/kavia/workspace/code-generation/tictactoeweb-620896-aa8990a6/tic_tac_toe_frontend/node_modules/@babel/parser/lib/index.js:11864:23)
    at FlowParserMixin.parseExprAtom (/tmp/kavia/workspace/code-generation/tictactoeweb-620896-aa8990a6/tic_tac_toe_frontend/node_modules/@babel/parser/lib/index.js:11100:27)
    at FlowParserMixin.parseExprAtom (/tmp/kavia/workspace/code-generation/tictactoeweb-620896-aa8990a6/tic_tac_toe_frontend/node_modules/@babel/parser/lib/index.js:6937:20)
    at FlowParserMixin.parseExprSubscripts (/tmp/kavia/workspace/code-generation/tictactoeweb-620896-aa8990a6/tic_tac_toe_frontend/node_modules/@babel/parser/lib/index.js:10758:23)
    at FlowParserMixin.parseUpdate (/tmp/kavia/workspace/code-generation/tictactoeweb-620896-aa8990a6/tic_tac_toe_frontend/node_modules/@babel/parser/lib/index.js:10743:21)
    at FlowParserMixin.parseMaybeUnary (/tmp/kavia/workspace/code-generation/tictactoeweb-620896-aa8990a6/tic_tac_toe_frontend/node_modules/@babel/parser/lib/index.js:10723:23)
    at FlowParserMixin.parseMaybeUnaryOrPrivate (/tmp/kavia/workspace/code-generation/tictactoeweb-620896-aa8990a6/tic_tac_toe_frontend/node_modules/@babel/parser/lib/index.js:10576:61)
    at FlowParserMixin.parseExprOps (/tmp/kavia/workspace/code-generation/tictactoeweb-620896-aa8990a6/tic_tac_toe_frontend/node_modules/@babel/parser/lib/index.js:10581:23)
    at FlowParserMixin.parseMaybeConditional (/tmp/kavia/workspace/code-generation/tictactoeweb-620896-aa8990a6/tic_tac_toe_frontend/node_modules/@babel/parser/lib/index.js:10558:23)
    at FlowParserMixin.parseMaybeAssign (/tmp/kavia/workspace/code-generation/tictactoeweb-620896-aa8990a6/tic_tac_toe_frontend/node_modules/@babel/parser/lib/index.js:10521:21)
    at FlowParserMixin.parseMaybeAssign (/tmp/kavia/workspace/code-generation/tictactoeweb-620896-aa8990a6/tic_tac_toe_frontend/node_modules/@babel/parser/lib/index.js:5773:18)
    at /tmp/kavia/workspace/code-generation/tictactoeweb-620896-aa8990a6/tic_tac_toe_frontend/node_modules/@babel/parser/lib/index.js:10491:39
    at FlowParserMixin.allowInAnd (/tmp/kavia/workspace/code-generation/tictactoeweb-620896-aa8990a6/tic_tac_toe_frontend/node_modules/@babel/parser/lib/index.js:12095:16)
    at FlowParserMixin.parseMaybeAssignAllowIn (/tmp/kavia/workspace/code-generation/tictactoeweb-620896-aa8990a6/tic_tac_toe_frontend/node_modules/@babel/parser/lib/index.js:10491:17)
    at FlowParserMixin.parseVar (/tmp/kavia/workspace/code-generation/tictactoeweb-620896-aa8990a6/tic_tac_toe_frontend/node_modules/@babel/parser/lib/index.js:13028:91)
    at FlowParserMixin.parseVarStatement (/tmp/kavia/workspace/code-generation/tictactoeweb-620896-aa8990a6/tic_tac_toe_frontend/node_modules/@babel/parser/lib/index.js:12874:10)
    at FlowParserMixin.parseStatementContent (/tmp/kavia/workspace/code-generation/tictactoeweb-620896-aa8990a6/tic_tac_toe_frontend/node_modules/@babel/parser/lib/index.js:12489:23)
    at FlowParserMixin.parseStatementLike (/tmp/kavia/workspace/code-generation/tictactoeweb-620896-aa8990a6/tic_tac_toe_frontend/node_modules/@babel/parser/lib/index.js:12406:17)
    at FlowParserMixin.parseStatementLike (/tmp/kavia/workspace/code-generation/tictactoeweb-620896-aa8990a6/tic_tac_toe_frontend/node_modules/@babel/parser/lib/index.js:5140:24)
    at FlowParserMixin.parseStatementListItem (/tmp/kavia/workspace/code-generation/tictactoeweb-620896-aa8990a6/tic_tac_toe_frontend/node_modules/@babel/parser/lib/index.js:12386:17)
    at FlowParserMixin.parseBlockOrModuleBlockBody (/tmp/kavia/workspace/code-generation/tictactoeweb-620896-aa8990a6/tic_tac_toe_frontend/node_modules/@babel/parser/lib/index.js:12960:61)
    at FlowParserMixin.parseBlockBody (/tmp/kavia/workspace/code-generation/tictactoeweb-620896-aa8990a6/tic_tac_toe_frontend/node_modules/@babel/parser/lib/index.js:12953:10)
    at FlowParserMixin.parseBlock (/tmp/kavia/workspace/code-generation/tictactoeweb-620896-aa8990a6/tic_tac_toe_frontend/node_modules/@babel/parser/lib/index.js:12941:10)
    at FlowParserMixin.parseTryStatement (/tmp/kavia/workspace/code-generation/tictactoeweb-620896-aa8990a6/tic_tac_toe_frontend/node_modules/@babel/parser/lib/index.js:12849:23)
    at FlowParserMixin.parseStatementContent (/tmp/kavia/workspace/code-generation/tictactoeweb-620896-aa8990a6/tic_tac_toe_frontend/node_modules/@babel/parser/lib/index.js:12443:21)
    at FlowParserMixin.parseStatementLike (/tmp/kavia/workspace/code-generation/tictactoeweb-620896-aa8990a6/tic_tac_toe_frontend/node_modules/@babel/parser/lib/index.js:12406:17)
    at FlowParserMixin.parseStatementLike (/tmp/kavia/workspace/code-generation/tictactoeweb-620896-aa8990a6/tic_tac_toe_frontend/node_modules/@babel/parser/lib/index.js:5140:24)
    at FlowParserMixin.parseStatementListItem (/tmp/kavia/workspace/code-generation/tictactoeweb-620896-aa8990a6/tic_tac_toe_frontend/node_modules/@babel/parser/lib/index.js:12386:17)
    at FlowParserMixin.parseBlockOrModuleBlockBody (/tmp/kavia/workspace/code-generation/tictactoeweb-620896-aa8990a6/tic_tac_toe_frontend/node_modules/@babel/parser/lib/index.js:12960:61)
    at FlowParserMixin.parseBlockBody (/tmp/kavia/workspace/code-generation/tictactoeweb-620896-aa8990a6/tic_tac_toe_frontend/node_modules/@babel/parser/lib/index.js:12953:10)
    at FlowParserMixin.parseBlock (/tmp/kavia/workspace/code-generation/tictactoeweb-620896-aa8990a6/tic_tac_toe_frontend/node_modules/@babel/parser/lib/index.js:12941:10)
    at FlowParserMixin.parseFunctionBody (/tmp/kavia/workspace/code-generation/tictactoeweb-620896-aa8990a6/tic_tac_toe_frontend/node_modules/@babel/parser/lib/index.js:11783:24)
    at FlowParserMixin.parseFunctionBody (/tmp/kavia/workspace/code-generation/tictactoeweb-620896-aa8990a6/tic_tac_toe_frontend/node_modules/@babel/parser/lib/index.js:5117:11)
    at FlowParserMixin.parseFunctionBodyAndFinish (/tmp/kavia/workspace/code-generation/tictactoeweb-620896-aa8990a6/tic_tac_toe_frontend/node_modules/@babel/parser/lib/index.js:11769:10)
    at FlowParserMixin.parseFunctionBodyAndFinish (/tmp/kavia/workspace/code-generation/tictactoeweb-620896-aa8990a6/tic_tac_toe_frontend/node_modules/@babel/parser/lib/index.js:5125:18)
    at /tmp/kavia/workspace/code-generation/tictactoeweb-620896-aa8990a6/tic_tac_toe_frontend/node_modules/@babel/parser/lib/index.js:13085:12
    at FlowParserMixin.withSmartMixTopicForbiddingContext (/tmp/kavia/workspace/code-generation/tictactoeweb-620896-aa8990a6/tic_tac_toe_frontend/node_modules/@babel/parser/lib/index.js:12077:14)
    at FlowParserMixin.parseFunction (/tmp/kavia/workspace/code-generation/tictactoeweb-620896-aa8990a6/tic_tac_toe_frontend/node_modules/@babel/parser/lib/index.js:13084:10)
    at FlowParserMixin.parseFunctionStatement (/tmp/kavia/workspace/code-generation/tictactoeweb-620896-aa8990a6/tic_tac_toe_frontend/node_modules/@babel/parser/lib/index.js:12769:17)
    at FlowParserMixin.parseStatementContent (/tmp/kavia/workspace/code-generation/tictactoeweb-620896-aa8990a6/tic_tac_toe_frontend/node_modules/@babel/parser/lib/index.js:12430:21)
    at FlowParserMixin.parseStatementLike (/tmp/kavia/workspace/code-generation/tictactoeweb-620896-aa8990a6/tic_tac_toe_frontend/node_modules/@babel/parser/lib/index.js:12406:17)
    at FlowParserMixin.parseStatementLike (/tmp/kavia/workspace/code-generation/tictactoeweb-620896-aa8990a6/tic_tac_toe_frontend/node_modules/@babel/parser/lib/index.js:5140:24)
    at FlowParserMixin.parseModuleItem (/tmp/kavia/workspace/code-generation/tictactoeweb-620896-aa8990a6/tic_tac_toe_frontend/node_modules/@babel/parser/lib/index.js:12383:17)
    at FlowParserMixin.parseBlockOrModuleBlockBody (/tmp/kavia/workspace/code-generation/tictactoeweb-620896-aa8990a6/tic_tac_toe_frontend/node_modules/@babel/parser/lib/index.js:12960:36)
    at FlowParserMixin.parseBlockBody (/tmp/kavia/workspace/code-generation/tictactoeweb-620896-aa8990a6/tic_tac_toe_frontend/node_modules/@babel/parser/lib/index.js:12953:10)
    at FlowParserMixin.parseProgram (/tmp/kavia/workspace/code-generation/tictactoeweb-620896-aa8990a6/tic_tac_toe_frontend/node_modules/@babel/parser/lib/index.js:12280:10)

ERROR in [eslint] 
src/App.js
  Line 32:18:  Parsing error: Unexpected reserved word 'await'. (32:18)

webpack compiled with 2 errors
Compiling...
Failed to compile.

[eslint] 
src/App.js
Syntax error: Unterminated JSX contents. (143:26) (143:26)
ERROR in ./src/App.js
Module build failed (from ./node_modules/babel-loader/lib/index.js):
SyntaxError: /tmp/kavia/workspace/code-generation/tictactoeweb-620896-aa8990a6/tic_tac_toe_frontend/src/App.js: Unterminated JSX contents. (143:26)

  141 |             <span> </span>
  142 |             <span style={{ color: "var(--accent)" }}>Tac</span>
> 143 |             <span> </span>
      |                           ^
  144 |
    at constructor (/tmp/kavia/workspace/code-generation/tictactoeweb-620896-aa8990a6/tic_tac_toe_frontend/node_modules/@babel/parser/lib/index.js:360:19)
    at FlowParserMixin.raise (/tmp/kavia/workspace/code-generation/tictactoeweb-620896-aa8990a6/tic_tac_toe_frontend/node_modules/@babel/parser/lib/index.js:3327:19)
    at FlowParserMixin.jsxReadToken (/tmp/kavia/workspace/code-generation/tictactoeweb-620896-aa8990a6/tic_tac_toe_frontend/node_modules/@babel/parser/lib/index.js:6621:20)
    at FlowParserMixin.getTokenFromCode (/tmp/kavia/workspace/code-generation/tictactoeweb-620896-aa8990a6/tic_tac_toe_frontend/node_modules/@babel/parser/lib/index.js:6947:12)
    at FlowParserMixin.getTokenFromCode (/tmp/kavia/workspace/code-generation/tictactoeweb-620896-aa8990a6/tic_tac_toe_frontend/node_modules/@babel/parser/lib/index.js:5419:13)
    at FlowParserMixin.nextToken (/tmp/kavia/workspace/code-generation/tictactoeweb-620896-aa8990a6/tic_tac_toe_frontend/node_modules/@babel/parser/lib/index.js:2510:10)
    at FlowParserMixin.next (/tmp/kavia/workspace/code-generation/tictactoeweb-620896-aa8990a6/tic_tac_toe_frontend/node_modules/@babel/parser/lib/index.js:2423:10)
    at FlowParserMixin.eat (/tmp/kavia/workspace/code-generation/tictactoeweb-620896-aa8990a6/tic_tac_toe_frontend/node_modules/@babel/parser/lib/index.js:2427:12)
    at FlowParserMixin.expect (/tmp/kavia/workspace/code-generation/tictactoeweb-620896-aa8990a6/tic_tac_toe_frontend/node_modules/@babel/parser/lib/index.js:3656:15)
    at FlowParserMixin.jsxParseClosingElementAt (/tmp/kavia/workspace/code-generation/tictactoeweb-620896-aa8990a6/tic_tac_toe_frontend/node_modules/@babel/parser/lib/index.js:6853:10)
    at FlowParserMixin.jsxParseElementAt (/tmp/kavia/workspace/code-generation/tictactoeweb-620896-aa8990a6/tic_tac_toe_frontend/node_modules/@babel/parser/lib/index.js:6868:37)
    at FlowParserMixin.jsxParseElementAt (/tmp/kavia/workspace/code-generation/tictactoeweb-620896-aa8990a6/tic_tac_toe_frontend/node_modules/@babel/parser/lib/index.js:6871:32)
    at FlowParserMixin.jsxParseElementAt (/tmp/kavia/workspace/code-generation/tictactoeweb-620896-aa8990a6/tic_tac_toe_frontend/node_modules/@babel/parser/lib/index.js:6871:32)
    at FlowParserMixin.jsxParseElementAt (/tmp/kavia/workspace/code-generation/tictactoeweb-620896-aa8990a6/tic_tac_toe_frontend/node_modules/@babel/parser/lib/index.js:6871:32)
    at FlowParserMixin.jsxParseElementAt (/tmp/kavia/workspace/code-generation/tictactoeweb-620896-aa8990a6/tic_tac_toe_frontend/node_modules/@babel/parser/lib/index.js:6871:32)
    at FlowParserMixin.jsxParseElement (/tmp/kavia/workspace/code-generation/tictactoeweb-620896-aa8990a6/tic_tac_toe_frontend/node_modules/@babel/parser/lib/index.js:6922:17)
    at FlowParserMixin.parseExprAtom (/tmp/kavia/workspace/code-generation/tictactoeweb-620896-aa8990a6/tic_tac_toe_frontend/node_modules/@babel/parser/lib/index.js:6932:19)
    at FlowParserMixin.parseExprSubscripts (/tmp/kavia/workspace/code-generation/tictactoeweb-620896-aa8990a6/tic_tac_toe_frontend/node_modules/@babel/parser/lib/index.js:10758:23)
    at FlowParserMixin.parseUpdate (/tmp/kavia/workspace/code-generation/tictactoeweb-620896-aa8990a6/tic_tac_toe_frontend/node_modules/@babel/parser/lib/index.js:10743:21)
    at FlowParserMixin.parseMaybeUnary (/tmp/kavia/workspace/code-generation/tictactoeweb-620896-aa8990a6/tic_tac_toe_frontend/node_modules/@babel/parser/lib/index.js:10723:23)
    at FlowParserMixin.parseMaybeUnaryOrPrivate (/tmp/kavia/workspace/code-generation/tictactoeweb-620896-aa8990a6/tic_tac_toe_frontend/node_modules/@babel/parser/lib/index.js:10576:61)
    at FlowParserMixin.parseExprOps (/tmp/kavia/workspace/code-generation/tictactoeweb-620896-aa8990a6/tic_tac_toe_frontend/node_modules/@babel/parser/lib/index.js:10581:23)
    at FlowParserMixin.parseMaybeConditional (/tmp/kavia/workspace/code-generation/tictactoeweb-620896-aa8990a6/tic_tac_toe_frontend/node_modules/@babel/parser/lib/index.js:10558:23)
    at FlowParserMixin.parseMaybeAssign (/tmp/kavia/workspace/code-generation/tictactoeweb-620896-aa8990a6/tic_tac_toe_frontend/node_modules/@babel/parser/lib/index.js:10521:21)
    at /tmp/kavia/workspace/code-generation/tictactoeweb-620896-aa8990a6/tic_tac_toe_frontend/node_modules/@babel/parser/lib/index.js:5722:39
    at FlowParserMixin.tryParse (/tmp/kavia/workspace/code-generation/tictactoeweb-620896-aa8990a6/tic_tac_toe_frontend/node_modules/@babel/parser/lib/index.js:3665:20)
    at FlowParserMixin.parseMaybeAssign (/tmp/kavia/workspace/code-generation/tictactoeweb-620896-aa8990a6/tic_tac_toe_frontend/node_modules/@babel/parser/lib/index.js:5722:18)
    at /tmp/kavia/workspace/code-generation/tictactoeweb-620896-aa8990a6/tic_tac_toe_frontend/node_modules/@babel/parser/lib/index.js:10491:39
    at FlowParserMixin.allowInAnd (/tmp/kavia/workspace/code-generation/tictactoeweb-620896-aa8990a6/tic_tac_toe_frontend/node_modules/@babel/parser/lib/index.js:12100:12)
    at FlowParserMixin.parseMaybeAssignAllowIn (/tmp/kavia/workspace/code-generation/tictactoeweb-620896-aa8990a6/tic_tac_toe_frontend/node_modules/@babel/parser/lib/index.js:10491:17)
    at FlowParserMixin.parseParenAndDistinguishExpression (/tmp/kavia/workspace/code-generation/tictactoeweb-620896-aa8990a6/tic_tac_toe_frontend/node_modules/@babel/parser/lib/index.js:11359:28)
    at FlowParserMixin.parseParenAndDistinguishExpression (/tmp/kavia/workspace/code-generation/tictactoeweb-620896-aa8990a6/tic_tac_toe_frontend/node_modules/@babel/parser/lib/index.js:5815:18)
    at FlowParserMixin.parseExprAtom (/tmp/kavia/workspace/code-generation/tictactoeweb-620896-aa8990a6/tic_tac_toe_frontend/node_modules/@babel/parser/lib/index.js:11006:23)
    at FlowParserMixin.parseExprAtom (/tmp/kavia/workspace/code-generation/tictactoeweb-620896-aa8990a6/tic_tac_toe_frontend/node_modules/@babel/parser/lib/index.js:6937:20)
    at FlowParserMixin.parseExprSubscripts (/tmp/kavia/workspace/code-generation/tictactoeweb-620896-aa8990a6/tic_tac_toe_frontend/node_modules/@babel/parser/lib/index.js:10758:23)
    at FlowParserMixin.parseUpdate (/tmp/kavia/workspace/code-generation/tictactoeweb-620896-aa8990a6/tic_tac_toe_frontend/node_modules/@babel/parser/lib/index.js:10743:21)
    at FlowParserMixin.parseMaybeUnary (/tmp/kavia/workspace/code-generation/tictactoeweb-620896-aa8990a6/tic_tac_toe_frontend/node_modules/@babel/parser/lib/index.js:10723:23)
    at FlowParserMixin.parseMaybeUnaryOrPrivate (/tmp/kavia/workspace/code-generation/tictactoeweb-620896-aa8990a6/tic_tac_toe_frontend/node_modules/@babel/parser/lib/index.js:10576:61)
    at FlowParserMixin.parseExprOps (/tmp/kavia/workspace/code-generation/tictactoeweb-620896-aa8990a6/tic_tac_toe_frontend/node_modules/@babel/parser/lib/index.js:10581:23)
    at FlowParserMixin.parseMaybeConditional (/tmp/kavia/workspace/code-generation/tictactoeweb-620896-aa8990a6/tic_tac_toe_frontend/node_modules/@babel/parser/lib/index.js:10558:23)
    at FlowParserMixin.parseMaybeAssign (/tmp/kavia/workspace/code-generation/tictactoeweb-620896-aa8990a6/tic_tac_toe_frontend/node_modules/@babel/parser/lib/index.js:10521:21)
    at FlowParserMixin.parseMaybeAssign (/tmp/kavia/workspace/code-generation/tictactoeweb-620896-aa8990a6/tic_tac_toe_frontend/node_modules/@babel/parser/lib/index.js:5773:18)
    at FlowParserMixin.parseExpressionBase (/tmp/kavia/workspace/code-generation/tictactoeweb-620896-aa8990a6/tic_tac_toe_frontend/node_modules/@babel/parser/lib/index.js:10475:23)
    at /tmp/kavia/workspace/code-generation/tictactoeweb-620896-aa8990a6/tic_tac_toe_frontend/node_modules/@babel/parser/lib/index.js:10471:39
    at FlowParserMixin.allowInAnd (/tmp/kavia/workspace/code-generation/tictactoeweb-620896-aa8990a6/tic_tac_toe_frontend/node_modules/@babel/parser/lib/index.js:12095:16)
    at FlowParserMixin.parseExpression (/tmp/kavia/workspace/code-generation/tictactoeweb-620896-aa8990a6/tic_tac_toe_frontend/node_modules/@babel/parser/lib/index.js:10471:17)
    at FlowParserMixin.parseReturnStatement (/tmp/kavia/workspace/code-generation/tictactoeweb-620896-aa8990a6/tic_tac_toe_frontend/node_modules/@babel/parser/lib/index.js:12786:28)
    at FlowParserMixin.parseStatementContent (/tmp/kavia/workspace/code-generation/tictactoeweb-620896-aa8990a6/tic_tac_toe_frontend/node_modules/@babel/parser/lib/index.js:12437:21)
    at FlowParserMixin.parseStatementLike (/tmp/kavia/workspace/code-generation/tictactoeweb-620896-aa8990a6/tic_tac_toe_frontend/node_modules/@babel/parser/lib/index.js:12406:17)
    at FlowParserMixin.parseStatementLike (/tmp/kavia/workspace/code-generation/tictactoeweb-620896-aa8990a6/tic_tac_toe_frontend/node_modules/@babel/parser/lib/index.js:5140:24)

ERROR in [eslint] 
src/App.js
  Line 143:26:  Parsing error: Unterminated JSX contents. (143:26)

webpack compiled with 2 errors
Compiling...
Failed to compile.

[eslint] 
src/App.js
Syntax error: Unexpected reserved word 'await'. (32:18) (32:18)
ERROR in ./src/App.js
Module build failed (from ./node_modules/babel-loader/lib/index.js):
SyntaxError: /tmp/kavia/workspace/code-generation/tictactoeweb-620896-aa8990a6/tic_tac_toe_frontend/src/App.js: Unexpected reserved word 'await'. (32:18)

  30 |     try {
  31 |       // POST to backend's "start game" endpoint
> 32 |       const res = await fetch(`${API_BASE_URL}/start`, { method: "POST" });
     |                   ^
  33 |       const data = await res.json();
  34 |       setGameId(data.game_id || data.id || null);
  35 |       setBoard(data.board || Array(9).fill(""));
    at constructor (/tmp/kavia/workspace/code-generation/tictactoeweb-620896-aa8990a6/tic_tac_toe_frontend/node_modules/@babel/parser/lib/index.js:360:19)
    at FlowParserMixin.raise (/tmp/kavia/workspace/code-generation/tictactoeweb-620896-aa8990a6/tic_tac_toe_frontend/node_modules/@babel/parser/lib/index.js:3327:19)
    at FlowParserMixin.checkReservedWord (/tmp/kavia/workspace/code-generation/tictactoeweb-620896-aa8990a6/tic_tac_toe_frontend/node_modules/@babel/parser/lib/index.js:11909:12)
    at FlowParserMixin.parseIdentifierName (/tmp/kavia/workspace/code-generation/tictactoeweb-620896-aa8990a6/tic_tac_toe_frontend/node_modules/@babel/parser/lib/index.js:11889:12)
    at FlowParserMixin.parseIdentifier (/tmp/kavia/workspace/code-generation/tictactoeweb-620896-aa8990a6/tic_tac_toe_frontend/node_modules/@babel/parser/lib/index.js:11864:23)
    at FlowParserMixin.parseExprAtom (/tmp/kavia/workspace/code-generation/tictactoeweb-620896-aa8990a6/tic_tac_toe_frontend/node_modules/@babel/parser/lib/index.js:11100:27)
    at FlowParserMixin.parseExprAtom (/tmp/kavia/workspace/code-generation/tictactoeweb-620896-aa8990a6/tic_tac_toe_frontend/node_modules/@babel/parser/lib/index.js:6937:20)
    at FlowParserMixin.parseExprSubscripts (/tmp/kavia/workspace/code-generation/tictactoeweb-620896-aa8990a6/tic_tac_toe_frontend/node_modules/@babel/parser/lib/index.js:10758:23)
    at FlowParserMixin.parseUpdate (/tmp/kavia/workspace/code-generation/tictactoeweb-620896-aa8990a6/tic_tac_toe_frontend/node_modules/@babel/parser/lib/index.js:10743:21)
    at FlowParserMixin.parseMaybeUnary (/tmp/kavia/workspace/code-generation/tictactoeweb-620896-aa8990a6/tic_tac_toe_frontend/node_modules/@babel/parser/lib/index.js:10723:23)
    at FlowParserMixin.parseMaybeUnaryOrPrivate (/tmp/kavia/workspace/code-generation/tictactoeweb-620896-aa8990a6/tic_tac_toe_frontend/node_modules/@babel/parser/lib/index.js:10576:61)
    at FlowParserMixin.parseExprOps (/tmp/kavia/workspace/code-generation/tictactoeweb-620896-aa8990a6/tic_tac_toe_frontend/node_modules/@babel/parser/lib/index.js:10581:23)
    at FlowParserMixin.parseMaybeConditional (/tmp/kavia/workspace/code-generation/tictactoeweb-620896-aa8990a6/tic_tac_toe_frontend/node_modules/@babel/parser/lib/index.js:10558:23)
    at FlowParserMixin.parseMaybeAssign (/tmp/kavia/workspace/code-generation/tictactoeweb-620896-aa8990a6/tic_tac_toe_frontend/node_modules/@babel/parser/lib/index.js:10521:21)
    at FlowParserMixin.parseMaybeAssign (/tmp/kavia/workspace/code-generation/tictactoeweb-620896-aa8990a6/tic_tac_toe_frontend/node_modules/@babel/parser/lib/index.js:5773:18)
    at /tmp/kavia/workspace/code-generation/tictactoeweb-620896-aa8990a6/tic_tac_toe_frontend/node_modules/@babel/parser/lib/index.js:10491:39
    at FlowParserMixin.allowInAnd (/tmp/kavia/workspace/code-generation/tictactoeweb-620896-aa8990a6/tic_tac_toe_frontend/node_modules/@babel/parser/lib/index.js:12095:16)
    at FlowParserMixin.parseMaybeAssignAllowIn (/tmp/kavia/workspace/code-generation/tictactoeweb-620896-aa8990a6/tic_tac_toe_frontend/node_modules/@babel/parser/lib/index.js:10491:17)
    at FlowParserMixin.parseVar (/tmp/kavia/workspace/code-generation/tictactoeweb-620896-aa8990a6/tic_tac_toe_frontend/node_modules/@babel/parser/lib/index.js:13028:91)
    at FlowParserMixin.parseVarStatement (/tmp/kavia/workspace/code-generation/tictactoeweb-620896-aa8990a6/tic_tac_toe_frontend/node_modules/@babel/parser/lib/index.js:12874:10)
    at FlowParserMixin.parseStatementContent (/tmp/kavia/workspace/code-generation/tictactoeweb-620896-aa8990a6/tic_tac_toe_frontend/node_modules/@babel/parser/lib/index.js:12489:23)
    at FlowParserMixin.parseStatementLike (/tmp/kavia/workspace/code-generation/tictactoeweb-620896-aa8990a6/tic_tac_toe_frontend/node_modules/@babel/parser/lib/index.js:12406:17)
    at FlowParserMixin.parseStatementLike (/tmp/kavia/workspace/code-generation/tictactoeweb-620896-aa8990a6/tic_tac_toe_frontend/node_modules/@babel/parser/lib/index.js:5140:24)
    at FlowParserMixin.parseStatementListItem (/tmp/kavia/workspace/code-generation/tictactoeweb-620896-aa8990a6/tic_tac_toe_frontend/node_modules/@babel/parser/lib/index.js:12386:17)
    at FlowParserMixin.parseBlockOrModuleBlockBody (/tmp/kavia/workspace/code-generation/tictactoeweb-620896-aa8990a6/tic_tac_toe_frontend/node_modules/@babel/parser/lib/index.js:12960:61)
    at FlowParserMixin.parseBlockBody (/tmp/kavia/workspace/code-generation/tictactoeweb-620896-aa8990a6/tic_tac_toe_frontend/node_modules/@babel/parser/lib/index.js:12953:10)
    at FlowParserMixin.parseBlock (/tmp/kavia/workspace/code-generation/tictactoeweb-620896-aa8990a6/tic_tac_toe_frontend/node_modules/@babel/parser/lib/index.js:12941:10)
    at FlowParserMixin.parseTryStatement (/tmp/kavia/workspace/code-generation/tictactoeweb-620896-aa8990a6/tic_tac_toe_frontend/node_modules/@babel/parser/lib/index.js:12849:23)
    at FlowParserMixin.parseStatementContent (/tmp/kavia/workspace/code-generation/tictactoeweb-620896-aa8990a6/tic_tac_toe_frontend/node_modules/@babel/parser/lib/index.js:12443:21)
    at FlowParserMixin.parseStatementLike (/tmp/kavia/workspace/code-generation/tictactoeweb-620896-aa8990a6/tic_tac_toe_frontend/node_modules/@babel/parser/lib/index.js:12406:17)
    at FlowParserMixin.parseStatementLike (/tmp/kavia/workspace/code-generation/tictactoeweb-620896-aa8990a6/tic_tac_toe_frontend/node_modules/@babel/parser/lib/index.js:5140:24)
    at FlowParserMixin.parseStatementListItem (/tmp/kavia/workspace/code-generation/tictactoeweb-620896-aa8990a6/tic_tac_toe_frontend/node_modules/@babel/parser/lib/index.js:12386:17)
    at FlowParserMixin.parseBlockOrModuleBlockBody (/tmp/kavia/workspace/code-generation/tictactoeweb-620896-aa8990a6/tic_tac_toe_frontend/node_modules/@babel/parser/lib/index.js:12960:61)
    at FlowParserMixin.parseBlockBody (/tmp/kavia/workspace/code-generation/tictactoeweb-620896-aa8990a6/tic_tac_toe_frontend/node_modules/@babel/parser/lib/index.js:12953:10)
    at FlowParserMixin.parseBlock (/tmp/kavia/workspace/code-generation/tictactoeweb-620896-aa8990a6/tic_tac_toe_frontend/node_modules/@babel/parser/lib/index.js:12941:10)
    at FlowParserMixin.parseFunctionBody (/tmp/kavia/workspace/code-generation/tictactoeweb-620896-aa8990a6/tic_tac_toe_frontend/node_modules/@babel/parser/lib/index.js:11783:24)
    at FlowParserMixin.parseFunctionBody (/tmp/kavia/workspace/code-generation/tictactoeweb-620896-aa8990a6/tic_tac_toe_frontend/node_modules/@babel/parser/lib/index.js:5117:11)
    at FlowParserMixin.parseFunctionBodyAndFinish (/tmp/kavia/workspace/code-generation/tictactoeweb-620896-aa8990a6/tic_tac_toe_frontend/node_modules/@babel/parser/lib/index.js:11769:10)
    at FlowParserMixin.parseFunctionBodyAndFinish (/tmp/kavia/workspace/code-generation/tictactoeweb-620896-aa8990a6/tic_tac_toe_frontend/node_modules/@babel/parser/lib/index.js:5125:18)
    at /tmp/kavia/workspace/code-generation/tictactoeweb-620896-aa8990a6/tic_tac_toe_frontend/node_modules/@babel/parser/lib/index.js:13085:12
    at FlowParserMixin.withSmartMixTopicForbiddingContext (/tmp/kavia/workspace/code-generation/tictactoeweb-620896-aa8990a6/tic_tac_toe_frontend/node_modules/@babel/parser/lib/index.js:12077:14)
    at FlowParserMixin.parseFunction (/tmp/kavia/workspace/code-generation/tictactoeweb-620896-aa8990a6/tic_tac_toe_frontend/node_modules/@babel/parser/lib/index.js:13084:10)
    at FlowParserMixin.parseFunctionStatement (/tmp/kavia/workspace/code-generation/tictactoeweb-620896-aa8990a6/tic_tac_toe_frontend/node_modules/@babel/parser/lib/index.js:12769:17)
    at FlowParserMixin.parseStatementContent (/tmp/kavia/workspace/code-generation/tictactoeweb-620896-aa8990a6/tic_tac_toe_frontend/node_modules/@babel/parser/lib/index.js:12430:21)
    at FlowParserMixin.parseStatementLike (/tmp/kavia/workspace/code-generation/tictactoeweb-620896-aa8990a6/tic_tac_toe_frontend/node_modules/@babel/parser/lib/index.js:12406:17)
    at FlowParserMixin.parseStatementLike (/tmp/kavia/workspace/code-generation/tictactoeweb-620896-aa8990a6/tic_tac_toe_frontend/node_modules/@babel/parser/lib/index.js:5140:24)
    at FlowParserMixin.parseModuleItem (/tmp/kavia/workspace/code-generation/tictactoeweb-620896-aa8990a6/tic_tac_toe_frontend/node_modules/@babel/parser/lib/index.js:12383:17)
    at FlowParserMixin.parseBlockOrModuleBlockBody (/tmp/kavia/workspace/code-generation/tictactoeweb-620896-aa8990a6/tic_tac_toe_frontend/node_modules/@babel/parser/lib/index.js:12960:36)
    at FlowParserMixin.parseBlockBody (/tmp/kavia/workspace/code-generation/tictactoeweb-620896-aa8990a6/tic_tac_toe_frontend/node_modules/@babel/parser/lib/index.js:12953:10)
    at FlowParserMixin.parseProgram (/tmp/kavia/workspace/code-generation/tictactoeweb-620896-aa8990a6/tic_tac_toe_frontend/node_modules/@babel/parser/lib/index.js:12280:10)

ERROR in [eslint] 
src/App.js
  Line 32:18:  Parsing error: Unexpected reserved word 'await'. (32:18)

webpack compiled with 2 errors
Compiling...
Failed to compile.

[eslint] 
src/App.js
Syntax error: Unexpected token (151:0) (151:undefined)
ERROR in ./src/App.js
Module build failed (from ./node_modules/babel-loader/lib/index.js):
SyntaxError: /tmp/kavia/workspace/code-generation/tictactoeweb-620896-aa8990a6/tic_tac_toe_frontend/src/App.js: Unexpected token (151:0)

  149 |               style={{ background: "var(--primary)" }}
  150 |               onClick={handleRestart}
> 151 |
      | ^
    at constructor (/tmp/kavia/workspace/code-generation/tictactoeweb-620896-aa8990a6/tic_tac_toe_frontend/node_modules/@babel/parser/lib/index.js:360:19)
    at FlowParserMixin.raise (/tmp/kavia/workspace/code-generation/tictactoeweb-620896-aa8990a6/tic_tac_toe_frontend/node_modules/@babel/parser/lib/index.js:3327:19)
    at FlowParserMixin.unexpected (/tmp/kavia/workspace/code-generation/tictactoeweb-620896-aa8990a6/tic_tac_toe_frontend/node_modules/@babel/parser/lib/index.js:3347:16)
    at FlowParserMixin.jsxParseIdentifier (/tmp/kavia/workspace/code-generation/tictactoeweb-620896-aa8990a6/tic_tac_toe_frontend/node_modules/@babel/parser/lib/index.js:6742:12)
    at FlowParserMixin.jsxParseNamespacedName (/tmp/kavia/workspace/code-generation/tictactoeweb-620896-aa8990a6/tic_tac_toe_frontend/node_modules/@babel/parser/lib/index.js:6749:23)
    at FlowParserMixin.jsxParseAttribute (/tmp/kavia/workspace/code-generation/tictactoeweb-620896-aa8990a6/tic_tac_toe_frontend/node_modules/@babel/parser/lib/index.js:6825:22)
    at FlowParserMixin.jsxParseOpeningElementAfterName (/tmp/kavia/workspace/code-generation/tictactoeweb-620896-aa8990a6/tic_tac_toe_frontend/node_modules/@babel/parser/lib/index.js:6840:28)
    at FlowParserMixin.jsxParseOpeningElementAfterName (/tmp/kavia/workspace/code-generation/tictactoeweb-620896-aa8990a6/tic_tac_toe_frontend/node_modules/@babel/parser/lib/index.js:6292:18)
    at FlowParserMixin.jsxParseOpeningElementAt (/tmp/kavia/workspace/code-generation/tictactoeweb-620896-aa8990a6/tic_tac_toe_frontend/node_modules/@babel/parser/lib/index.js:6835:17)
    at FlowParserMixin.jsxParseElementAt (/tmp/kavia/workspace/code-generation/tictactoeweb-620896-aa8990a6/tic_tac_toe_frontend/node_modules/@babel/parser/lib/index.js:6859:33)
    at FlowParserMixin.jsxParseElementAt (/tmp/kavia/workspace/code-generation/tictactoeweb-620896-aa8990a6/tic_tac_toe_frontend/node_modules/@babel/parser/lib/index.js:6871:32)
    at FlowParserMixin.jsxParseElementAt (/tmp/kavia/workspace/code-generation/tictactoeweb-620896-aa8990a6/tic_tac_toe_frontend/node_modules/@babel/parser/lib/index.js:6871:32)
    at FlowParserMixin.jsxParseElementAt (/tmp/kavia/workspace/code-generation/tictactoeweb-620896-aa8990a6/tic_tac_toe_frontend/node_modules/@babel/parser/lib/index.js:6871:32)
    at FlowParserMixin.jsxParseElementAt (/tmp/kavia/workspace/code-generation/tictactoeweb-620896-aa8990a6/tic_tac_toe_frontend/node_modules/@babel/parser/lib/index.js:6871:32)
    at FlowParserMixin.jsxParseElement (/tmp/kavia/workspace/code-generation/tictactoeweb-620896-aa8990a6/tic_tac_toe_frontend/node_modules/@babel/parser/lib/index.js:6922:17)
    at FlowParserMixin.parseExprAtom (/tmp/kavia/workspace/code-generation/tictactoeweb-620896-aa8990a6/tic_tac_toe_frontend/node_modules/@babel/parser/lib/index.js:6932:19)
    at FlowParserMixin.parseExprSubscripts (/tmp/kavia/workspace/code-generation/tictactoeweb-620896-aa8990a6/tic_tac_toe_frontend/node_modules/@babel/parser/lib/index.js:10758:23)
    at FlowParserMixin.parseUpdate (/tmp/kavia/workspace/code-generation/tictactoeweb-620896-aa8990a6/tic_tac_toe_frontend/node_modules/@babel/parser/lib/index.js:10743:21)
    at FlowParserMixin.parseMaybeUnary (/tmp/kavia/workspace/code-generation/tictactoeweb-620896-aa8990a6/tic_tac_toe_frontend/node_modules/@babel/parser/lib/index.js:10723:23)
    at FlowParserMixin.parseMaybeUnaryOrPrivate (/tmp/kavia/workspace/code-generation/tictactoeweb-620896-aa8990a6/tic_tac_toe_frontend/node_modules/@babel/parser/lib/index.js:10576:61)
    at FlowParserMixin.parseExprOps (/tmp/kavia/workspace/code-generation/tictactoeweb-620896-aa8990a6/tic_tac_toe_frontend/node_modules/@babel/parser/lib/index.js:10581:23)
    at FlowParserMixin.parseMaybeConditional (/tmp/kavia/workspace/code-generation/tictactoeweb-620896-aa8990a6/tic_tac_toe_frontend/node_modules/@babel/parser/lib/index.js:10558:23)
    at FlowParserMixin.parseMaybeAssign (/tmp/kavia/workspace/code-generation/tictactoeweb-620896-aa8990a6/tic_tac_toe_frontend/node_modules/@babel/parser/lib/index.js:10521:21)
    at /tmp/kavia/workspace/code-generation/tictactoeweb-620896-aa8990a6/tic_tac_toe_frontend/node_modules/@babel/parser/lib/index.js:5722:39
    at FlowParserMixin.tryParse (/tmp/kavia/workspace/code-generation/tictactoeweb-620896-aa8990a6/tic_tac_toe_frontend/node_modules/@babel/parser/lib/index.js:3665:20)
    at FlowParserMixin.parseMaybeAssign (/tmp/kavia/workspace/code-generation/tictactoeweb-620896-aa8990a6/tic_tac_toe_frontend/node_modules/@babel/parser/lib/index.js:5722:18)
    at /tmp/kavia/workspace/code-generation/tictactoeweb-620896-aa8990a6/tic_tac_toe_frontend/node_modules/@babel/parser/lib/index.js:10491:39
    at FlowParserMixin.allowInAnd (/tmp/kavia/workspace/code-generation/tictactoeweb-620896-aa8990a6/tic_tac_toe_frontend/node_modules/@babel/parser/lib/index.js:12100:12)
    at FlowParserMixin.parseMaybeAssignAllowIn (/tmp/kavia/workspace/code-generation/tictactoeweb-620896-aa8990a6/tic_tac_toe_frontend/node_modules/@babel/parser/lib/index.js:10491:17)
    at FlowParserMixin.parseParenAndDistinguishExpression (/tmp/kavia/workspace/code-generation/tictactoeweb-620896-aa8990a6/tic_tac_toe_frontend/node_modules/@babel/parser/lib/index.js:11359:28)
    at FlowParserMixin.parseParenAndDistinguishExpression (/tmp/kavia/workspace/code-generation/tictactoeweb-620896-aa8990a6/tic_tac_toe_frontend/node_modules/@babel/parser/lib/index.js:5815:18)
    at FlowParserMixin.parseExprAtom (/tmp/kavia/workspace/code-generation/tictactoeweb-620896-aa8990a6/tic_tac_toe_frontend/node_modules/@babel/parser/lib/index.js:11006:23)
    at FlowParserMixin.parseExprAtom (/tmp/kavia/workspace/code-generation/tictactoeweb-620896-aa8990a6/tic_tac_toe_frontend/node_modules/@babel/parser/lib/index.js:6937:20)
    at FlowParserMixin.parseExprSubscripts (/tmp/kavia/workspace/code-generation/tictactoeweb-620896-aa8990a6/tic_tac_toe_frontend/node_modules/@babel/parser/lib/index.js:10758:23)
    at FlowParserMixin.parseUpdate (/tmp/kavia/workspace/code-generation/tictactoeweb-620896-aa8990a6/tic_tac_toe_frontend/node_modules/@babel/parser/lib/index.js:10743:21)
    at FlowParserMixin.parseMaybeUnary (/tmp/kavia/workspace/code-generation/tictactoeweb-620896-aa8990a6/tic_tac_toe_frontend/node_modules/@babel/parser/lib/index.js:10723:23)
    at FlowParserMixin.parseMaybeUnaryOrPrivate (/tmp/kavia/workspace/code-generation/tictactoeweb-620896-aa8990a6/tic_tac_toe_frontend/node_modules/@babel/parser/lib/index.js:10576:61)
    at FlowParserMixin.parseExprOps (/tmp/kavia/workspace/code-generation/tictactoeweb-620896-aa8990a6/tic_tac_toe_frontend/node_modules/@babel/parser/lib/index.js:10581:23)
    at FlowParserMixin.parseMaybeConditional (/tmp/kavia/workspace/code-generation/tictactoeweb-620896-aa8990a6/tic_tac_toe_frontend/node_modules/@babel/parser/lib/index.js:10558:23)
    at FlowParserMixin.parseMaybeAssign (/tmp/kavia/workspace/code-generation/tictactoeweb-620896-aa8990a6/tic_tac_toe_frontend/node_modules/@babel/parser/lib/index.js:10521:21)
    at FlowParserMixin.parseMaybeAssign (/tmp/kavia/workspace/code-generation/tictactoeweb-620896-aa8990a6/tic_tac_toe_frontend/node_modules/@babel/parser/lib/index.js:5773:18)
    at FlowParserMixin.parseExpressionBase (/tmp/kavia/workspace/code-generation/tictactoeweb-620896-aa8990a6/tic_tac_toe_frontend/node_modules/@babel/parser/lib/index.js:10475:23)
    at /tmp/kavia/workspace/code-generation/tictactoeweb-620896-aa8990a6/tic_tac_toe_frontend/node_modules/@babel/parser/lib/index.js:10471:39
    at FlowParserMixin.allowInAnd (/tmp/kavia/workspace/code-generation/tictactoeweb-620896-aa8990a6/tic_tac_toe_frontend/node_modules/@babel/parser/lib/index.js:12095:16)
    at FlowParserMixin.parseExpression (/tmp/kavia/workspace/code-generation/tictactoeweb-620896-aa8990a6/tic_tac_toe_frontend/node_modules/@babel/parser/lib/index.js:10471:17)
    at FlowParserMixin.parseReturnStatement (/tmp/kavia/workspace/code-generation/tictactoeweb-620896-aa8990a6/tic_tac_toe_frontend/node_modules/@babel/parser/lib/index.js:12786:28)
    at FlowParserMixin.parseStatementContent (/tmp/kavia/workspace/code-generation/tictactoeweb-620896-aa8990a6/tic_tac_toe_frontend/node_modules/@babel/parser/lib/index.js:12437:21)
    at FlowParserMixin.parseStatementLike (/tmp/kavia/workspace/code-generation/tictactoeweb-620896-aa8990a6/tic_tac_toe_frontend/node_modules/@babel/parser/lib/index.js:12406:17)
    at FlowParserMixin.parseStatementLike (/tmp/kavia/workspace/code-generation/tictactoeweb-620896-aa8990a6/tic_tac_toe_frontend/node_modules/@babel/parser/lib/index.js:5140:24)
    at FlowParserMixin.parseStatementListItem (/tmp/kavia/workspace/code-generation/tictactoeweb-620896-aa8990a6/tic_tac_toe_frontend/node_modules/@babel/parser/lib/index.js:12386:17)

ERROR in [eslint] 
src/App.js
  Line 151:  Parsing error: Unexpected token (151:0)

webpack compiled with 2 errors
Compiling...
Failed to compile.

[eslint] 
src/App.js
Syntax error: Unterminated JSX contents. (153:13) (153:13)
ERROR in ./src/App.js
Module build failed (from ./node_modules/babel-loader/lib/index.js):
SyntaxError: /tmp/kavia/workspace/code-generation/tictactoeweb-620896-aa8990a6/tic_tac_toe_frontend/src/App.js: Unterminated JSX contents. (153:13)

  151 |               disabled={isLoading}
  152 |               aria-label={"Start or restart game"}
> 153 |             >
      |              ^
  154 |
    at constructor (/tmp/kavia/workspace/code-generation/tictactoeweb-620896-aa8990a6/tic_tac_toe_frontend/node_modules/@babel/parser/lib/index.js:360:19)
    at FlowParserMixin.raise (/tmp/kavia/workspace/code-generation/tictactoeweb-620896-aa8990a6/tic_tac_toe_frontend/node_modules/@babel/parser/lib/index.js:3327:19)
    at FlowParserMixin.jsxReadToken (/tmp/kavia/workspace/code-generation/tictactoeweb-620896-aa8990a6/tic_tac_toe_frontend/node_modules/@babel/parser/lib/index.js:6621:20)
    at FlowParserMixin.getTokenFromCode (/tmp/kavia/workspace/code-generation/tictactoeweb-620896-aa8990a6/tic_tac_toe_frontend/node_modules/@babel/parser/lib/index.js:6947:12)
    at FlowParserMixin.getTokenFromCode (/tmp/kavia/workspace/code-generation/tictactoeweb-620896-aa8990a6/tic_tac_toe_frontend/node_modules/@babel/parser/lib/index.js:5419:13)
    at FlowParserMixin.nextToken (/tmp/kavia/workspace/code-generation/tictactoeweb-620896-aa8990a6/tic_tac_toe_frontend/node_modules/@babel/parser/lib/index.js:2510:10)
    at FlowParserMixin.next (/tmp/kavia/workspace/code-generation/tictactoeweb-620896-aa8990a6/tic_tac_toe_frontend/node_modules/@babel/parser/lib/index.js:2423:10)
    at FlowParserMixin.eat (/tmp/kavia/workspace/code-generation/tictactoeweb-620896-aa8990a6/tic_tac_toe_frontend/node_modules/@babel/parser/lib/index.js:2427:12)
    at FlowParserMixin.expect (/tmp/kavia/workspace/code-generation/tictactoeweb-620896-aa8990a6/tic_tac_toe_frontend/node_modules/@babel/parser/lib/index.js:3656:15)
    at FlowParserMixin.jsxParseOpeningElementAfterName (/tmp/kavia/workspace/code-generation/tictactoeweb-620896-aa8990a6/tic_tac_toe_frontend/node_modules/@babel/parser/lib/index.js:6844:10)
    at FlowParserMixin.jsxParseOpeningElementAfterName (/tmp/kavia/workspace/code-generation/tictactoeweb-620896-aa8990a6/tic_tac_toe_frontend/node_modules/@babel/parser/lib/index.js:6292:18)
    at FlowParserMixin.jsxParseOpeningElementAt (/tmp/kavia/workspace/code-generation/tictactoeweb-620896-aa8990a6/tic_tac_toe_frontend/node_modules/@babel/parser/lib/index.js:6835:17)
    at FlowParserMixin.jsxParseElementAt (/tmp/kavia/workspace/code-generation/tictactoeweb-620896-aa8990a6/tic_tac_toe_frontend/node_modules/@babel/parser/lib/index.js:6859:33)
    at FlowParserMixin.jsxParseElementAt (/tmp/kavia/workspace/code-generation/tictactoeweb-620896-aa8990a6/tic_tac_toe_frontend/node_modules/@babel/parser/lib/index.js:6871:32)
    at FlowParserMixin.jsxParseElementAt (/tmp/kavia/workspace/code-generation/tictactoeweb-620896-aa8990a6/tic_tac_toe_frontend/node_modules/@babel/parser/lib/index.js:6871:32)
    at FlowParserMixin.jsxParseElementAt (/tmp/kavia/workspace/code-generation/tictactoeweb-620896-aa8990a6/tic_tac_toe_frontend/node_modules/@babel/parser/lib/index.js:6871:32)
    at FlowParserMixin.jsxParseElementAt (/tmp/kavia/workspace/code-generation/tictactoeweb-620896-aa8990a6/tic_tac_toe_frontend/node_modules/@babel/parser/lib/index.js:6871:32)
    at FlowParserMixin.jsxParseElement (/tmp/kavia/workspace/code-generation/tictactoeweb-620896-aa8990a6/tic_tac_toe_frontend/node_modules/@babel/parser/lib/index.js:6922:17)
    at FlowParserMixin.parseExprAtom (/tmp/kavia/workspace/code-generation/tictactoeweb-620896-aa8990a6/tic_tac_toe_frontend/node_modules/@babel/parser/lib/index.js:6932:19)
    at FlowParserMixin.parseExprSubscripts (/tmp/kavia/workspace/code-generation/tictactoeweb-620896-aa8990a6/tic_tac_toe_frontend/node_modules/@babel/parser/lib/index.js:10758:23)
    at FlowParserMixin.parseUpdate (/tmp/kavia/workspace/code-generation/tictactoeweb-620896-aa8990a6/tic_tac_toe_frontend/node_modules/@babel/parser/lib/index.js:10743:21)
    at FlowParserMixin.parseMaybeUnary (/tmp/kavia/workspace/code-generation/tictactoeweb-620896-aa8990a6/tic_tac_toe_frontend/node_modules/@babel/parser/lib/index.js:10723:23)
    at FlowParserMixin.parseMaybeUnaryOrPrivate (/tmp/kavia/workspace/code-generation/tictactoeweb-620896-aa8990a6/tic_tac_toe_frontend/node_modules/@babel/parser/lib/index.js:10576:61)
    at FlowParserMixin.parseExprOps (/tmp/kavia/workspace/code-generation/tictactoeweb-620896-aa8990a6/tic_tac_toe_frontend/node_modules/@babel/parser/lib/index.js:10581:23)
    at FlowParserMixin.parseMaybeConditional (/tmp/kavia/workspace/code-generation/tictactoeweb-620896-aa8990a6/tic_tac_toe_frontend/node_modules/@babel/parser/lib/index.js:10558:23)
    at FlowParserMixin.parseMaybeAssign (/tmp/kavia/workspace/code-generation/tictactoeweb-620896-aa8990a6/tic_tac_toe_frontend/node_modules/@babel/parser/lib/index.js:10521:21)
    at /tmp/kavia/workspace/code-generation/tictactoeweb-620896-aa8990a6/tic_tac_toe_frontend/node_modules/@babel/parser/lib/index.js:5722:39
    at FlowParserMixin.tryParse (/tmp/kavia/workspace/code-generation/tictactoeweb-620896-aa8990a6/tic_tac_toe_frontend/node_modules/@babel/parser/lib/index.js:3665:20)
    at FlowParserMixin.parseMaybeAssign (/tmp/kavia/workspace/code-generation/tictactoeweb-620896-aa8990a6/tic_tac_toe_frontend/node_modules/@babel/parser/lib/index.js:5722:18)
    at /tmp/kavia/workspace/code-generation/tictactoeweb-620896-aa8990a6/tic_tac_toe_frontend/node_modules/@babel/parser/lib/index.js:10491:39
    at FlowParserMixin.allowInAnd (/tmp/kavia/workspace/code-generation/tictactoeweb-620896-aa8990a6/tic_tac_toe_frontend/node_modules/@babel/parser/lib/index.js:12100:12)
    at FlowParserMixin.parseMaybeAssignAllowIn (/tmp/kavia/workspace/code-generation/tictactoeweb-620896-aa8990a6/tic_tac_toe_frontend/node_modules/@babel/parser/lib/index.js:10491:17)
    at FlowParserMixin.parseParenAndDistinguishExpression (/tmp/kavia/workspace/code-generation/tictactoeweb-620896-aa8990a6/tic_tac_toe_frontend/node_modules/@babel/parser/lib/index.js:11359:28)
    at FlowParserMixin.parseParenAndDistinguishExpression (/tmp/kavia/workspace/code-generation/tictactoeweb-620896-aa8990a6/tic_tac_toe_frontend/node_modules/@babel/parser/lib/index.js:5815:18)
    at FlowParserMixin.parseExprAtom (/tmp/kavia/workspace/code-generation/tictactoeweb-620896-aa8990a6/tic_tac_toe_frontend/node_modules/@babel/parser/lib/index.js:11006:23)
    at FlowParserMixin.parseExprAtom (/tmp/kavia/workspace/code-generation/tictactoeweb-620896-aa8990a6/tic_tac_toe_frontend/node_modules/@babel/parser/lib/index.js:6937:20)
    at FlowParserMixin.parseExprSubscripts (/tmp/kavia/workspace/code-generation/tictactoeweb-620896-aa8990a6/tic_tac_toe_frontend/node_modules/@babel/parser/lib/index.js:10758:23)
    at FlowParserMixin.parseUpdate (/tmp/kavia/workspace/code-generation/tictactoeweb-620896-aa8990a6/tic_tac_toe_frontend/node_modules/@babel/parser/lib/index.js:10743:21)
    at FlowParserMixin.parseMaybeUnary (/tmp/kavia/workspace/code-generation/tictactoeweb-620896-aa8990a6/tic_tac_toe_frontend/node_modules/@babel/parser/lib/index.js:10723:23)
    at FlowParserMixin.parseMaybeUnaryOrPrivate (/tmp/kavia/workspace/code-generation/tictactoeweb-620896-aa8990a6/tic_tac_toe_frontend/node_modules/@babel/parser/lib/index.js:10576:61)
    at FlowParserMixin.parseExprOps (/tmp/kavia/workspace/code-generation/tictactoeweb-620896-aa8990a6/tic_tac_toe_frontend/node_modules/@babel/parser/lib/index.js:10581:23)
    at FlowParserMixin.parseMaybeConditional (/tmp/kavia/workspace/code-generation/tictactoeweb-620896-aa8990a6/tic_tac_toe_frontend/node_modules/@babel/parser/lib/index.js:10558:23)
    at FlowParserMixin.parseMaybeAssign (/tmp/kavia/workspace/code-generation/tictactoeweb-620896-aa8990a6/tic_tac_toe_frontend/node_modules/@babel/parser/lib/index.js:10521:21)
    at FlowParserMixin.parseMaybeAssign (/tmp/kavia/workspace/code-generation/tictactoeweb-620896-aa8990a6/tic_tac_toe_frontend/node_modules/@babel/parser/lib/index.js:5773:18)
    at FlowParserMixin.parseExpressionBase (/tmp/kavia/workspace/code-generation/tictactoeweb-620896-aa8990a6/tic_tac_toe_frontend/node_modules/@babel/parser/lib/index.js:10475:23)
    at /tmp/kavia/workspace/code-generation/tictactoeweb-620896-aa8990a6/tic_tac_toe_frontend/node_modules/@babel/parser/lib/index.js:10471:39
    at FlowParserMixin.allowInAnd (/tmp/kavia/workspace/code-generation/tictactoeweb-620896-aa8990a6/tic_tac_toe_frontend/node_modules/@babel/parser/lib/index.js:12095:16)
    at FlowParserMixin.parseExpression (/tmp/kavia/workspace/code-generation/tictactoeweb-620896-aa8990a6/tic_tac_toe_frontend/node_modules/@babel/parser/lib/index.js:10471:17)
    at FlowParserMixin.parseReturnStatement (/tmp/kavia/workspace/code-generation/tictactoeweb-620896-aa8990a6/tic_tac_toe_frontend/node_modules/@babel/parser/lib/index.js:12786:28)
    at FlowParserMixin.parseStatementContent (/tmp/kavia/workspace/code-generation/tictactoeweb-620896-aa8990a6/tic_tac_toe_frontend/node_modules/@babel/parser/lib/index.js:12437:21)

ERROR in [eslint] 
src/App.js
  Line 153:13:  Parsing error: Unterminated JSX contents. (153:13)

webpack compiled with 2 errors
Compiling...
Failed to compile.

[eslint] 
src/App.js
Syntax error: Unterminated JSX contents. (153:13) (153:13)
ERROR in ./src/App.js
Module build failed (from ./node_modules/babel-loader/lib/index.js):
SyntaxError: /tmp/kavia/workspace/code-generation/tictactoeweb-620896-aa8990a6/tic_tac_toe_frontend/src/App.js: Unterminated JSX contents. (153:13)

  151 |               disabled={isLoading}
  152 |               aria-label={"Start or restart game"}
> 153 |             >
      |              ^
  154 |
    at constructor (/tmp/kavia/workspace/code-generation/tictactoeweb-620896-aa8990a6/tic_tac_toe_frontend/node_modules/@babel/parser/lib/index.js:360:19)
    at FlowParserMixin.raise (/tmp/kavia/workspace/code-generation/tictactoeweb-620896-aa8990a6/tic_tac_toe_frontend/node_modules/@babel/parser/lib/index.js:3327:19)
    at FlowParserMixin.jsxReadToken (/tmp/kavia/workspace/code-generation/tictactoeweb-620896-aa8990a6/tic_tac_toe_frontend/node_modules/@babel/parser/lib/index.js:6621:20)
    at FlowParserMixin.getTokenFromCode (/tmp/kavia/workspace/code-generation/tictactoeweb-620896-aa8990a6/tic_tac_toe_frontend/node_modules/@babel/parser/lib/index.js:6947:12)
    at FlowParserMixin.getTokenFromCode (/tmp/kavia/workspace/code-generation/tictactoeweb-620896-aa8990a6/tic_tac_toe_frontend/node_modules/@babel/parser/lib/index.js:5419:13)
    at FlowParserMixin.nextToken (/tmp/kavia/workspace/code-generation/tictactoeweb-620896-aa8990a6/tic_tac_toe_frontend/node_modules/@babel/parser/lib/index.js:2510:10)
    at FlowParserMixin.next (/tmp/kavia/workspace/code-generation/tictactoeweb-620896-aa8990a6/tic_tac_toe_frontend/node_modules/@babel/parser/lib/index.js:2423:10)
    at FlowParserMixin.eat (/tmp/kavia/workspace/code-generation/tictactoeweb-620896-aa8990a6/tic_tac_toe_frontend/node_modules/@babel/parser/lib/index.js:2427:12)
    at FlowParserMixin.expect (/tmp/kavia/workspace/code-generation/tictactoeweb-620896-aa8990a6/tic_tac_toe_frontend/node_modules/@babel/parser/lib/index.js:3656:15)
    at FlowParserMixin.jsxParseOpeningElementAfterName (/tmp/kavia/workspace/code-generation/tictactoeweb-620896-aa8990a6/tic_tac_toe_frontend/node_modules/@babel/parser/lib/index.js:6844:10)
    at FlowParserMixin.jsxParseOpeningElementAfterName (/tmp/kavia/workspace/code-generation/tictactoeweb-620896-aa8990a6/tic_tac_toe_frontend/node_modules/@babel/parser/lib/index.js:6292:18)
    at FlowParserMixin.jsxParseOpeningElementAt (/tmp/kavia/workspace/code-generation/tictactoeweb-620896-aa8990a6/tic_tac_toe_frontend/node_modules/@babel/parser/lib/index.js:6835:17)
    at FlowParserMixin.jsxParseElementAt (/tmp/kavia/workspace/code-generation/tictactoeweb-620896-aa8990a6/tic_tac_toe_frontend/node_modules/@babel/parser/lib/index.js:6859:33)
    at FlowParserMixin.jsxParseElementAt (/tmp/kavia/workspace/code-generation/tictactoeweb-620896-aa8990a6/tic_tac_toe_frontend/node_modules/@babel/parser/lib/index.js:6871:32)
    at FlowParserMixin.jsxParseElementAt (/tmp/kavia/workspace/code-generation/tictactoeweb-620896-aa8990a6/tic_tac_toe_frontend/node_modules/@babel/parser/lib/index.js:6871:32)
    at FlowParserMixin.jsxParseElementAt (/tmp/kavia/workspace/code-generation/tictactoeweb-620896-aa8990a6/tic_tac_toe_frontend/node_modules/@babel/parser/lib/index.js:6871:32)
    at FlowParserMixin.jsxParseElementAt (/tmp/kavia/workspace/code-generation/tictactoeweb-620896-aa8990a6/tic_tac_toe_frontend/node_modules/@babel/parser/lib/index.js:6871:32)
    at FlowParserMixin.jsxParseElement (/tmp/kavia/workspace/code-generation/tictactoeweb-620896-aa8990a6/tic_tac_toe_frontend/node_modules/@babel/parser/lib/index.js:6922:17)
    at FlowParserMixin.parseExprAtom (/tmp/kavia/workspace/code-generation/tictactoeweb-620896-aa8990a6/tic_tac_toe_frontend/node_modules/@babel/parser/lib/index.js:6932:19)
    at FlowParserMixin.parseExprSubscripts (/tmp/kavia/workspace/code-generation/tictactoeweb-620896-aa8990a6/tic_tac_toe_frontend/node_modules/@babel/parser/lib/index.js:10758:23)
    at FlowParserMixin.parseUpdate (/tmp/kavia/workspace/code-generation/tictactoeweb-620896-aa8990a6/tic_tac_toe_frontend/node_modules/@babel/parser/lib/index.js:10743:21)
    at FlowParserMixin.parseMaybeUnary (/tmp/kavia/workspace/code-generation/tictactoeweb-620896-aa8990a6/tic_tac_toe_frontend/node_modules/@babel/parser/lib/index.js:10723:23)
    at FlowParserMixin.parseMaybeUnaryOrPrivate (/tmp/kavia/workspace/code-generation/tictactoeweb-620896-aa8990a6/tic_tac_toe_frontend/node_modules/@babel/parser/lib/index.js:10576:61)
    at FlowParserMixin.parseExprOps (/tmp/kavia/workspace/code-generation/tictactoeweb-620896-aa8990a6/tic_tac_toe_frontend/node_modules/@babel/parser/lib/index.js:10581:23)
    at FlowParserMixin.parseMaybeConditional (/tmp/kavia/workspace/code-generation/tictactoeweb-620896-aa8990a6/tic_tac_toe_frontend/node_modules/@babel/parser/lib/index.js:10558:23)
    at FlowParserMixin.parseMaybeAssign (/tmp/kavia/workspace/code-generation/tictactoeweb-620896-aa8990a6/tic_tac_toe_frontend/node_modules/@babel/parser/lib/index.js:10521:21)
    at /tmp/kavia/workspace/code-generation/tictactoeweb-620896-aa8990a6/tic_tac_toe_frontend/node_modules/@babel/parser/lib/index.js:5722:39
    at FlowParserMixin.tryParse (/tmp/kavia/workspace/code-generation/tictactoeweb-620896-aa8990a6/tic_tac_toe_frontend/node_modules/@babel/parser/lib/index.js:3665:20)
    at FlowParserMixin.parseMaybeAssign (/tmp/kavia/workspace/code-generation/tictactoeweb-620896-aa8990a6/tic_tac_toe_frontend/node_modules/@babel/parser/lib/index.js:5722:18)
    at /tmp/kavia/workspace/code-generation/tictactoeweb-620896-aa8990a6/tic_tac_toe_frontend/node_modules/@babel/parser/lib/index.js:10491:39
    at FlowParserMixin.allowInAnd (/tmp/kavia/workspace/code-generation/tictactoeweb-620896-aa8990a6/tic_tac_toe_frontend/node_modules/@babel/parser/lib/index.js:12100:12)
    at FlowParserMixin.parseMaybeAssignAllowIn (/tmp/kavia/workspace/code-generation/tictactoeweb-620896-aa8990a6/tic_tac_toe_frontend/node_modules/@babel/parser/lib/index.js:10491:17)
    at FlowParserMixin.parseParenAndDistinguishExpression (/tmp/kavia/workspace/code-generation/tictactoeweb-620896-aa8990a6/tic_tac_toe_frontend/node_modules/@babel/parser/lib/index.js:11359:28)
    at FlowParserMixin.parseParenAndDistinguishExpression (/tmp/kavia/workspace/code-generation/tictactoeweb-620896-aa8990a6/tic_tac_toe_frontend/node_modules/@babel/parser/lib/index.js:5815:18)
    at FlowParserMixin.parseExprAtom (/tmp/kavia/workspace/code-generation/tictactoeweb-620896-aa8990a6/tic_tac_toe_frontend/node_modules/@babel/parser/lib/index.js:11006:23)
    at FlowParserMixin.parseExprAtom (/tmp/kavia/workspace/code-generation/tictactoeweb-620896-aa8990a6/tic_tac_toe_frontend/node_modules/@babel/parser/lib/index.js:6937:20)
    at FlowParserMixin.parseExprSubscripts (/tmp/kavia/workspace/code-generation/tictactoeweb-620896-aa8990a6/tic_tac_toe_frontend/node_modules/@babel/parser/lib/index.js:10758:23)
    at FlowParserMixin.parseUpdate (/tmp/kavia/workspace/code-generation/tictactoeweb-620896-aa8990a6/tic_tac_toe_frontend/node_modules/@babel/parser/lib/index.js:10743:21)
    at FlowParserMixin.parseMaybeUnary (/tmp/kavia/workspace/code-generation/tictactoeweb-620896-aa8990a6/tic_tac_toe_frontend/node_modules/@babel/parser/lib/index.js:10723:23)
    at FlowParserMixin.parseMaybeUnaryOrPrivate (/tmp/kavia/workspace/code-generation/tictactoeweb-620896-aa8990a6/tic_tac_toe_frontend/node_modules/@babel/parser/lib/index.js:10576:61)
    at FlowParserMixin.parseExprOps (/tmp/kavia/workspace/code-generation/tictactoeweb-620896-aa8990a6/tic_tac_toe_frontend/node_modules/@babel/parser/lib/index.js:10581:23)
    at FlowParserMixin.parseMaybeConditional (/tmp/kavia/workspace/code-generation/tictactoeweb-620896-aa8990a6/tic_tac_toe_frontend/node_modules/@babel/parser/lib/index.js:10558:23)
    at FlowParserMixin.parseMaybeAssign (/tmp/kavia/workspace/code-generation/tictactoeweb-620896-aa8990a6/tic_tac_toe_frontend/node_modules/@babel/parser/lib/index.js:10521:21)
    at FlowParserMixin.parseMaybeAssign (/tmp/kavia/workspace/code-generation/tictactoeweb-620896-aa8990a6/tic_tac_toe_frontend/node_modules/@babel/parser/lib/index.js:5773:18)
    at FlowParserMixin.parseExpressionBase (/tmp/kavia/workspace/code-generation/tictactoeweb-620896-aa8990a6/tic_tac_toe_frontend/node_modules/@babel/parser/lib/index.js:10475:23)
    at /tmp/kavia/workspace/code-generation/tictactoeweb-620896-aa8990a6/tic_tac_toe_frontend/node_modules/@babel/parser/lib/index.js:10471:39
    at FlowParserMixin.allowInAnd (/tmp/kavia/workspace/code-generation/tictactoeweb-620896-aa8990a6/tic_tac_toe_frontend/node_modules/@babel/parser/lib/index.js:12095:16)
    at FlowParserMixin.parseExpression (/tmp/kavia/workspace/code-generation/tictactoeweb-620896-aa8990a6/tic_tac_toe_frontend/node_modules/@babel/parser/lib/index.js:10471:17)
    at FlowParserMixin.parseReturnStatement (/tmp/kavia/workspace/code-generation/tictactoeweb-620896-aa8990a6/tic_tac_toe_frontend/node_modules/@babel/parser/lib/index.js:12786:28)
    at FlowParserMixin.parseStatementContent (/tmp/kavia/workspace/code-generation/tictactoeweb-620896-aa8990a6/tic_tac_toe_frontend/node_modules/@babel/parser/lib/index.js:12437:21)

ERROR in [eslint] 
src/App.js
  Line 153:13:  Parsing error: Unterminated JSX contents. (153:13)

webpack compiled with 2 errors
Compiling...
Failed to compile.

[eslint] 
src/App.js
Syntax error: Expected corresponding JSX closing tag for <button>. (155:10) (155:10)
ERROR in ./src/App.js
Module build failed (from ./node_modules/babel-loader/lib/index.js):
SyntaxError: /tmp/kavia/workspace/code-generation/tictactoeweb-620896-aa8990a6/tic_tac_toe_frontend/src/App.js: Expected corresponding JSX closing tag for <button>. (155:10)

  153 |             >
  154 |               {isLoading ? "Loading..." : gameOver ? "Restart" : "Restart"}
> 155 |           </div>
      |           ^
  156 |             </button>
  157 |         </div>
  158 |
    at constructor (/tmp/kavia/workspace/code-generation/tictactoeweb-620896-aa8990a6/tic_tac_toe_frontend/node_modules/@babel/parser/lib/index.js:360:19)
    at FlowParserMixin.raise (/tmp/kavia/workspace/code-generation/tictactoeweb-620896-aa8990a6/tic_tac_toe_frontend/node_modules/@babel/parser/lib/index.js:3327:19)
    at FlowParserMixin.jsxParseElementAt (/tmp/kavia/workspace/code-generation/tictactoeweb-620896-aa8990a6/tic_tac_toe_frontend/node_modules/@babel/parser/lib/index.js:6900:16)
    at FlowParserMixin.jsxParseElementAt (/tmp/kavia/workspace/code-generation/tictactoeweb-620896-aa8990a6/tic_tac_toe_frontend/node_modules/@babel/parser/lib/index.js:6871:32)
    at FlowParserMixin.jsxParseElementAt (/tmp/kavia/workspace/code-generation/tictactoeweb-620896-aa8990a6/tic_tac_toe_frontend/node_modules/@babel/parser/lib/index.js:6871:32)
    at FlowParserMixin.jsxParseElementAt (/tmp/kavia/workspace/code-generation/tictactoeweb-620896-aa8990a6/tic_tac_toe_frontend/node_modules/@babel/parser/lib/index.js:6871:32)
    at FlowParserMixin.jsxParseElementAt (/tmp/kavia/workspace/code-generation/tictactoeweb-620896-aa8990a6/tic_tac_toe_frontend/node_modules/@babel/parser/lib/index.js:6871:32)
    at FlowParserMixin.jsxParseElement (/tmp/kavia/workspace/code-generation/tictactoeweb-620896-aa8990a6/tic_tac_toe_frontend/node_modules/@babel/parser/lib/index.js:6922:17)
    at FlowParserMixin.parseExprAtom (/tmp/kavia/workspace/code-generation/tictactoeweb-620896-aa8990a6/tic_tac_toe_frontend/node_modules/@babel/parser/lib/index.js:6932:19)
    at FlowParserMixin.parseExprSubscripts (/tmp/kavia/workspace/code-generation/tictactoeweb-620896-aa8990a6/tic_tac_toe_frontend/node_modules/@babel/parser/lib/index.js:10758:23)
    at FlowParserMixin.parseUpdate (/tmp/kavia/workspace/code-generation/tictactoeweb-620896-aa8990a6/tic_tac_toe_frontend/node_modules/@babel/parser/lib/index.js:10743:21)
    at FlowParserMixin.parseMaybeUnary (/tmp/kavia/workspace/code-generation/tictactoeweb-620896-aa8990a6/tic_tac_toe_frontend/node_modules/@babel/parser/lib/index.js:10723:23)
    at FlowParserMixin.parseMaybeUnaryOrPrivate (/tmp/kavia/workspace/code-generation/tictactoeweb-620896-aa8990a6/tic_tac_toe_frontend/node_modules/@babel/parser/lib/index.js:10576:61)
    at FlowParserMixin.parseExprOps (/tmp/kavia/workspace/code-generation/tictactoeweb-620896-aa8990a6/tic_tac_toe_frontend/node_modules/@babel/parser/lib/index.js:10581:23)
    at FlowParserMixin.parseMaybeConditional (/tmp/kavia/workspace/code-generation/tictactoeweb-620896-aa8990a6/tic_tac_toe_frontend/node_modules/@babel/parser/lib/index.js:10558:23)
    at FlowParserMixin.parseMaybeAssign (/tmp/kavia/workspace/code-generation/tictactoeweb-620896-aa8990a6/tic_tac_toe_frontend/node_modules/@babel/parser/lib/index.js:10521:21)
    at /tmp/kavia/workspace/code-generation/tictactoeweb-620896-aa8990a6/tic_tac_toe_frontend/node_modules/@babel/parser/lib/index.js:5722:39
    at FlowParserMixin.tryParse (/tmp/kavia/workspace/code-generation/tictactoeweb-620896-aa8990a6/tic_tac_toe_frontend/node_modules/@babel/parser/lib/index.js:3665:20)
    at FlowParserMixin.parseMaybeAssign (/tmp/kavia/workspace/code-generation/tictactoeweb-620896-aa8990a6/tic_tac_toe_frontend/node_modules/@babel/parser/lib/index.js:5722:18)
    at /tmp/kavia/workspace/code-generation/tictactoeweb-620896-aa8990a6/tic_tac_toe_frontend/node_modules/@babel/parser/lib/index.js:10491:39
    at FlowParserMixin.allowInAnd (/tmp/kavia/workspace/code-generation/tictactoeweb-620896-aa8990a6/tic_tac_toe_frontend/node_modules/@babel/parser/lib/index.js:12100:12)
    at FlowParserMixin.parseMaybeAssignAllowIn (/tmp/kavia/workspace/code-generation/tictactoeweb-620896-aa8990a6/tic_tac_toe_frontend/node_modules/@babel/parser/lib/index.js:10491:17)
    at FlowParserMixin.parseParenAndDistinguishExpression (/tmp/kavia/workspace/code-generation/tictactoeweb-620896-aa8990a6/tic_tac_toe_frontend/node_modules/@babel/parser/lib/index.js:11359:28)
    at FlowParserMixin.parseParenAndDistinguishExpression (/tmp/kavia/workspace/code-generation/tictactoeweb-620896-aa8990a6/tic_tac_toe_frontend/node_modules/@babel/parser/lib/index.js:5815:18)
    at FlowParserMixin.parseExprAtom (/tmp/kavia/workspace/code-generation/tictactoeweb-620896-aa8990a6/tic_tac_toe_frontend/node_modules/@babel/parser/lib/index.js:11006:23)
    at FlowParserMixin.parseExprAtom (/tmp/kavia/workspace/code-generation/tictactoeweb-620896-aa8990a6/tic_tac_toe_frontend/node_modules/@babel/parser/lib/index.js:6937:20)
    at FlowParserMixin.parseExprSubscripts (/tmp/kavia/workspace/code-generation/tictactoeweb-620896-aa8990a6/tic_tac_toe_frontend/node_modules/@babel/parser/lib/index.js:10758:23)
    at FlowParserMixin.parseUpdate (/tmp/kavia/workspace/code-generation/tictactoeweb-620896-aa8990a6/tic_tac_toe_frontend/node_modules/@babel/parser/lib/index.js:10743:21)
    at FlowParserMixin.parseMaybeUnary (/tmp/kavia/workspace/code-generation/tictactoeweb-620896-aa8990a6/tic_tac_toe_frontend/node_modules/@babel/parser/lib/index.js:10723:23)
    at FlowParserMixin.parseMaybeUnaryOrPrivate (/tmp/kavia/workspace/code-generation/tictactoeweb-620896-aa8990a6/tic_tac_toe_frontend/node_modules/@babel/parser/lib/index.js:10576:61)
    at FlowParserMixin.parseExprOps (/tmp/kavia/workspace/code-generation/tictactoeweb-620896-aa8990a6/tic_tac_toe_frontend/node_modules/@babel/parser/lib/index.js:10581:23)
    at FlowParserMixin.parseMaybeConditional (/tmp/kavia/workspace/code-generation/tictactoeweb-620896-aa8990a6/tic_tac_toe_frontend/node_modules/@babel/parser/lib/index.js:10558:23)
    at FlowParserMixin.parseMaybeAssign (/tmp/kavia/workspace/code-generation/tictactoeweb-620896-aa8990a6/tic_tac_toe_frontend/node_modules/@babel/parser/lib/index.js:10521:21)
    at FlowParserMixin.parseMaybeAssign (/tmp/kavia/workspace/code-generation/tictactoeweb-620896-aa8990a6/tic_tac_toe_frontend/node_modules/@babel/parser/lib/index.js:5773:18)
    at FlowParserMixin.parseExpressionBase (/tmp/kavia/workspace/code-generation/tictactoeweb-620896-aa8990a6/tic_tac_toe_frontend/node_modules/@babel/parser/lib/index.js:10475:23)
    at /tmp/kavia/workspace/code-generation/tictactoeweb-620896-aa8990a6/tic_tac_toe_frontend/node_modules/@babel/parser/lib/index.js:10471:39
    at FlowParserMixin.allowInAnd (/tmp/kavia/workspace/code-generation/tictactoeweb-620896-aa8990a6/tic_tac_toe_frontend/node_modules/@babel/parser/lib/index.js:12095:16)
    at FlowParserMixin.parseExpression (/tmp/kavia/workspace/code-generation/tictactoeweb-620896-aa8990a6/tic_tac_toe_frontend/node_modules/@babel/parser/lib/index.js:10471:17)
    at FlowParserMixin.parseReturnStatement (/tmp/kavia/workspace/code-generation/tictactoeweb-620896-aa8990a6/tic_tac_toe_frontend/node_modules/@babel/parser/lib/index.js:12786:28)
    at FlowParserMixin.parseStatementContent (/tmp/kavia/workspace/code-generation/tictactoeweb-620896-aa8990a6/tic_tac_toe_frontend/node_modules/@babel/parser/lib/index.js:12437:21)
    at FlowParserMixin.parseStatementLike (/tmp/kavia/workspace/code-generation/tictactoeweb-620896-aa8990a6/tic_tac_toe_frontend/node_modules/@babel/parser/lib/index.js:12406:17)
    at FlowParserMixin.parseStatementLike (/tmp/kavia/workspace/code-generation/tictactoeweb-620896-aa8990a6/tic_tac_toe_frontend/node_modules/@babel/parser/lib/index.js:5140:24)
    at FlowParserMixin.parseStatementListItem (/tmp/kavia/workspace/code-generation/tictactoeweb-620896-aa8990a6/tic_tac_toe_frontend/node_modules/@babel/parser/lib/index.js:12386:17)
    at FlowParserMixin.parseBlockOrModuleBlockBody (/tmp/kavia/workspace/code-generation/tictactoeweb-620896-aa8990a6/tic_tac_toe_frontend/node_modules/@babel/parser/lib/index.js:12960:61)
    at FlowParserMixin.parseBlockBody (/tmp/kavia/workspace/code-generation/tictactoeweb-620896-aa8990a6/tic_tac_toe_frontend/node_modules/@babel/parser/lib/index.js:12953:10)
    at FlowParserMixin.parseBlock (/tmp/kavia/workspace/code-generation/tictactoeweb-620896-aa8990a6/tic_tac_toe_frontend/node_modules/@babel/parser/lib/index.js:12941:10)
    at FlowParserMixin.parseFunctionBody (/tmp/kavia/workspace/code-generation/tictactoeweb-620896-aa8990a6/tic_tac_toe_frontend/node_modules/@babel/parser/lib/index.js:11783:24)
    at FlowParserMixin.parseFunctionBody (/tmp/kavia/workspace/code-generation/tictactoeweb-620896-aa8990a6/tic_tac_toe_frontend/node_modules/@babel/parser/lib/index.js:5117:11)
    at FlowParserMixin.parseFunctionBodyAndFinish (/tmp/kavia/workspace/code-generation/tictactoeweb-620896-aa8990a6/tic_tac_toe_frontend/node_modules/@babel/parser/lib/index.js:11769:10)
    at FlowParserMixin.parseFunctionBodyAndFinish (/tmp/kavia/workspace/code-generation/tictactoeweb-620896-aa8990a6/tic_tac_toe_frontend/node_modules/@babel/parser/lib/index.js:5125:18)

ERROR in [eslint] 
src/App.js
  Line 155:10:  Parsing error: Expected corresponding JSX closing tag for <button>. (155:10)

webpack compiled with 2 errors
Compiling...
Failed to compile.

[eslint] 
src/App.js
Syntax error: Expected corresponding JSX closing tag for <button>. (155:10) (155:10)
ERROR in ./src/App.js
Module build failed (from ./node_modules/babel-loader/lib/index.js):
SyntaxError: /tmp/kavia/workspace/code-generation/tictactoeweb-620896-aa8990a6/tic_tac_toe_frontend/src/App.js: Expected corresponding JSX closing tag for <button>. (155:10)

  153 |             >
  154 |               {isLoading ? "Loading..." : gameOver ? "Restart" : "Restart"}
> 155 |           </div>
      |           ^
  156 |             </button>
  157 |         </div>
  158 |         <div className="ttt-status" aria-live="polite">
    at constructor (/tmp/kavia/workspace/code-generation/tictactoeweb-620896-aa8990a6/tic_tac_toe_frontend/node_modules/@babel/parser/lib/index.js:360:19)
    at FlowParserMixin.raise (/tmp/kavia/workspace/code-generation/tictactoeweb-620896-aa8990a6/tic_tac_toe_frontend/node_modules/@babel/parser/lib/index.js:3327:19)
    at FlowParserMixin.jsxParseElementAt (/tmp/kavia/workspace/code-generation/tictactoeweb-620896-aa8990a6/tic_tac_toe_frontend/node_modules/@babel/parser/lib/index.js:6900:16)
    at FlowParserMixin.jsxParseElementAt (/tmp/kavia/workspace/code-generation/tictactoeweb-620896-aa8990a6/tic_tac_toe_frontend/node_modules/@babel/parser/lib/index.js:6871:32)
    at FlowParserMixin.jsxParseElementAt (/tmp/kavia/workspace/code-generation/tictactoeweb-620896-aa8990a6/tic_tac_toe_frontend/node_modules/@babel/parser/lib/index.js:6871:32)
    at FlowParserMixin.jsxParseElementAt (/tmp/kavia/workspace/code-generation/tictactoeweb-620896-aa8990a6/tic_tac_toe_frontend/node_modules/@babel/parser/lib/index.js:6871:32)
    at FlowParserMixin.jsxParseElementAt (/tmp/kavia/workspace/code-generation/tictactoeweb-620896-aa8990a6/tic_tac_toe_frontend/node_modules/@babel/parser/lib/index.js:6871:32)
    at FlowParserMixin.jsxParseElement (/tmp/kavia/workspace/code-generation/tictactoeweb-620896-aa8990a6/tic_tac_toe_frontend/node_modules/@babel/parser/lib/index.js:6922:17)
    at FlowParserMixin.parseExprAtom (/tmp/kavia/workspace/code-generation/tictactoeweb-620896-aa8990a6/tic_tac_toe_frontend/node_modules/@babel/parser/lib/index.js:6932:19)
    at FlowParserMixin.parseExprSubscripts (/tmp/kavia/workspace/code-generation/tictactoeweb-620896-aa8990a6/tic_tac_toe_frontend/node_modules/@babel/parser/lib/index.js:10758:23)
    at FlowParserMixin.parseUpdate (/tmp/kavia/workspace/code-generation/tictactoeweb-620896-aa8990a6/tic_tac_toe_frontend/node_modules/@babel/parser/lib/index.js:10743:21)
    at FlowParserMixin.parseMaybeUnary (/tmp/kavia/workspace/code-generation/tictactoeweb-620896-aa8990a6/tic_tac_toe_frontend/node_modules/@babel/parser/lib/index.js:10723:23)
    at FlowParserMixin.parseMaybeUnaryOrPrivate (/tmp/kavia/workspace/code-generation/tictactoeweb-620896-aa8990a6/tic_tac_toe_frontend/node_modules/@babel/parser/lib/index.js:10576:61)
    at FlowParserMixin.parseExprOps (/tmp/kavia/workspace/code-generation/tictactoeweb-620896-aa8990a6/tic_tac_toe_frontend/node_modules/@babel/parser/lib/index.js:10581:23)
    at FlowParserMixin.parseMaybeConditional (/tmp/kavia/workspace/code-generation/tictactoeweb-620896-aa8990a6/tic_tac_toe_frontend/node_modules/@babel/parser/lib/index.js:10558:23)
    at FlowParserMixin.parseMaybeAssign (/tmp/kavia/workspace/code-generation/tictactoeweb-620896-aa8990a6/tic_tac_toe_frontend/node_modules/@babel/parser/lib/index.js:10521:21)
    at /tmp/kavia/workspace/code-generation/tictactoeweb-620896-aa8990a6/tic_tac_toe_frontend/node_modules/@babel/parser/lib/index.js:5722:39
    at FlowParserMixin.tryParse (/tmp/kavia/workspace/code-generation/tictactoeweb-620896-aa8990a6/tic_tac_toe_frontend/node_modules/@babel/parser/lib/index.js:3665:20)
    at FlowParserMixin.parseMaybeAssign (/tmp/kavia/workspace/code-generation/tictactoeweb-620896-aa8990a6/tic_tac_toe_frontend/node_modules/@babel/parser/lib/index.js:5722:18)
    at /tmp/kavia/workspace/code-generation/tictactoeweb-620896-aa8990a6/tic_tac_toe_frontend/node_modules/@babel/parser/lib/index.js:10491:39
    at FlowParserMixin.allowInAnd (/tmp/kavia/workspace/code-generation/tictactoeweb-620896-aa8990a6/tic_tac_toe_frontend/node_modules/@babel/parser/lib/index.js:12100:12)
    at FlowParserMixin.parseMaybeAssignAllowIn (/tmp/kavia/workspace/code-generation/tictactoeweb-620896-aa8990a6/tic_tac_toe_frontend/node_modules/@babel/parser/lib/index.js:10491:17)
    at FlowParserMixin.parseParenAndDistinguishExpression (/tmp/kavia/workspace/code-generation/tictactoeweb-620896-aa8990a6/tic_tac_toe_frontend/node_modules/@babel/parser/lib/index.js:11359:28)
    at FlowParserMixin.parseParenAndDistinguishExpression (/tmp/kavia/workspace/code-generation/tictactoeweb-620896-aa8990a6/tic_tac_toe_frontend/node_modules/@babel/parser/lib/index.js:5815:18)
    at FlowParserMixin.parseExprAtom (/tmp/kavia/workspace/code-generation/tictactoeweb-620896-aa8990a6/tic_tac_toe_frontend/node_modules/@babel/parser/lib/index.js:11006:23)
    at FlowParserMixin.parseExprAtom (/tmp/kavia/workspace/code-generation/tictactoeweb-620896-aa8990a6/tic_tac_toe_frontend/node_modules/@babel/parser/lib/index.js:6937:20)
    at FlowParserMixin.parseExprSubscripts (/tmp/kavia/workspace/code-generation/tictactoeweb-620896-aa8990a6/tic_tac_toe_frontend/node_modules/@babel/parser/lib/index.js:10758:23)
    at FlowParserMixin.parseUpdate (/tmp/kavia/workspace/code-generation/tictactoeweb-620896-aa8990a6/tic_tac_toe_frontend/node_modules/@babel/parser/lib/index.js:10743:21)
    at FlowParserMixin.parseMaybeUnary (/tmp/kavia/workspace/code-generation/tictactoeweb-620896-aa8990a6/tic_tac_toe_frontend/node_modules/@babel/parser/lib/index.js:10723:23)
    at FlowParserMixin.parseMaybeUnaryOrPrivate (/tmp/kavia/workspace/code-generation/tictactoeweb-620896-aa8990a6/tic_tac_toe_frontend/node_modules/@babel/parser/lib/index.js:10576:61)
    at FlowParserMixin.parseExprOps (/tmp/kavia/workspace/code-generation/tictactoeweb-620896-aa8990a6/tic_tac_toe_frontend/node_modules/@babel/parser/lib/index.js:10581:23)
    at FlowParserMixin.parseMaybeConditional (/tmp/kavia/workspace/code-generation/tictactoeweb-620896-aa8990a6/tic_tac_toe_frontend/node_modules/@babel/parser/lib/index.js:10558:23)
    at FlowParserMixin.parseMaybeAssign (/tmp/kavia/workspace/code-generation/tictactoeweb-620896-aa8990a6/tic_tac_toe_frontend/node_modules/@babel/parser/lib/index.js:10521:21)
    at FlowParserMixin.parseMaybeAssign (/tmp/kavia/workspace/code-generation/tictactoeweb-620896-aa8990a6/tic_tac_toe_frontend/node_modules/@babel/parser/lib/index.js:5773:18)
    at FlowParserMixin.parseExpressionBase (/tmp/kavia/workspace/code-generation/tictactoeweb-620896-aa8990a6/tic_tac_toe_frontend/node_modules/@babel/parser/lib/index.js:10475:23)
    at /tmp/kavia/workspace/code-generation/tictactoeweb-620896-aa8990a6/tic_tac_toe_frontend/node_modules/@babel/parser/lib/index.js:10471:39
    at FlowParserMixin.allowInAnd (/tmp/kavia/workspace/code-generation/tictactoeweb-620896-aa8990a6/tic_tac_toe_frontend/node_modules/@babel/parser/lib/index.js:12095:16)
    at FlowParserMixin.parseExpression (/tmp/kavia/workspace/code-generation/tictactoeweb-620896-aa8990a6/tic_tac_toe_frontend/node_modules/@babel/parser/lib/index.js:10471:17)
    at FlowParserMixin.parseReturnStatement (/tmp/kavia/workspace/code-generation/tictactoeweb-620896-aa8990a6/tic_tac_toe_frontend/node_modules/@babel/parser/lib/index.js:12786:28)
    at FlowParserMixin.parseStatementContent (/tmp/kavia/workspace/code-generation/tictactoeweb-620896-aa8990a6/tic_tac_toe_frontend/node_modules/@babel/parser/lib/index.js:12437:21)
    at FlowParserMixin.parseStatementLike (/tmp/kavia/workspace/code-generation/tictactoeweb-620896-aa8990a6/tic_tac_toe_frontend/node_modules/@babel/parser/lib/index.js:12406:17)
    at FlowParserMixin.parseStatementLike (/tmp/kavia/workspace/code-generation/tictactoeweb-620896-aa8990a6/tic_tac_toe_frontend/node_modules/@babel/parser/lib/index.js:5140:24)
    at FlowParserMixin.parseStatementListItem (/tmp/kavia/workspace/code-generation/tictactoeweb-620896-aa8990a6/tic_tac_toe_frontend/node_modules/@babel/parser/lib/index.js:12386:17)
    at FlowParserMixin.parseBlockOrModuleBlockBody (/tmp/kavia/workspace/code-generation/tictactoeweb-620896-aa8990a6/tic_tac_toe_frontend/node_modules/@babel/parser/lib/index.js:12960:61)
    at FlowParserMixin.parseBlockBody (/tmp/kavia/workspace/code-generation/tictactoeweb-620896-aa8990a6/tic_tac_toe_frontend/node_modules/@babel/parser/lib/index.js:12953:10)
    at FlowParserMixin.parseBlock (/tmp/kavia/workspace/code-generation/tictactoeweb-620896-aa8990a6/tic_tac_toe_frontend/node_modules/@babel/parser/lib/index.js:12941:10)
    at FlowParserMixin.parseFunctionBody (/tmp/kavia/workspace/code-generation/tictactoeweb-620896-aa8990a6/tic_tac_toe_frontend/node_modules/@babel/parser/lib/index.js:11783:24)
    at FlowParserMixin.parseFunctionBody (/tmp/kavia/workspace/code-generation/tictactoeweb-620896-aa8990a6/tic_tac_toe_frontend/node_modules/@babel/parser/lib/index.js:5117:11)
    at FlowParserMixin.parseFunctionBodyAndFinish (/tmp/kavia/workspace/code-generation/tictactoeweb-620896-aa8990a6/tic_tac_toe_frontend/node_modules/@babel/parser/lib/index.js:11769:10)
    at FlowParserMixin.parseFunctionBodyAndFinish (/tmp/kavia/workspace/code-generation/tictactoeweb-620896-aa8990a6/tic_tac_toe_frontend/node_modules/@babel/parser/lib/index.js:5125:18)

ERROR in [eslint] 
src/App.js
  Line 155:10:  Parsing error: Expected corresponding JSX closing tag for <button>. (155:10)

webpack compiled with 2 errors
Compiling...
Failed to compile.

[eslint] 
src/App.js
Syntax error: Expected corresponding JSX closing tag for <button>. (155:10) (155:10)
ERROR in ./src/App.js
Module build failed (from ./node_modules/babel-loader/lib/index.js):
SyntaxError: /tmp/kavia/workspace/code-generation/tictactoeweb-620896-aa8990a6/tic_tac_toe_frontend/src/App.js: Expected corresponding JSX closing tag for <button>. (155:10)

  153 |             >
  154 |               {isLoading ? "Loading..." : gameOver ? "Restart" : "Restart"}
> 155 |           </div>
      |           ^
  156 |             </button>
  157 |         </div>
  158 |         <div className="ttt-status" aria-live="polite">
    at constructor (/tmp/kavia/workspace/code-generation/tictactoeweb-620896-aa8990a6/tic_tac_toe_frontend/node_modules/@babel/parser/lib/index.js:360:19)
    at FlowParserMixin.raise (/tmp/kavia/workspace/code-generation/tictactoeweb-620896-aa8990a6/tic_tac_toe_frontend/node_modules/@babel/parser/lib/index.js:3327:19)
    at FlowParserMixin.jsxParseElementAt (/tmp/kavia/workspace/code-generation/tictactoeweb-620896-aa8990a6/tic_tac_toe_frontend/node_modules/@babel/parser/lib/index.js:6900:16)
    at FlowParserMixin.jsxParseElementAt (/tmp/kavia/workspace/code-generation/tictactoeweb-620896-aa8990a6/tic_tac_toe_frontend/node_modules/@babel/parser/lib/index.js:6871:32)
    at FlowParserMixin.jsxParseElementAt (/tmp/kavia/workspace/code-generation/tictactoeweb-620896-aa8990a6/tic_tac_toe_frontend/node_modules/@babel/parser/lib/index.js:6871:32)
    at FlowParserMixin.jsxParseElementAt (/tmp/kavia/workspace/code-generation/tictactoeweb-620896-aa8990a6/tic_tac_toe_frontend/node_modules/@babel/parser/lib/index.js:6871:32)
    at FlowParserMixin.jsxParseElementAt (/tmp/kavia/workspace/code-generation/tictactoeweb-620896-aa8990a6/tic_tac_toe_frontend/node_modules/@babel/parser/lib/index.js:6871:32)
    at FlowParserMixin.jsxParseElement (/tmp/kavia/workspace/code-generation/tictactoeweb-620896-aa8990a6/tic_tac_toe_frontend/node_modules/@babel/parser/lib/index.js:6922:17)
    at FlowParserMixin.parseExprAtom (/tmp/kavia/workspace/code-generation/tictactoeweb-620896-aa8990a6/tic_tac_toe_frontend/node_modules/@babel/parser/lib/index.js:6932:19)
    at FlowParserMixin.parseExprSubscripts (/tmp/kavia/workspace/code-generation/tictactoeweb-620896-aa8990a6/tic_tac_toe_frontend/node_modules/@babel/parser/lib/index.js:10758:23)
    at FlowParserMixin.parseUpdate (/tmp/kavia/workspace/code-generation/tictactoeweb-620896-aa8990a6/tic_tac_toe_frontend/node_modules/@babel/parser/lib/index.js:10743:21)
    at FlowParserMixin.parseMaybeUnary (/tmp/kavia/workspace/code-generation/tictactoeweb-620896-aa8990a6/tic_tac_toe_frontend/node_modules/@babel/parser/lib/index.js:10723:23)
    at FlowParserMixin.parseMaybeUnaryOrPrivate (/tmp/kavia/workspace/code-generation/tictactoeweb-620896-aa8990a6/tic_tac_toe_frontend/node_modules/@babel/parser/lib/index.js:10576:61)
    at FlowParserMixin.parseExprOps (/tmp/kavia/workspace/code-generation/tictactoeweb-620896-aa8990a6/tic_tac_toe_frontend/node_modules/@babel/parser/lib/index.js:10581:23)
    at FlowParserMixin.parseMaybeConditional (/tmp/kavia/workspace/code-generation/tictactoeweb-620896-aa8990a6/tic_tac_toe_frontend/node_modules/@babel/parser/lib/index.js:10558:23)
    at FlowParserMixin.parseMaybeAssign (/tmp/kavia/workspace/code-generation/tictactoeweb-620896-aa8990a6/tic_tac_toe_frontend/node_modules/@babel/parser/lib/index.js:10521:21)
    at /tmp/kavia/workspace/code-generation/tictactoeweb-620896-aa8990a6/tic_tac_toe_frontend/node_modules/@babel/parser/lib/index.js:5722:39
    at FlowParserMixin.tryParse (/tmp/kavia/workspace/code-generation/tictactoeweb-620896-aa8990a6/tic_tac_toe_frontend/node_modules/@babel/parser/lib/index.js:3665:20)
    at FlowParserMixin.parseMaybeAssign (/tmp/kavia/workspace/code-generation/tictactoeweb-620896-aa8990a6/tic_tac_toe_frontend/node_modules/@babel/parser/lib/index.js:5722:18)
    at /tmp/kavia/workspace/code-generation/tictactoeweb-620896-aa8990a6/tic_tac_toe_frontend/node_modules/@babel/parser/lib/index.js:10491:39
    at FlowParserMixin.allowInAnd (/tmp/kavia/workspace/code-generation/tictactoeweb-620896-aa8990a6/tic_tac_toe_frontend/node_modules/@babel/parser/lib/index.js:12100:12)
    at FlowParserMixin.parseMaybeAssignAllowIn (/tmp/kavia/workspace/code-generation/tictactoeweb-620896-aa8990a6/tic_tac_toe_frontend/node_modules/@babel/parser/lib/index.js:10491:17)
    at FlowParserMixin.parseParenAndDistinguishExpression (/tmp/kavia/workspace/code-generation/tictactoeweb-620896-aa8990a6/tic_tac_toe_frontend/node_modules/@babel/parser/lib/index.js:11359:28)
    at FlowParserMixin.parseParenAndDistinguishExpression (/tmp/kavia/workspace/code-generation/tictactoeweb-620896-aa8990a6/tic_tac_toe_frontend/node_modules/@babel/parser/lib/index.js:5815:18)
    at FlowParserMixin.parseExprAtom (/tmp/kavia/workspace/code-generation/tictactoeweb-620896-aa8990a6/tic_tac_toe_frontend/node_modules/@babel/parser/lib/index.js:11006:23)
    at FlowParserMixin.parseExprAtom (/tmp/kavia/workspace/code-generation/tictactoeweb-620896-aa8990a6/tic_tac_toe_frontend/node_modules/@babel/parser/lib/index.js:6937:20)
    at FlowParserMixin.parseExprSubscripts (/tmp/kavia/workspace/code-generation/tictactoeweb-620896-aa8990a6/tic_tac_toe_frontend/node_modules/@babel/parser/lib/index.js:10758:23)
    at FlowParserMixin.parseUpdate (/tmp/kavia/workspace/code-generation/tictactoeweb-620896-aa8990a6/tic_tac_toe_frontend/node_modules/@babel/parser/lib/index.js:10743:21)
    at FlowParserMixin.parseMaybeUnary (/tmp/kavia/workspace/code-generation/tictactoeweb-620896-aa8990a6/tic_tac_toe_frontend/node_modules/@babel/parser/lib/index.js:10723:23)
    at FlowParserMixin.parseMaybeUnaryOrPrivate (/tmp/kavia/workspace/code-generation/tictactoeweb-620896-aa8990a6/tic_tac_toe_frontend/node_modules/@babel/parser/lib/index.js:10576:61)
    at FlowParserMixin.parseExprOps (/tmp/kavia/workspace/code-generation/tictactoeweb-620896-aa8990a6/tic_tac_toe_frontend/node_modules/@babel/parser/lib/index.js:10581:23)
    at FlowParserMixin.parseMaybeConditional (/tmp/kavia/workspace/code-generation/tictactoeweb-620896-aa8990a6/tic_tac_toe_frontend/node_modules/@babel/parser/lib/index.js:10558:23)
    at FlowParserMixin.parseMaybeAssign (/tmp/kavia/workspace/code-generation/tictactoeweb-620896-aa8990a6/tic_tac_toe_frontend/node_modules/@babel/parser/lib/index.js:10521:21)
    at FlowParserMixin.parseMaybeAssign (/tmp/kavia/workspace/code-generation/tictactoeweb-620896-aa8990a6/tic_tac_toe_frontend/node_modules/@babel/parser/lib/index.js:5773:18)
    at FlowParserMixin.parseExpressionBase (/tmp/kavia/workspace/code-generation/tictactoeweb-620896-aa8990a6/tic_tac_toe_frontend/node_modules/@babel/parser/lib/index.js:10475:23)
    at /tmp/kavia/workspace/code-generation/tictactoeweb-620896-aa8990a6/tic_tac_toe_frontend/node_modules/@babel/parser/lib/index.js:10471:39
    at FlowParserMixin.allowInAnd (/tmp/kavia/workspace/code-generation/tictactoeweb-620896-aa8990a6/tic_tac_toe_frontend/node_modules/@babel/parser/lib/index.js:12095:16)
    at FlowParserMixin.parseExpression (/tmp/kavia/workspace/code-generation/tictactoeweb-620896-aa8990a6/tic_tac_toe_frontend/node_modules/@babel/parser/lib/index.js:10471:17)
    at FlowParserMixin.parseReturnStatement (/tmp/kavia/workspace/code-generation/tictactoeweb-620896-aa8990a6/tic_tac_toe_frontend/node_modules/@babel/parser/lib/index.js:12786:28)
    at FlowParserMixin.parseStatementContent (/tmp/kavia/workspace/code-generation/tictactoeweb-620896-aa8990a6/tic_tac_toe_frontend/node_modules/@babel/parser/lib/index.js:12437:21)
    at FlowParserMixin.parseStatementLike (/tmp/kavia/workspace/code-generation/tictactoeweb-620896-aa8990a6/tic_tac_toe_frontend/node_modules/@babel/parser/lib/index.js:12406:17)
    at FlowParserMixin.parseStatementLike (/tmp/kavia/workspace/code-generation/tictactoeweb-620896-aa8990a6/tic_tac_toe_frontend/node_modules/@babel/parser/lib/index.js:5140:24)
    at FlowParserMixin.parseStatementListItem (/tmp/kavia/workspace/code-generation/tictactoeweb-620896-aa8990a6/tic_tac_toe_frontend/node_modules/@babel/parser/lib/index.js:12386:17)
    at FlowParserMixin.parseBlockOrModuleBlockBody (/tmp/kavia/workspace/code-generation/tictactoeweb-620896-aa8990a6/tic_tac_toe_frontend/node_modules/@babel/parser/lib/index.js:12960:61)
    at FlowParserMixin.parseBlockBody (/tmp/kavia/workspace/code-generation/tictactoeweb-620896-aa8990a6/tic_tac_toe_frontend/node_modules/@babel/parser/lib/index.js:12953:10)
    at FlowParserMixin.parseBlock (/tmp/kavia/workspace/code-generation/tictactoeweb-620896-aa8990a6/tic_tac_toe_frontend/node_modules/@babel/parser/lib/index.js:12941:10)
    at FlowParserMixin.parseFunctionBody (/tmp/kavia/workspace/code-generation/tictactoeweb-620896-aa8990a6/tic_tac_toe_frontend/node_modules/@babel/parser/lib/index.js:11783:24)
    at FlowParserMixin.parseFunctionBody (/tmp/kavia/workspace/code-generation/tictactoeweb-620896-aa8990a6/tic_tac_toe_frontend/node_modules/@babel/parser/lib/index.js:5117:11)
    at FlowParserMixin.parseFunctionBodyAndFinish (/tmp/kavia/workspace/code-generation/tictactoeweb-620896-aa8990a6/tic_tac_toe_frontend/node_modules/@babel/parser/lib/index.js:11769:10)
    at FlowParserMixin.parseFunctionBodyAndFinish (/tmp/kavia/workspace/code-generation/tictactoeweb-620896-aa8990a6/tic_tac_toe_frontend/node_modules/@babel/parser/lib/index.js:5125:18)

ERROR in [eslint] 
src/App.js
  Line 155:10:  Parsing error: Expected corresponding JSX closing tag for <button>. (155:10)

webpack compiled with 2 errors
Compiling...
Failed to compile.

[eslint] 
src/App.js
Syntax error: Unexpected reserved word 'await'. (32:18) (32:18)
ERROR in ./src/App.js
Module build failed (from ./node_modules/babel-loader/lib/index.js):
SyntaxError: /tmp/kavia/workspace/code-generation/tictactoeweb-620896-aa8990a6/tic_tac_toe_frontend/src/App.js: Unexpected reserved word 'await'. (32:18)

  30 |     try {
  31 |       // POST to backend's "start game" endpoint
> 32 |       const res = await fetch(`${API_BASE_URL}/start`, { method: "POST" });
     |                   ^
  33 |       const data = await res.json();
  34 |       setGameId(data.game_id || data.id || null);
  35 |       setBoard(data.board || Array(9).fill(""));
    at constructor (/tmp/kavia/workspace/code-generation/tictactoeweb-620896-aa8990a6/tic_tac_toe_frontend/node_modules/@babel/parser/lib/index.js:360:19)
    at FlowParserMixin.raise (/tmp/kavia/workspace/code-generation/tictactoeweb-620896-aa8990a6/tic_tac_toe_frontend/node_modules/@babel/parser/lib/index.js:3327:19)
    at FlowParserMixin.checkReservedWord (/tmp/kavia/workspace/code-generation/tictactoeweb-620896-aa8990a6/tic_tac_toe_frontend/node_modules/@babel/parser/lib/index.js:11909:12)
    at FlowParserMixin.parseIdentifierName (/tmp/kavia/workspace/code-generation/tictactoeweb-620896-aa8990a6/tic_tac_toe_frontend/node_modules/@babel/parser/lib/index.js:11889:12)
    at FlowParserMixin.parseIdentifier (/tmp/kavia/workspace/code-generation/tictactoeweb-620896-aa8990a6/tic_tac_toe_frontend/node_modules/@babel/parser/lib/index.js:11864:23)
    at FlowParserMixin.parseExprAtom (/tmp/kavia/workspace/code-generation/tictactoeweb-620896-aa8990a6/tic_tac_toe_frontend/node_modules/@babel/parser/lib/index.js:11100:27)
    at FlowParserMixin.parseExprAtom (/tmp/kavia/workspace/code-generation/tictactoeweb-620896-aa8990a6/tic_tac_toe_frontend/node_modules/@babel/parser/lib/index.js:6937:20)
    at FlowParserMixin.parseExprSubscripts (/tmp/kavia/workspace/code-generation/tictactoeweb-620896-aa8990a6/tic_tac_toe_frontend/node_modules/@babel/parser/lib/index.js:10758:23)
    at FlowParserMixin.parseUpdate (/tmp/kavia/workspace/code-generation/tictactoeweb-620896-aa8990a6/tic_tac_toe_frontend/node_modules/@babel/parser/lib/index.js:10743:21)
    at FlowParserMixin.parseMaybeUnary (/tmp/kavia/workspace/code-generation/tictactoeweb-620896-aa8990a6/tic_tac_toe_frontend/node_modules/@babel/parser/lib/index.js:10723:23)
    at FlowParserMixin.parseMaybeUnaryOrPrivate (/tmp/kavia/workspace/code-generation/tictactoeweb-620896-aa8990a6/tic_tac_toe_frontend/node_modules/@babel/parser/lib/index.js:10576:61)
    at FlowParserMixin.parseExprOps (/tmp/kavia/workspace/code-generation/tictactoeweb-620896-aa8990a6/tic_tac_toe_frontend/node_modules/@babel/parser/lib/index.js:10581:23)
    at FlowParserMixin.parseMaybeConditional (/tmp/kavia/workspace/code-generation/tictactoeweb-620896-aa8990a6/tic_tac_toe_frontend/node_modules/@babel/parser/lib/index.js:10558:23)
    at FlowParserMixin.parseMaybeAssign (/tmp/kavia/workspace/code-generation/tictactoeweb-620896-aa8990a6/tic_tac_toe_frontend/node_modules/@babel/parser/lib/index.js:10521:21)
    at FlowParserMixin.parseMaybeAssign (/tmp/kavia/workspace/code-generation/tictactoeweb-620896-aa8990a6/tic_tac_toe_frontend/node_modules/@babel/parser/lib/index.js:5773:18)
    at /tmp/kavia/workspace/code-generation/tictactoeweb-620896-aa8990a6/tic_tac_toe_frontend/node_modules/@babel/parser/lib/index.js:10491:39
    at FlowParserMixin.allowInAnd (/tmp/kavia/workspace/code-generation/tictactoeweb-620896-aa8990a6/tic_tac_toe_frontend/node_modules/@babel/parser/lib/index.js:12095:16)
    at FlowParserMixin.parseMaybeAssignAllowIn (/tmp/kavia/workspace/code-generation/tictactoeweb-620896-aa8990a6/tic_tac_toe_frontend/node_modules/@babel/parser/lib/index.js:10491:17)
    at FlowParserMixin.parseVar (/tmp/kavia/workspace/code-generation/tictactoeweb-620896-aa8990a6/tic_tac_toe_frontend/node_modules/@babel/parser/lib/index.js:13028:91)
    at FlowParserMixin.parseVarStatement (/tmp/kavia/workspace/code-generation/tictactoeweb-620896-aa8990a6/tic_tac_toe_frontend/node_modules/@babel/parser/lib/index.js:12874:10)
    at FlowParserMixin.parseStatementContent (/tmp/kavia/workspace/code-generation/tictactoeweb-620896-aa8990a6/tic_tac_toe_frontend/node_modules/@babel/parser/lib/index.js:12489:23)
    at FlowParserMixin.parseStatementLike (/tmp/kavia/workspace/code-generation/tictactoeweb-620896-aa8990a6/tic_tac_toe_frontend/node_modules/@babel/parser/lib/index.js:12406:17)
    at FlowParserMixin.parseStatementLike (/tmp/kavia/workspace/code-generation/tictactoeweb-620896-aa8990a6/tic_tac_toe_frontend/node_modules/@babel/parser/lib/index.js:5140:24)
    at FlowParserMixin.parseStatementListItem (/tmp/kavia/workspace/code-generation/tictactoeweb-620896-aa8990a6/tic_tac_toe_frontend/node_modules/@babel/parser/lib/index.js:12386:17)
    at FlowParserMixin.parseBlockOrModuleBlockBody (/tmp/kavia/workspace/code-generation/tictactoeweb-620896-aa8990a6/tic_tac_toe_frontend/node_modules/@babel/parser/lib/index.js:12960:61)
    at FlowParserMixin.parseBlockBody (/tmp/kavia/workspace/code-generation/tictactoeweb-620896-aa8990a6/tic_tac_toe_frontend/node_modules/@babel/parser/lib/index.js:12953:10)
    at FlowParserMixin.parseBlock (/tmp/kavia/workspace/code-generation/tictactoeweb-620896-aa8990a6/tic_tac_toe_frontend/node_modules/@babel/parser/lib/index.js:12941:10)
    at FlowParserMixin.parseTryStatement (/tmp/kavia/workspace/code-generation/tictactoeweb-620896-aa8990a6/tic_tac_toe_frontend/node_modules/@babel/parser/lib/index.js:12849:23)
    at FlowParserMixin.parseStatementContent (/tmp/kavia/workspace/code-generation/tictactoeweb-620896-aa8990a6/tic_tac_toe_frontend/node_modules/@babel/parser/lib/index.js:12443:21)
    at FlowParserMixin.parseStatementLike (/tmp/kavia/workspace/code-generation/tictactoeweb-620896-aa8990a6/tic_tac_toe_frontend/node_modules/@babel/parser/lib/index.js:12406:17)
    at FlowParserMixin.parseStatementLike (/tmp/kavia/workspace/code-generation/tictactoeweb-620896-aa8990a6/tic_tac_toe_frontend/node_modules/@babel/parser/lib/index.js:5140:24)
    at FlowParserMixin.parseStatementListItem (/tmp/kavia/workspace/code-generation/tictactoeweb-620896-aa8990a6/tic_tac_toe_frontend/node_modules/@babel/parser/lib/index.js:12386:17)
    at FlowParserMixin.parseBlockOrModuleBlockBody (/tmp/kavia/workspace/code-generation/tictactoeweb-620896-aa8990a6/tic_tac_toe_frontend/node_modules/@babel/parser/lib/index.js:12960:61)
    at FlowParserMixin.parseBlockBody (/tmp/kavia/workspace/code-generation/tictactoeweb-620896-aa8990a6/tic_tac_toe_frontend/node_modules/@babel/parser/lib/index.js:12953:10)
    at FlowParserMixin.parseBlock (/tmp/kavia/workspace/code-generation/tictactoeweb-620896-aa8990a6/tic_tac_toe_frontend/node_modules/@babel/parser/lib/index.js:12941:10)
    at FlowParserMixin.parseFunctionBody (/tmp/kavia/workspace/code-generation/tictactoeweb-620896-aa8990a6/tic_tac_toe_frontend/node_modules/@babel/parser/lib/index.js:11783:24)
    at FlowParserMixin.parseFunctionBody (/tmp/kavia/workspace/code-generation/tictactoeweb-620896-aa8990a6/tic_tac_toe_frontend/node_modules/@babel/parser/lib/index.js:5117:11)
    at FlowParserMixin.parseFunctionBodyAndFinish (/tmp/kavia/workspace/code-generation/tictactoeweb-620896-aa8990a6/tic_tac_toe_frontend/node_modules/@babel/parser/lib/index.js:11769:10)
    at FlowParserMixin.parseFunctionBodyAndFinish (/tmp/kavia/workspace/code-generation/tictactoeweb-620896-aa8990a6/tic_tac_toe_frontend/node_modules/@babel/parser/lib/index.js:5125:18)
    at /tmp/kavia/workspace/code-generation/tictactoeweb-620896-aa8990a6/tic_tac_toe_frontend/node_modules/@babel/parser/lib/index.js:13085:12
    at FlowParserMixin.withSmartMixTopicForbiddingContext (/tmp/kavia/workspace/code-generation/tictactoeweb-620896-aa8990a6/tic_tac_toe_frontend/node_modules/@babel/parser/lib/index.js:12077:14)
    at FlowParserMixin.parseFunction (/tmp/kavia/workspace/code-generation/tictactoeweb-620896-aa8990a6/tic_tac_toe_frontend/node_modules/@babel/parser/lib/index.js:13084:10)
    at FlowParserMixin.parseFunctionStatement (/tmp/kavia/workspace/code-generation/tictactoeweb-620896-aa8990a6/tic_tac_toe_frontend/node_modules/@babel/parser/lib/index.js:12769:17)
    at FlowParserMixin.parseStatementContent (/tmp/kavia/workspace/code-generation/tictactoeweb-620896-aa8990a6/tic_tac_toe_frontend/node_modules/@babel/parser/lib/index.js:12430:21)
    at FlowParserMixin.parseStatementLike (/tmp/kavia/workspace/code-generation/tictactoeweb-620896-aa8990a6/tic_tac_toe_frontend/node_modules/@babel/parser/lib/index.js:12406:17)
    at FlowParserMixin.parseStatementLike (/tmp/kavia/workspace/code-generation/tictactoeweb-620896-aa8990a6/tic_tac_toe_frontend/node_modules/@babel/parser/lib/index.js:5140:24)
    at FlowParserMixin.parseModuleItem (/tmp/kavia/workspace/code-generation/tictactoeweb-620896-aa8990a6/tic_tac_toe_frontend/node_modules/@babel/parser/lib/index.js:12383:17)
    at FlowParserMixin.parseBlockOrModuleBlockBody (/tmp/kavia/workspace/code-generation/tictactoeweb-620896-aa8990a6/tic_tac_toe_frontend/node_modules/@babel/parser/lib/index.js:12960:36)
    at FlowParserMixin.parseBlockBody (/tmp/kavia/workspace/code-generation/tictactoeweb-620896-aa8990a6/tic_tac_toe_frontend/node_modules/@babel/parser/lib/index.js:12953:10)
    at FlowParserMixin.parseProgram (/tmp/kavia/workspace/code-generation/tictactoeweb-620896-aa8990a6/tic_tac_toe_frontend/node_modules/@babel/parser/lib/index.js:12280:10)

ERROR in [eslint] 
src/App.js
  Line 32:18:  Parsing error: Unexpected reserved word 'await'. (32:18)

webpack compiled with 2 errors
Compiling...
Failed to compile.

[eslint] 
src/App.js
Syntax error: Unexpected reserved word 'await'. (32:18) (32:18)
ERROR in ./src/App.js
Module build failed (from ./node_modules/babel-loader/lib/index.js):
SyntaxError: /tmp/kavia/workspace/code-generation/tictactoeweb-620896-aa8990a6/tic_tac_toe_frontend/src/App.js: Unexpected reserved word 'await'. (32:18)

  30 |     try {
  31 |       // POST to backend's "start game" endpoint
> 32 |       const res = await fetch(`${API_BASE_URL}/start`, { method: "POST" });
     |                   ^
  33 |       const data = await res.json();
  34 |       setGameId(data.game_id || data.id || null);
  35 |       setBoard(data.board || Array(9).fill(""));
    at constructor (/tmp/kavia/workspace/code-generation/tictactoeweb-620896-aa8990a6/tic_tac_toe_frontend/node_modules/@babel/parser/lib/index.js:360:19)
    at FlowParserMixin.raise (/tmp/kavia/workspace/code-generation/tictactoeweb-620896-aa8990a6/tic_tac_toe_frontend/node_modules/@babel/parser/lib/index.js:3327:19)
    at FlowParserMixin.checkReservedWord (/tmp/kavia/workspace/code-generation/tictactoeweb-620896-aa8990a6/tic_tac_toe_frontend/node_modules/@babel/parser/lib/index.js:11909:12)
    at FlowParserMixin.parseIdentifierName (/tmp/kavia/workspace/code-generation/tictactoeweb-620896-aa8990a6/tic_tac_toe_frontend/node_modules/@babel/parser/lib/index.js:11889:12)
    at FlowParserMixin.parseIdentifier (/tmp/kavia/workspace/code-generation/tictactoeweb-620896-aa8990a6/tic_tac_toe_frontend/node_modules/@babel/parser/lib/index.js:11864:23)
    at FlowParserMixin.parseExprAtom (/tmp/kavia/workspace/code-generation/tictactoeweb-620896-aa8990a6/tic_tac_toe_frontend/node_modules/@babel/parser/lib/index.js:11100:27)
    at FlowParserMixin.parseExprAtom (/tmp/kavia/workspace/code-generation/tictactoeweb-620896-aa8990a6/tic_tac_toe_frontend/node_modules/@babel/parser/lib/index.js:6937:20)
    at FlowParserMixin.parseExprSubscripts (/tmp/kavia/workspace/code-generation/tictactoeweb-620896-aa8990a6/tic_tac_toe_frontend/node_modules/@babel/parser/lib/index.js:10758:23)
    at FlowParserMixin.parseUpdate (/tmp/kavia/workspace/code-generation/tictactoeweb-620896-aa8990a6/tic_tac_toe_frontend/node_modules/@babel/parser/lib/index.js:10743:21)
    at FlowParserMixin.parseMaybeUnary (/tmp/kavia/workspace/code-generation/tictactoeweb-620896-aa8990a6/tic_tac_toe_frontend/node_modules/@babel/parser/lib/index.js:10723:23)
    at FlowParserMixin.parseMaybeUnaryOrPrivate (/tmp/kavia/workspace/code-generation/tictactoeweb-620896-aa8990a6/tic_tac_toe_frontend/node_modules/@babel/parser/lib/index.js:10576:61)
    at FlowParserMixin.parseExprOps (/tmp/kavia/workspace/code-generation/tictactoeweb-620896-aa8990a6/tic_tac_toe_frontend/node_modules/@babel/parser/lib/index.js:10581:23)
    at FlowParserMixin.parseMaybeConditional (/tmp/kavia/workspace/code-generation/tictactoeweb-620896-aa8990a6/tic_tac_toe_frontend/node_modules/@babel/parser/lib/index.js:10558:23)
    at FlowParserMixin.parseMaybeAssign (/tmp/kavia/workspace/code-generation/tictactoeweb-620896-aa8990a6/tic_tac_toe_frontend/node_modules/@babel/parser/lib/index.js:10521:21)
    at FlowParserMixin.parseMaybeAssign (/tmp/kavia/workspace/code-generation/tictactoeweb-620896-aa8990a6/tic_tac_toe_frontend/node_modules/@babel/parser/lib/index.js:5773:18)
    at /tmp/kavia/workspace/code-generation/tictactoeweb-620896-aa8990a6/tic_tac_toe_frontend/node_modules/@babel/parser/lib/index.js:10491:39
    at FlowParserMixin.allowInAnd (/tmp/kavia/workspace/code-generation/tictactoeweb-620896-aa8990a6/tic_tac_toe_frontend/node_modules/@babel/parser/lib/index.js:12095:16)
    at FlowParserMixin.parseMaybeAssignAllowIn (/tmp/kavia/workspace/code-generation/tictactoeweb-620896-aa8990a6/tic_tac_toe_frontend/node_modules/@babel/parser/lib/index.js:10491:17)
    at FlowParserMixin.parseVar (/tmp/kavia/workspace/code-generation/tictactoeweb-620896-aa8990a6/tic_tac_toe_frontend/node_modules/@babel/parser/lib/index.js:13028:91)
    at FlowParserMixin.parseVarStatement (/tmp/kavia/workspace/code-generation/tictactoeweb-620896-aa8990a6/tic_tac_toe_frontend/node_modules/@babel/parser/lib/index.js:12874:10)
    at FlowParserMixin.parseStatementContent (/tmp/kavia/workspace/code-generation/tictactoeweb-620896-aa8990a6/tic_tac_toe_frontend/node_modules/@babel/parser/lib/index.js:12489:23)
    at FlowParserMixin.parseStatementLike (/tmp/kavia/workspace/code-generation/tictactoeweb-620896-aa8990a6/tic_tac_toe_frontend/node_modules/@babel/parser/lib/index.js:12406:17)
    at FlowParserMixin.parseStatementLike (/tmp/kavia/workspace/code-generation/tictactoeweb-620896-aa8990a6/tic_tac_toe_frontend/node_modules/@babel/parser/lib/index.js:5140:24)
    at FlowParserMixin.parseStatementListItem (/tmp/kavia/workspace/code-generation/tictactoeweb-620896-aa8990a6/tic_tac_toe_frontend/node_modules/@babel/parser/lib/index.js:12386:17)
    at FlowParserMixin.parseBlockOrModuleBlockBody (/tmp/kavia/workspace/code-generation/tictactoeweb-620896-aa8990a6/tic_tac_toe_frontend/node_modules/@babel/parser/lib/index.js:12960:61)
    at FlowParserMixin.parseBlockBody (/tmp/kavia/workspace/code-generation/tictactoeweb-620896-aa8990a6/tic_tac_toe_frontend/node_modules/@babel/parser/lib/index.js:12953:10)
    at FlowParserMixin.parseBlock (/tmp/kavia/workspace/code-generation/tictactoeweb-620896-aa8990a6/tic_tac_toe_frontend/node_modules/@babel/parser/lib/index.js:12941:10)
    at FlowParserMixin.parseTryStatement (/tmp/kavia/workspace/code-generation/tictactoeweb-620896-aa8990a6/tic_tac_toe_frontend/node_modules/@babel/parser/lib/index.js:12849:23)
    at FlowParserMixin.parseStatementContent (/tmp/kavia/workspace/code-generation/tictactoeweb-620896-aa8990a6/tic_tac_toe_frontend/node_modules/@babel/parser/lib/index.js:12443:21)
    at FlowParserMixin.parseStatementLike (/tmp/kavia/workspace/code-generation/tictactoeweb-620896-aa8990a6/tic_tac_toe_frontend/node_modules/@babel/parser/lib/index.js:12406:17)
    at FlowParserMixin.parseStatementLike (/tmp/kavia/workspace/code-generation/tictactoeweb-620896-aa8990a6/tic_tac_toe_frontend/node_modules/@babel/parser/lib/index.js:5140:24)
    at FlowParserMixin.parseStatementListItem (/tmp/kavia/workspace/code-generation/tictactoeweb-620896-aa8990a6/tic_tac_toe_frontend/node_modules/@babel/parser/lib/index.js:12386:17)
    at FlowParserMixin.parseBlockOrModuleBlockBody (/tmp/kavia/workspace/code-generation/tictactoeweb-620896-aa8990a6/tic_tac_toe_frontend/node_modules/@babel/parser/lib/index.js:12960:61)
    at FlowParserMixin.parseBlockBody (/tmp/kavia/workspace/code-generation/tictactoeweb-620896-aa8990a6/tic_tac_toe_frontend/node_modules/@babel/parser/lib/index.js:12953:10)
    at FlowParserMixin.parseBlock (/tmp/kavia/workspace/code-generation/tictactoeweb-620896-aa8990a6/tic_tac_toe_frontend/node_modules/@babel/parser/lib/index.js:12941:10)
    at FlowParserMixin.parseFunctionBody (/tmp/kavia/workspace/code-generation/tictactoeweb-620896-aa8990a6/tic_tac_toe_frontend/node_modules/@babel/parser/lib/index.js:11783:24)
    at FlowParserMixin.parseFunctionBody (/tmp/kavia/workspace/code-generation/tictactoeweb-620896-aa8990a6/tic_tac_toe_frontend/node_modules/@babel/parser/lib/index.js:5117:11)
    at FlowParserMixin.parseFunctionBodyAndFinish (/tmp/kavia/workspace/code-generation/tictactoeweb-620896-aa8990a6/tic_tac_toe_frontend/node_modules/@babel/parser/lib/index.js:11769:10)
    at FlowParserMixin.parseFunctionBodyAndFinish (/tmp/kavia/workspace/code-generation/tictactoeweb-620896-aa8990a6/tic_tac_toe_frontend/node_modules/@babel/parser/lib/index.js:5125:18)
    at /tmp/kavia/workspace/code-generation/tictactoeweb-620896-aa8990a6/tic_tac_toe_frontend/node_modules/@babel/parser/lib/index.js:13085:12
    at FlowParserMixin.withSmartMixTopicForbiddingContext (/tmp/kavia/workspace/code-generation/tictactoeweb-620896-aa8990a6/tic_tac_toe_frontend/node_modules/@babel/parser/lib/index.js:12077:14)
    at FlowParserMixin.parseFunction (/tmp/kavia/workspace/code-generation/tictactoeweb-620896-aa8990a6/tic_tac_toe_frontend/node_modules/@babel/parser/lib/index.js:13084:10)
    at FlowParserMixin.parseFunctionStatement (/tmp/kavia/workspace/code-generation/tictactoeweb-620896-aa8990a6/tic_tac_toe_frontend/node_modules/@babel/parser/lib/index.js:12769:17)
    at FlowParserMixin.parseStatementContent (/tmp/kavia/workspace/code-generation/tictactoeweb-620896-aa8990a6/tic_tac_toe_frontend/node_modules/@babel/parser/lib/index.js:12430:21)
    at FlowParserMixin.parseStatementLike (/tmp/kavia/workspace/code-generation/tictactoeweb-620896-aa8990a6/tic_tac_toe_frontend/node_modules/@babel/parser/lib/index.js:12406:17)
    at FlowParserMixin.parseStatementLike (/tmp/kavia/workspace/code-generation/tictactoeweb-620896-aa8990a6/tic_tac_toe_frontend/node_modules/@babel/parser/lib/index.js:5140:24)
    at FlowParserMixin.parseModuleItem (/tmp/kavia/workspace/code-generation/tictactoeweb-620896-aa8990a6/tic_tac_toe_frontend/node_modules/@babel/parser/lib/index.js:12383:17)
    at FlowParserMixin.parseBlockOrModuleBlockBody (/tmp/kavia/workspace/code-generation/tictactoeweb-620896-aa8990a6/tic_tac_toe_frontend/node_modules/@babel/parser/lib/index.js:12960:36)
    at FlowParserMixin.parseBlockBody (/tmp/kavia/workspace/code-generation/tictactoeweb-620896-aa8990a6/tic_tac_toe_frontend/node_modules/@babel/parser/lib/index.js:12953:10)
    at FlowParserMixin.parseProgram (/tmp/kavia/workspace/code-generation/tictactoeweb-620896-aa8990a6/tic_tac_toe_frontend/node_modules/@babel/parser/lib/index.js:12280:10)

ERROR in [eslint] 
src/App.js
  Line 32:18:  Parsing error: Unexpected reserved word 'await'. (32:18)

webpack compiled with 2 errors
Compiling...
Failed to compile.

[eslint] 
src/App.js
Syntax error: Unexpected reserved word 'await'. (32:18) (32:18)
ERROR in ./src/App.js
Module build failed (from ./node_modules/babel-loader/lib/index.js):
SyntaxError: /tmp/kavia/workspace/code-generation/tictactoeweb-620896-aa8990a6/tic_tac_toe_frontend/src/App.js: Unexpected reserved word 'await'. (32:18)

  30 |     try {
  31 |       // POST to backend's "start game" endpoint
> 32 |       const res = await fetch(`${API_BASE_URL}/start`, { method: "POST" });
     |                   ^
  33 |       const data = await res.json();
  34 |       setGameId(data.game_id || data.id || null);
  35 |       setBoard(data.board || Array(9).fill(""));
    at constructor (/tmp/kavia/workspace/code-generation/tictactoeweb-620896-aa8990a6/tic_tac_toe_frontend/node_modules/@babel/parser/lib/index.js:360:19)
    at FlowParserMixin.raise (/tmp/kavia/workspace/code-generation/tictactoeweb-620896-aa8990a6/tic_tac_toe_frontend/node_modules/@babel/parser/lib/index.js:3327:19)
    at FlowParserMixin.checkReservedWord (/tmp/kavia/workspace/code-generation/tictactoeweb-620896-aa8990a6/tic_tac_toe_frontend/node_modules/@babel/parser/lib/index.js:11909:12)
    at FlowParserMixin.parseIdentifierName (/tmp/kavia/workspace/code-generation/tictactoeweb-620896-aa8990a6/tic_tac_toe_frontend/node_modules/@babel/parser/lib/index.js:11889:12)
    at FlowParserMixin.parseIdentifier (/tmp/kavia/workspace/code-generation/tictactoeweb-620896-aa8990a6/tic_tac_toe_frontend/node_modules/@babel/parser/lib/index.js:11864:23)
    at FlowParserMixin.parseExprAtom (/tmp/kavia/workspace/code-generation/tictactoeweb-620896-aa8990a6/tic_tac_toe_frontend/node_modules/@babel/parser/lib/index.js:11100:27)
    at FlowParserMixin.parseExprAtom (/tmp/kavia/workspace/code-generation/tictactoeweb-620896-aa8990a6/tic_tac_toe_frontend/node_modules/@babel/parser/lib/index.js:6937:20)
    at FlowParserMixin.parseExprSubscripts (/tmp/kavia/workspace/code-generation/tictactoeweb-620896-aa8990a6/tic_tac_toe_frontend/node_modules/@babel/parser/lib/index.js:10758:23)
    at FlowParserMixin.parseUpdate (/tmp/kavia/workspace/code-generation/tictactoeweb-620896-aa8990a6/tic_tac_toe_frontend/node_modules/@babel/parser/lib/index.js:10743:21)
    at FlowParserMixin.parseMaybeUnary (/tmp/kavia/workspace/code-generation/tictactoeweb-620896-aa8990a6/tic_tac_toe_frontend/node_modules/@babel/parser/lib/index.js:10723:23)
    at FlowParserMixin.parseMaybeUnaryOrPrivate (/tmp/kavia/workspace/code-generation/tictactoeweb-620896-aa8990a6/tic_tac_toe_frontend/node_modules/@babel/parser/lib/index.js:10576:61)
    at FlowParserMixin.parseExprOps (/tmp/kavia/workspace/code-generation/tictactoeweb-620896-aa8990a6/tic_tac_toe_frontend/node_modules/@babel/parser/lib/index.js:10581:23)
    at FlowParserMixin.parseMaybeConditional (/tmp/kavia/workspace/code-generation/tictactoeweb-620896-aa8990a6/tic_tac_toe_frontend/node_modules/@babel/parser/lib/index.js:10558:23)
    at FlowParserMixin.parseMaybeAssign (/tmp/kavia/workspace/code-generation/tictactoeweb-620896-aa8990a6/tic_tac_toe_frontend/node_modules/@babel/parser/lib/index.js:10521:21)
    at FlowParserMixin.parseMaybeAssign (/tmp/kavia/workspace/code-generation/tictactoeweb-620896-aa8990a6/tic_tac_toe_frontend/node_modules/@babel/parser/lib/index.js:5773:18)
    at /tmp/kavia/workspace/code-generation/tictactoeweb-620896-aa8990a6/tic_tac_toe_frontend/node_modules/@babel/parser/lib/index.js:10491:39
    at FlowParserMixin.allowInAnd (/tmp/kavia/workspace/code-generation/tictactoeweb-620896-aa8990a6/tic_tac_toe_frontend/node_modules/@babel/parser/lib/index.js:12095:16)
    at FlowParserMixin.parseMaybeAssignAllowIn (/tmp/kavia/workspace/code-generation/tictactoeweb-620896-aa8990a6/tic_tac_toe_frontend/node_modules/@babel/parser/lib/index.js:10491:17)
    at FlowParserMixin.parseVar (/tmp/kavia/workspace/code-generation/tictactoeweb-620896-aa8990a6/tic_tac_toe_frontend/node_modules/@babel/parser/lib/index.js:13028:91)
    at FlowParserMixin.parseVarStatement (/tmp/kavia/workspace/code-generation/tictactoeweb-620896-aa8990a6/tic_tac_toe_frontend/node_modules/@babel/parser/lib/index.js:12874:10)
    at FlowParserMixin.parseStatementContent (/tmp/kavia/workspace/code-generation/tictactoeweb-620896-aa8990a6/tic_tac_toe_frontend/node_modules/@babel/parser/lib/index.js:12489:23)
    at FlowParserMixin.parseStatementLike (/tmp/kavia/workspace/code-generation/tictactoeweb-620896-aa8990a6/tic_tac_toe_frontend/node_modules/@babel/parser/lib/index.js:12406:17)
    at FlowParserMixin.parseStatementLike (/tmp/kavia/workspace/code-generation/tictactoeweb-620896-aa8990a6/tic_tac_toe_frontend/node_modules/@babel/parser/lib/index.js:5140:24)
    at FlowParserMixin.parseStatementListItem (/tmp/kavia/workspace/code-generation/tictactoeweb-620896-aa8990a6/tic_tac_toe_frontend/node_modules/@babel/parser/lib/index.js:12386:17)
    at FlowParserMixin.parseBlockOrModuleBlockBody (/tmp/kavia/workspace/code-generation/tictactoeweb-620896-aa8990a6/tic_tac_toe_frontend/node_modules/@babel/parser/lib/index.js:12960:61)
    at FlowParserMixin.parseBlockBody (/tmp/kavia/workspace/code-generation/tictactoeweb-620896-aa8990a6/tic_tac_toe_frontend/node_modules/@babel/parser/lib/index.js:12953:10)
    at FlowParserMixin.parseBlock (/tmp/kavia/workspace/code-generation/tictactoeweb-620896-aa8990a6/tic_tac_toe_frontend/node_modules/@babel/parser/lib/index.js:12941:10)
    at FlowParserMixin.parseTryStatement (/tmp/kavia/workspace/code-generation/tictactoeweb-620896-aa8990a6/tic_tac_toe_frontend/node_modules/@babel/parser/lib/index.js:12849:23)
    at FlowParserMixin.parseStatementContent (/tmp/kavia/workspace/code-generation/tictactoeweb-620896-aa8990a6/tic_tac_toe_frontend/node_modules/@babel/parser/lib/index.js:12443:21)
    at FlowParserMixin.parseStatementLike (/tmp/kavia/workspace/code-generation/tictactoeweb-620896-aa8990a6/tic_tac_toe_frontend/node_modules/@babel/parser/lib/index.js:12406:17)
    at FlowParserMixin.parseStatementLike (/tmp/kavia/workspace/code-generation/tictactoeweb-620896-aa8990a6/tic_tac_toe_frontend/node_modules/@babel/parser/lib/index.js:5140:24)
    at FlowParserMixin.parseStatementListItem (/tmp/kavia/workspace/code-generation/tictactoeweb-620896-aa8990a6/tic_tac_toe_frontend/node_modules/@babel/parser/lib/index.js:12386:17)
    at FlowParserMixin.parseBlockOrModuleBlockBody (/tmp/kavia/workspace/code-generation/tictactoeweb-620896-aa8990a6/tic_tac_toe_frontend/node_modules/@babel/parser/lib/index.js:12960:61)
    at FlowParserMixin.parseBlockBody (/tmp/kavia/workspace/code-generation/tictactoeweb-620896-aa8990a6/tic_tac_toe_frontend/node_modules/@babel/parser/lib/index.js:12953:10)
    at FlowParserMixin.parseBlock (/tmp/kavia/workspace/code-generation/tictactoeweb-620896-aa8990a6/tic_tac_toe_frontend/node_modules/@babel/parser/lib/index.js:12941:10)
    at FlowParserMixin.parseFunctionBody (/tmp/kavia/workspace/code-generation/tictactoeweb-620896-aa8990a6/tic_tac_toe_frontend/node_modules/@babel/parser/lib/index.js:11783:24)
    at FlowParserMixin.parseFunctionBody (/tmp/kavia/workspace/code-generation/tictactoeweb-620896-aa8990a6/tic_tac_toe_frontend/node_modules/@babel/parser/lib/index.js:5117:11)
    at FlowParserMixin.parseFunctionBodyAndFinish (/tmp/kavia/workspace/code-generation/tictactoeweb-620896-aa8990a6/tic_tac_toe_frontend/node_modules/@babel/parser/lib/index.js:11769:10)
    at FlowParserMixin.parseFunctionBodyAndFinish (/tmp/kavia/workspace/code-generation/tictactoeweb-620896-aa8990a6/tic_tac_toe_frontend/node_modules/@babel/parser/lib/index.js:5125:18)
    at /tmp/kavia/workspace/code-generation/tictactoeweb-620896-aa8990a6/tic_tac_toe_frontend/node_modules/@babel/parser/lib/index.js:13085:12
    at FlowParserMixin.withSmartMixTopicForbiddingContext (/tmp/kavia/workspace/code-generation/tictactoeweb-620896-aa8990a6/tic_tac_toe_frontend/node_modules/@babel/parser/lib/index.js:12077:14)
    at FlowParserMixin.parseFunction (/tmp/kavia/workspace/code-generation/tictactoeweb-620896-aa8990a6/tic_tac_toe_frontend/node_modules/@babel/parser/lib/index.js:13084:10)
    at FlowParserMixin.parseFunctionStatement (/tmp/kavia/workspace/code-generation/tictactoeweb-620896-aa8990a6/tic_tac_toe_frontend/node_modules/@babel/parser/lib/index.js:12769:17)
    at FlowParserMixin.parseStatementContent (/tmp/kavia/workspace/code-generation/tictactoeweb-620896-aa8990a6/tic_tac_toe_frontend/node_modules/@babel/parser/lib/index.js:12430:21)
    at FlowParserMixin.parseStatementLike (/tmp/kavia/workspace/code-generation/tictactoeweb-620896-aa8990a6/tic_tac_toe_frontend/node_modules/@babel/parser/lib/index.js:12406:17)
    at FlowParserMixin.parseStatementLike (/tmp/kavia/workspace/code-generation/tictactoeweb-620896-aa8990a6/tic_tac_toe_frontend/node_modules/@babel/parser/lib/index.js:5140:24)
    at FlowParserMixin.parseModuleItem (/tmp/kavia/workspace/code-generation/tictactoeweb-620896-aa8990a6/tic_tac_toe_frontend/node_modules/@babel/parser/lib/index.js:12383:17)
    at FlowParserMixin.parseBlockOrModuleBlockBody (/tmp/kavia/workspace/code-generation/tictactoeweb-620896-aa8990a6/tic_tac_toe_frontend/node_modules/@babel/parser/lib/index.js:12960:36)
    at FlowParserMixin.parseBlockBody (/tmp/kavia/workspace/code-generation/tictactoeweb-620896-aa8990a6/tic_tac_toe_frontend/node_modules/@babel/parser/lib/index.js:12953:10)
    at FlowParserMixin.parseProgram (/tmp/kavia/workspace/code-generation/tictactoeweb-620896-aa8990a6/tic_tac_toe_frontend/node_modules/@babel/parser/lib/index.js:12280:10)

ERROR in [eslint] 
src/App.js
  Line 32:18:  Parsing error: Unexpected reserved word 'await'. (32:18)

webpack compiled with 2 errors
Compiling...
Failed to compile.

[eslint] 
src/App.js
Syntax error: Unexpected reserved word 'await'. (32:18) (32:18)
ERROR in ./src/App.js
Module build failed (from ./node_modules/babel-loader/lib/index.js):
SyntaxError: /tmp/kavia/workspace/code-generation/tictactoeweb-620896-aa8990a6/tic_tac_toe_frontend/src/App.js: Unexpected reserved word 'await'. (32:18)

  30 |     try {
  31 |       // POST to backend's "start game" endpoint
> 32 |       const res = await fetch(`${API_BASE_URL}/start`, { method: "POST" });
     |                   ^
  33 |       const data = await res.json();
  34 |       setGameId(data.game_id || data.id || null);
  35 |       setBoard(data.board || Array(9).fill(""));
    at constructor (/tmp/kavia/workspace/code-generation/tictactoeweb-620896-aa8990a6/tic_tac_toe_frontend/node_modules/@babel/parser/lib/index.js:360:19)
    at FlowParserMixin.raise (/tmp/kavia/workspace/code-generation/tictactoeweb-620896-aa8990a6/tic_tac_toe_frontend/node_modules/@babel/parser/lib/index.js:3327:19)
    at FlowParserMixin.checkReservedWord (/tmp/kavia/workspace/code-generation/tictactoeweb-620896-aa8990a6/tic_tac_toe_frontend/node_modules/@babel/parser/lib/index.js:11909:12)
    at FlowParserMixin.parseIdentifierName (/tmp/kavia/workspace/code-generation/tictactoeweb-620896-aa8990a6/tic_tac_toe_frontend/node_modules/@babel/parser/lib/index.js:11889:12)
    at FlowParserMixin.parseIdentifier (/tmp/kavia/workspace/code-generation/tictactoeweb-620896-aa8990a6/tic_tac_toe_frontend/node_modules/@babel/parser/lib/index.js:11864:23)
    at FlowParserMixin.parseExprAtom (/tmp/kavia/workspace/code-generation/tictactoeweb-620896-aa8990a6/tic_tac_toe_frontend/node_modules/@babel/parser/lib/index.js:11100:27)
    at FlowParserMixin.parseExprAtom (/tmp/kavia/workspace/code-generation/tictactoeweb-620896-aa8990a6/tic_tac_toe_frontend/node_modules/@babel/parser/lib/index.js:6937:20)
    at FlowParserMixin.parseExprSubscripts (/tmp/kavia/workspace/code-generation/tictactoeweb-620896-aa8990a6/tic_tac_toe_frontend/node_modules/@babel/parser/lib/index.js:10758:23)
    at FlowParserMixin.parseUpdate (/tmp/kavia/workspace/code-generation/tictactoeweb-620896-aa8990a6/tic_tac_toe_frontend/node_modules/@babel/parser/lib/index.js:10743:21)
    at FlowParserMixin.parseMaybeUnary (/tmp/kavia/workspace/code-generation/tictactoeweb-620896-aa8990a6/tic_tac_toe_frontend/node_modules/@babel/parser/lib/index.js:10723:23)
    at FlowParserMixin.parseMaybeUnaryOrPrivate (/tmp/kavia/workspace/code-generation/tictactoeweb-620896-aa8990a6/tic_tac_toe_frontend/node_modules/@babel/parser/lib/index.js:10576:61)
    at FlowParserMixin.parseExprOps (/tmp/kavia/workspace/code-generation/tictactoeweb-620896-aa8990a6/tic_tac_toe_frontend/node_modules/@babel/parser/lib/index.js:10581:23)
    at FlowParserMixin.parseMaybeConditional (/tmp/kavia/workspace/code-generation/tictactoeweb-620896-aa8990a6/tic_tac_toe_frontend/node_modules/@babel/parser/lib/index.js:10558:23)
    at FlowParserMixin.parseMaybeAssign (/tmp/kavia/workspace/code-generation/tictactoeweb-620896-aa8990a6/tic_tac_toe_frontend/node_modules/@babel/parser/lib/index.js:10521:21)
    at FlowParserMixin.parseMaybeAssign (/tmp/kavia/workspace/code-generation/tictactoeweb-620896-aa8990a6/tic_tac_toe_frontend/node_modules/@babel/parser/lib/index.js:5773:18)
    at /tmp/kavia/workspace/code-generation/tictactoeweb-620896-aa8990a6/tic_tac_toe_frontend/node_modules/@babel/parser/lib/index.js:10491:39
    at FlowParserMixin.allowInAnd (/tmp/kavia/workspace/code-generation/tictactoeweb-620896-aa8990a6/tic_tac_toe_frontend/node_modules/@babel/parser/lib/index.js:12095:16)
    at FlowParserMixin.parseMaybeAssignAllowIn (/tmp/kavia/workspace/code-generation/tictactoeweb-620896-aa8990a6/tic_tac_toe_frontend/node_modules/@babel/parser/lib/index.js:10491:17)
    at FlowParserMixin.parseVar (/tmp/kavia/workspace/code-generation/tictactoeweb-620896-aa8990a6/tic_tac_toe_frontend/node_modules/@babel/parser/lib/index.js:13028:91)
    at FlowParserMixin.parseVarStatement (/tmp/kavia/workspace/code-generation/tictactoeweb-620896-aa8990a6/tic_tac_toe_frontend/node_modules/@babel/parser/lib/index.js:12874:10)
    at FlowParserMixin.parseStatementContent (/tmp/kavia/workspace/code-generation/tictactoeweb-620896-aa8990a6/tic_tac_toe_frontend/node_modules/@babel/parser/lib/index.js:12489:23)
    at FlowParserMixin.parseStatementLike (/tmp/kavia/workspace/code-generation/tictactoeweb-620896-aa8990a6/tic_tac_toe_frontend/node_modules/@babel/parser/lib/index.js:12406:17)
    at FlowParserMixin.parseStatementLike (/tmp/kavia/workspace/code-generation/tictactoeweb-620896-aa8990a6/tic_tac_toe_frontend/node_modules/@babel/parser/lib/index.js:5140:24)
    at FlowParserMixin.parseStatementListItem (/tmp/kavia/workspace/code-generation/tictactoeweb-620896-aa8990a6/tic_tac_toe_frontend/node_modules/@babel/parser/lib/index.js:12386:17)
    at FlowParserMixin.parseBlockOrModuleBlockBody (/tmp/kavia/workspace/code-generation/tictactoeweb-620896-aa8990a6/tic_tac_toe_frontend/node_modules/@babel/parser/lib/index.js:12960:61)
    at FlowParserMixin.parseBlockBody (/tmp/kavia/workspace/code-generation/tictactoeweb-620896-aa8990a6/tic_tac_toe_frontend/node_modules/@babel/parser/lib/index.js:12953:10)
    at FlowParserMixin.parseBlock (/tmp/kavia/workspace/code-generation/tictactoeweb-620896-aa8990a6/tic_tac_toe_frontend/node_modules/@babel/parser/lib/index.js:12941:10)
    at FlowParserMixin.parseTryStatement (/tmp/kavia/workspace/code-generation/tictactoeweb-620896-aa8990a6/tic_tac_toe_frontend/node_modules/@babel/parser/lib/index.js:12849:23)
    at FlowParserMixin.parseStatementContent (/tmp/kavia/workspace/code-generation/tictactoeweb-620896-aa8990a6/tic_tac_toe_frontend/node_modules/@babel/parser/lib/index.js:12443:21)
    at FlowParserMixin.parseStatementLike (/tmp/kavia/workspace/code-generation/tictactoeweb-620896-aa8990a6/tic_tac_toe_frontend/node_modules/@babel/parser/lib/index.js:12406:17)
    at FlowParserMixin.parseStatementLike (/tmp/kavia/workspace/code-generation/tictactoeweb-620896-aa8990a6/tic_tac_toe_frontend/node_modules/@babel/parser/lib/index.js:5140:24)
    at FlowParserMixin.parseStatementListItem (/tmp/kavia/workspace/code-generation/tictactoeweb-620896-aa8990a6/tic_tac_toe_frontend/node_modules/@babel/parser/lib/index.js:12386:17)
    at FlowParserMixin.parseBlockOrModuleBlockBody (/tmp/kavia/workspace/code-generation/tictactoeweb-620896-aa8990a6/tic_tac_toe_frontend/node_modules/@babel/parser/lib/index.js:12960:61)
    at FlowParserMixin.parseBlockBody (/tmp/kavia/workspace/code-generation/tictactoeweb-620896-aa8990a6/tic_tac_toe_frontend/node_modules/@babel/parser/lib/index.js:12953:10)
    at FlowParserMixin.parseBlock (/tmp/kavia/workspace/code-generation/tictactoeweb-620896-aa8990a6/tic_tac_toe_frontend/node_modules/@babel/parser/lib/index.js:12941:10)
    at FlowParserMixin.parseFunctionBody (/tmp/kavia/workspace/code-generation/tictactoeweb-620896-aa8990a6/tic_tac_toe_frontend/node_modules/@babel/parser/lib/index.js:11783:24)
    at FlowParserMixin.parseFunctionBody (/tmp/kavia/workspace/code-generation/tictactoeweb-620896-aa8990a6/tic_tac_toe_frontend/node_modules/@babel/parser/lib/index.js:5117:11)
    at FlowParserMixin.parseFunctionBodyAndFinish (/tmp/kavia/workspace/code-generation/tictactoeweb-620896-aa8990a6/tic_tac_toe_frontend/node_modules/@babel/parser/lib/index.js:11769:10)
    at FlowParserMixin.parseFunctionBodyAndFinish (/tmp/kavia/workspace/code-generation/tictactoeweb-620896-aa8990a6/tic_tac_toe_frontend/node_modules/@babel/parser/lib/index.js:5125:18)
    at /tmp/kavia/workspace/code-generation/tictactoeweb-620896-aa8990a6/tic_tac_toe_frontend/node_modules/@babel/parser/lib/index.js:13085:12
    at FlowParserMixin.withSmartMixTopicForbiddingContext (/tmp/kavia/workspace/code-generation/tictactoeweb-620896-aa8990a6/tic_tac_toe_frontend/node_modules/@babel/parser/lib/index.js:12077:14)
    at FlowParserMixin.parseFunction (/tmp/kavia/workspace/code-generation/tictactoeweb-620896-aa8990a6/tic_tac_toe_frontend/node_modules/@babel/parser/lib/index.js:13084:10)
    at FlowParserMixin.parseFunctionStatement (/tmp/kavia/workspace/code-generation/tictactoeweb-620896-aa8990a6/tic_tac_toe_frontend/node_modules/@babel/parser/lib/index.js:12769:17)
    at FlowParserMixin.parseStatementContent (/tmp/kavia/workspace/code-generation/tictactoeweb-620896-aa8990a6/tic_tac_toe_frontend/node_modules/@babel/parser/lib/index.js:12430:21)
    at FlowParserMixin.parseStatementLike (/tmp/kavia/workspace/code-generation/tictactoeweb-620896-aa8990a6/tic_tac_toe_frontend/node_modules/@babel/parser/lib/index.js:12406:17)
    at FlowParserMixin.parseStatementLike (/tmp/kavia/workspace/code-generation/tictactoeweb-620896-aa8990a6/tic_tac_toe_frontend/node_modules/@babel/parser/lib/index.js:5140:24)
    at FlowParserMixin.parseModuleItem (/tmp/kavia/workspace/code-generation/tictactoeweb-620896-aa8990a6/tic_tac_toe_frontend/node_modules/@babel/parser/lib/index.js:12383:17)
    at FlowParserMixin.parseBlockOrModuleBlockBody (/tmp/kavia/workspace/code-generation/tictactoeweb-620896-aa8990a6/tic_tac_toe_frontend/node_modules/@babel/parser/lib/index.js:12960:36)
    at FlowParserMixin.parseBlockBody (/tmp/kavia/workspace/code-generation/tictactoeweb-620896-aa8990a6/tic_tac_toe_frontend/node_modules/@babel/parser/lib/index.js:12953:10)
    at FlowParserMixin.parseProgram (/tmp/kavia/workspace/code-generation/tictactoeweb-620896-aa8990a6/tic_tac_toe_frontend/node_modules/@babel/parser/lib/index.js:12280:10)

ERROR in [eslint] 
src/App.js
  Line 32:18:  Parsing error: Unexpected reserved word 'await'. (32:18)

webpack compiled with 2 errors
Compiling...
Failed to compile.

[eslint] 
src/App.js
Syntax error: Unexpected reserved word 'await'. (32:18) (32:18)
ERROR in ./src/App.js
Module build failed (from ./node_modules/babel-loader/lib/index.js):
SyntaxError: /tmp/kavia/workspace/code-generation/tictactoeweb-620896-aa8990a6/tic_tac_toe_frontend/src/App.js: Unexpected reserved word 'await'. (32:18)

  30 |     try {
  31 |       // POST to backend's "start game" endpoint
> 32 |       const res = await fetch(`${API_BASE_URL}/start`, { method: "POST" });
     |                   ^
  33 |       const data = await res.json();
  34 |       setGameId(data.game_id || data.id || null);
  35 |       setBoard(data.board || Array(9).fill(""));
    at constructor (/tmp/kavia/workspace/code-generation/tictactoeweb-620896-aa8990a6/tic_tac_toe_frontend/node_modules/@babel/parser/lib/index.js:360:19)
    at FlowParserMixin.raise (/tmp/kavia/workspace/code-generation/tictactoeweb-620896-aa8990a6/tic_tac_toe_frontend/node_modules/@babel/parser/lib/index.js:3327:19)
    at FlowParserMixin.checkReservedWord (/tmp/kavia/workspace/code-generation/tictactoeweb-620896-aa8990a6/tic_tac_toe_frontend/node_modules/@babel/parser/lib/index.js:11909:12)
    at FlowParserMixin.parseIdentifierName (/tmp/kavia/workspace/code-generation/tictactoeweb-620896-aa8990a6/tic_tac_toe_frontend/node_modules/@babel/parser/lib/index.js:11889:12)
    at FlowParserMixin.parseIdentifier (/tmp/kavia/workspace/code-generation/tictactoeweb-620896-aa8990a6/tic_tac_toe_frontend/node_modules/@babel/parser/lib/index.js:11864:23)
    at FlowParserMixin.parseExprAtom (/tmp/kavia/workspace/code-generation/tictactoeweb-620896-aa8990a6/tic_tac_toe_frontend/node_modules/@babel/parser/lib/index.js:11100:27)
    at FlowParserMixin.parseExprAtom (/tmp/kavia/workspace/code-generation/tictactoeweb-620896-aa8990a6/tic_tac_toe_frontend/node_modules/@babel/parser/lib/index.js:6937:20)
    at FlowParserMixin.parseExprSubscripts (/tmp/kavia/workspace/code-generation/tictactoeweb-620896-aa8990a6/tic_tac_toe_frontend/node_modules/@babel/parser/lib/index.js:10758:23)
    at FlowParserMixin.parseUpdate (/tmp/kavia/workspace/code-generation/tictactoeweb-620896-aa8990a6/tic_tac_toe_frontend/node_modules/@babel/parser/lib/index.js:10743:21)
    at FlowParserMixin.parseMaybeUnary (/tmp/kavia/workspace/code-generation/tictactoeweb-620896-aa8990a6/tic_tac_toe_frontend/node_modules/@babel/parser/lib/index.js:10723:23)
    at FlowParserMixin.parseMaybeUnaryOrPrivate (/tmp/kavia/workspace/code-generation/tictactoeweb-620896-aa8990a6/tic_tac_toe_frontend/node_modules/@babel/parser/lib/index.js:10576:61)
    at FlowParserMixin.parseExprOps (/tmp/kavia/workspace/code-generation/tictactoeweb-620896-aa8990a6/tic_tac_toe_frontend/node_modules/@babel/parser/lib/index.js:10581:23)
    at FlowParserMixin.parseMaybeConditional (/tmp/kavia/workspace/code-generation/tictactoeweb-620896-aa8990a6/tic_tac_toe_frontend/node_modules/@babel/parser/lib/index.js:10558:23)
    at FlowParserMixin.parseMaybeAssign (/tmp/kavia/workspace/code-generation/tictactoeweb-620896-aa8990a6/tic_tac_toe_frontend/node_modules/@babel/parser/lib/index.js:10521:21)
    at FlowParserMixin.parseMaybeAssign (/tmp/kavia/workspace/code-generation/tictactoeweb-620896-aa8990a6/tic_tac_toe_frontend/node_modules/@babel/parser/lib/index.js:5773:18)
    at /tmp/kavia/workspace/code-generation/tictactoeweb-620896-aa8990a6/tic_tac_toe_frontend/node_modules/@babel/parser/lib/index.js:10491:39
    at FlowParserMixin.allowInAnd (/tmp/kavia/workspace/code-generation/tictactoeweb-620896-aa8990a6/tic_tac_toe_frontend/node_modules/@babel/parser/lib/index.js:12095:16)
    at FlowParserMixin.parseMaybeAssignAllowIn (/tmp/kavia/workspace/code-generation/tictactoeweb-620896-aa8990a6/tic_tac_toe_frontend/node_modules/@babel/parser/lib/index.js:10491:17)
    at FlowParserMixin.parseVar (/tmp/kavia/workspace/code-generation/tictactoeweb-620896-aa8990a6/tic_tac_toe_frontend/node_modules/@babel/parser/lib/index.js:13028:91)
    at FlowParserMixin.parseVarStatement (/tmp/kavia/workspace/code-generation/tictactoeweb-620896-aa8990a6/tic_tac_toe_frontend/node_modules/@babel/parser/lib/index.js:12874:10)
    at FlowParserMixin.parseStatementContent (/tmp/kavia/workspace/code-generation/tictactoeweb-620896-aa8990a6/tic_tac_toe_frontend/node_modules/@babel/parser/lib/index.js:12489:23)
    at FlowParserMixin.parseStatementLike (/tmp/kavia/workspace/code-generation/tictactoeweb-620896-aa8990a6/tic_tac_toe_frontend/node_modules/@babel/parser/lib/index.js:12406:17)
    at FlowParserMixin.parseStatementLike (/tmp/kavia/workspace/code-generation/tictactoeweb-620896-aa8990a6/tic_tac_toe_frontend/node_modules/@babel/parser/lib/index.js:5140:24)
    at FlowParserMixin.parseStatementListItem (/tmp/kavia/workspace/code-generation/tictactoeweb-620896-aa8990a6/tic_tac_toe_frontend/node_modules/@babel/parser/lib/index.js:12386:17)
    at FlowParserMixin.parseBlockOrModuleBlockBody (/tmp/kavia/workspace/code-generation/tictactoeweb-620896-aa8990a6/tic_tac_toe_frontend/node_modules/@babel/parser/lib/index.js:12960:61)
    at FlowParserMixin.parseBlockBody (/tmp/kavia/workspace/code-generation/tictactoeweb-620896-aa8990a6/tic_tac_toe_frontend/node_modules/@babel/parser/lib/index.js:12953:10)
    at FlowParserMixin.parseBlock (/tmp/kavia/workspace/code-generation/tictactoeweb-620896-aa8990a6/tic_tac_toe_frontend/node_modules/@babel/parser/lib/index.js:12941:10)
    at FlowParserMixin.parseTryStatement (/tmp/kavia/workspace/code-generation/tictactoeweb-620896-aa8990a6/tic_tac_toe_frontend/node_modules/@babel/parser/lib/index.js:12849:23)
    at FlowParserMixin.parseStatementContent (/tmp/kavia/workspace/code-generation/tictactoeweb-620896-aa8990a6/tic_tac_toe_frontend/node_modules/@babel/parser/lib/index.js:12443:21)
    at FlowParserMixin.parseStatementLike (/tmp/kavia/workspace/code-generation/tictactoeweb-620896-aa8990a6/tic_tac_toe_frontend/node_modules/@babel/parser/lib/index.js:12406:17)
    at FlowParserMixin.parseStatementLike (/tmp/kavia/workspace/code-generation/tictactoeweb-620896-aa8990a6/tic_tac_toe_frontend/node_modules/@babel/parser/lib/index.js:5140:24)
    at FlowParserMixin.parseStatementListItem (/tmp/kavia/workspace/code-generation/tictactoeweb-620896-aa8990a6/tic_tac_toe_frontend/node_modules/@babel/parser/lib/index.js:12386:17)
    at FlowParserMixin.parseBlockOrModuleBlockBody (/tmp/kavia/workspace/code-generation/tictactoeweb-620896-aa8990a6/tic_tac_toe_frontend/node_modules/@babel/parser/lib/index.js:12960:61)
    at FlowParserMixin.parseBlockBody (/tmp/kavia/workspace/code-generation/tictactoeweb-620896-aa8990a6/tic_tac_toe_frontend/node_modules/@babel/parser/lib/index.js:12953:10)
    at FlowParserMixin.parseBlock (/tmp/kavia/workspace/code-generation/tictactoeweb-620896-aa8990a6/tic_tac_toe_frontend/node_modules/@babel/parser/lib/index.js:12941:10)
    at FlowParserMixin.parseFunctionBody (/tmp/kavia/workspace/code-generation/tictactoeweb-620896-aa8990a6/tic_tac_toe_frontend/node_modules/@babel/parser/lib/index.js:11783:24)
    at FlowParserMixin.parseFunctionBody (/tmp/kavia/workspace/code-generation/tictactoeweb-620896-aa8990a6/tic_tac_toe_frontend/node_modules/@babel/parser/lib/index.js:5117:11)
    at FlowParserMixin.parseFunctionBodyAndFinish (/tmp/kavia/workspace/code-generation/tictactoeweb-620896-aa8990a6/tic_tac_toe_frontend/node_modules/@babel/parser/lib/index.js:11769:10)
    at FlowParserMixin.parseFunctionBodyAndFinish (/tmp/kavia/workspace/code-generation/tictactoeweb-620896-aa8990a6/tic_tac_toe_frontend/node_modules/@babel/parser/lib/index.js:5125:18)
    at /tmp/kavia/workspace/code-generation/tictactoeweb-620896-aa8990a6/tic_tac_toe_frontend/node_modules/@babel/parser/lib/index.js:13085:12
    at FlowParserMixin.withSmartMixTopicForbiddingContext (/tmp/kavia/workspace/code-generation/tictactoeweb-620896-aa8990a6/tic_tac_toe_frontend/node_modules/@babel/parser/lib/index.js:12077:14)
    at FlowParserMixin.parseFunction (/tmp/kavia/workspace/code-generation/tictactoeweb-620896-aa8990a6/tic_tac_toe_frontend/node_modules/@babel/parser/lib/index.js:13084:10)
    at FlowParserMixin.parseFunctionStatement (/tmp/kavia/workspace/code-generation/tictactoeweb-620896-aa8990a6/tic_tac_toe_frontend/node_modules/@babel/parser/lib/index.js:12769:17)
    at FlowParserMixin.parseStatementContent (/tmp/kavia/workspace/code-generation/tictactoeweb-620896-aa8990a6/tic_tac_toe_frontend/node_modules/@babel/parser/lib/index.js:12430:21)
    at FlowParserMixin.parseStatementLike (/tmp/kavia/workspace/code-generation/tictactoeweb-620896-aa8990a6/tic_tac_toe_frontend/node_modules/@babel/parser/lib/index.js:12406:17)
    at FlowParserMixin.parseStatementLike (/tmp/kavia/workspace/code-generation/tictactoeweb-620896-aa8990a6/tic_tac_toe_frontend/node_modules/@babel/parser/lib/index.js:5140:24)
    at FlowParserMixin.parseModuleItem (/tmp/kavia/workspace/code-generation/tictactoeweb-620896-aa8990a6/tic_tac_toe_frontend/node_modules/@babel/parser/lib/index.js:12383:17)
    at FlowParserMixin.parseBlockOrModuleBlockBody (/tmp/kavia/workspace/code-generation/tictactoeweb-620896-aa8990a6/tic_tac_toe_frontend/node_modules/@babel/parser/lib/index.js:12960:36)
    at FlowParserMixin.parseBlockBody (/tmp/kavia/workspace/code-generation/tictactoeweb-620896-aa8990a6/tic_tac_toe_frontend/node_modules/@babel/parser/lib/index.js:12953:10)
    at FlowParserMixin.parseProgram (/tmp/kavia/workspace/code-generation/tictactoeweb-620896-aa8990a6/tic_tac_toe_frontend/node_modules/@babel/parser/lib/index.js:12280:10)

ERROR in [eslint] 
src/App.js
  Line 32:18:  Parsing error: Unexpected reserved word 'await'. (32:18)

webpack compiled with 2 errors
Compiling...
Failed to compile.

[eslint] 
src/App.js
Syntax error: Expected corresponding JSX closing tag for <button>. (155:10) (155:10)
ERROR in ./src/App.js
Module build failed (from ./node_modules/babel-loader/lib/index.js):
SyntaxError: /tmp/kavia/workspace/code-generation/tictactoeweb-620896-aa8990a6/tic_tac_toe_frontend/src/App.js: Expected corresponding JSX closing tag for <button>. (155:10)

  153 |             >
  154 |               {isLoading ? "Loading..." : gameOver ? "Restart" : "Restart"}
> 155 |           </div>
      |           ^
  156 |             </button>
  157 |         </div>
  158 |         <div className="ttt-status" aria-live="polite">
    at constructor (/tmp/kavia/workspace/code-generation/tictactoeweb-620896-aa8990a6/tic_tac_toe_frontend/node_modules/@babel/parser/lib/index.js:360:19)
    at FlowParserMixin.raise (/tmp/kavia/workspace/code-generation/tictactoeweb-620896-aa8990a6/tic_tac_toe_frontend/node_modules/@babel/parser/lib/index.js:3327:19)
    at FlowParserMixin.jsxParseElementAt (/tmp/kavia/workspace/code-generation/tictactoeweb-620896-aa8990a6/tic_tac_toe_frontend/node_modules/@babel/parser/lib/index.js:6900:16)
    at FlowParserMixin.jsxParseElementAt (/tmp/kavia/workspace/code-generation/tictactoeweb-620896-aa8990a6/tic_tac_toe_frontend/node_modules/@babel/parser/lib/index.js:6871:32)
    at FlowParserMixin.jsxParseElementAt (/tmp/kavia/workspace/code-generation/tictactoeweb-620896-aa8990a6/tic_tac_toe_frontend/node_modules/@babel/parser/lib/index.js:6871:32)
    at FlowParserMixin.jsxParseElementAt (/tmp/kavia/workspace/code-generation/tictactoeweb-620896-aa8990a6/tic_tac_toe_frontend/node_modules/@babel/parser/lib/index.js:6871:32)
    at FlowParserMixin.jsxParseElementAt (/tmp/kavia/workspace/code-generation/tictactoeweb-620896-aa8990a6/tic_tac_toe_frontend/node_modules/@babel/parser/lib/index.js:6871:32)
    at FlowParserMixin.jsxParseElement (/tmp/kavia/workspace/code-generation/tictactoeweb-620896-aa8990a6/tic_tac_toe_frontend/node_modules/@babel/parser/lib/index.js:6922:17)
    at FlowParserMixin.parseExprAtom (/tmp/kavia/workspace/code-generation/tictactoeweb-620896-aa8990a6/tic_tac_toe_frontend/node_modules/@babel/parser/lib/index.js:6932:19)
    at FlowParserMixin.parseExprSubscripts (/tmp/kavia/workspace/code-generation/tictactoeweb-620896-aa8990a6/tic_tac_toe_frontend/node_modules/@babel/parser/lib/index.js:10758:23)
    at FlowParserMixin.parseUpdate (/tmp/kavia/workspace/code-generation/tictactoeweb-620896-aa8990a6/tic_tac_toe_frontend/node_modules/@babel/parser/lib/index.js:10743:21)
    at FlowParserMixin.parseMaybeUnary (/tmp/kavia/workspace/code-generation/tictactoeweb-620896-aa8990a6/tic_tac_toe_frontend/node_modules/@babel/parser/lib/index.js:10723:23)
    at FlowParserMixin.parseMaybeUnaryOrPrivate (/tmp/kavia/workspace/code-generation/tictactoeweb-620896-aa8990a6/tic_tac_toe_frontend/node_modules/@babel/parser/lib/index.js:10576:61)
    at FlowParserMixin.parseExprOps (/tmp/kavia/workspace/code-generation/tictactoeweb-620896-aa8990a6/tic_tac_toe_frontend/node_modules/@babel/parser/lib/index.js:10581:23)
    at FlowParserMixin.parseMaybeConditional (/tmp/kavia/workspace/code-generation/tictactoeweb-620896-aa8990a6/tic_tac_toe_frontend/node_modules/@babel/parser/lib/index.js:10558:23)
    at FlowParserMixin.parseMaybeAssign (/tmp/kavia/workspace/code-generation/tictactoeweb-620896-aa8990a6/tic_tac_toe_frontend/node_modules/@babel/parser/lib/index.js:10521:21)
    at /tmp/kavia/workspace/code-generation/tictactoeweb-620896-aa8990a6/tic_tac_toe_frontend/node_modules/@babel/parser/lib/index.js:5722:39
    at FlowParserMixin.tryParse (/tmp/kavia/workspace/code-generation/tictactoeweb-620896-aa8990a6/tic_tac_toe_frontend/node_modules/@babel/parser/lib/index.js:3665:20)
    at FlowParserMixin.parseMaybeAssign (/tmp/kavia/workspace/code-generation/tictactoeweb-620896-aa8990a6/tic_tac_toe_frontend/node_modules/@babel/parser/lib/index.js:5722:18)
    at /tmp/kavia/workspace/code-generation/tictactoeweb-620896-aa8990a6/tic_tac_toe_frontend/node_modules/@babel/parser/lib/index.js:10491:39
    at FlowParserMixin.allowInAnd (/tmp/kavia/workspace/code-generation/tictactoeweb-620896-aa8990a6/tic_tac_toe_frontend/node_modules/@babel/parser/lib/index.js:12100:12)
    at FlowParserMixin.parseMaybeAssignAllowIn (/tmp/kavia/workspace/code-generation/tictactoeweb-620896-aa8990a6/tic_tac_toe_frontend/node_modules/@babel/parser/lib/index.js:10491:17)
    at FlowParserMixin.parseParenAndDistinguishExpression (/tmp/kavia/workspace/code-generation/tictactoeweb-620896-aa8990a6/tic_tac_toe_frontend/node_modules/@babel/parser/lib/index.js:11359:28)
    at FlowParserMixin.parseParenAndDistinguishExpression (/tmp/kavia/workspace/code-generation/tictactoeweb-620896-aa8990a6/tic_tac_toe_frontend/node_modules/@babel/parser/lib/index.js:5815:18)
    at FlowParserMixin.parseExprAtom (/tmp/kavia/workspace/code-generation/tictactoeweb-620896-aa8990a6/tic_tac_toe_frontend/node_modules/@babel/parser/lib/index.js:11006:23)
    at FlowParserMixin.parseExprAtom (/tmp/kavia/workspace/code-generation/tictactoeweb-620896-aa8990a6/tic_tac_toe_frontend/node_modules/@babel/parser/lib/index.js:6937:20)
    at FlowParserMixin.parseExprSubscripts (/tmp/kavia/workspace/code-generation/tictactoeweb-620896-aa8990a6/tic_tac_toe_frontend/node_modules/@babel/parser/lib/index.js:10758:23)
    at FlowParserMixin.parseUpdate (/tmp/kavia/workspace/code-generation/tictactoeweb-620896-aa8990a6/tic_tac_toe_frontend/node_modules/@babel/parser/lib/index.js:10743:21)
    at FlowParserMixin.parseMaybeUnary (/tmp/kavia/workspace/code-generation/tictactoeweb-620896-aa8990a6/tic_tac_toe_frontend/node_modules/@babel/parser/lib/index.js:10723:23)
    at FlowParserMixin.parseMaybeUnaryOrPrivate (/tmp/kavia/workspace/code-generation/tictactoeweb-620896-aa8990a6/tic_tac_toe_frontend/node_modules/@babel/parser/lib/index.js:10576:61)
    at FlowParserMixin.parseExprOps (/tmp/kavia/workspace/code-generation/tictactoeweb-620896-aa8990a6/tic_tac_toe_frontend/node_modules/@babel/parser/lib/index.js:10581:23)
    at FlowParserMixin.parseMaybeConditional (/tmp/kavia/workspace/code-generation/tictactoeweb-620896-aa8990a6/tic_tac_toe_frontend/node_modules/@babel/parser/lib/index.js:10558:23)
    at FlowParserMixin.parseMaybeAssign (/tmp/kavia/workspace/code-generation/tictactoeweb-620896-aa8990a6/tic_tac_toe_frontend/node_modules/@babel/parser/lib/index.js:10521:21)
    at FlowParserMixin.parseMaybeAssign (/tmp/kavia/workspace/code-generation/tictactoeweb-620896-aa8990a6/tic_tac_toe_frontend/node_modules/@babel/parser/lib/index.js:5773:18)
    at FlowParserMixin.parseExpressionBase (/tmp/kavia/workspace/code-generation/tictactoeweb-620896-aa8990a6/tic_tac_toe_frontend/node_modules/@babel/parser/lib/index.js:10475:23)
    at /tmp/kavia/workspace/code-generation/tictactoeweb-620896-aa8990a6/tic_tac_toe_frontend/node_modules/@babel/parser/lib/index.js:10471:39
    at FlowParserMixin.allowInAnd (/tmp/kavia/workspace/code-generation/tictactoeweb-620896-aa8990a6/tic_tac_toe_frontend/node_modules/@babel/parser/lib/index.js:12095:16)
    at FlowParserMixin.parseExpression (/tmp/kavia/workspace/code-generation/tictactoeweb-620896-aa8990a6/tic_tac_toe_frontend/node_modules/@babel/parser/lib/index.js:10471:17)
    at FlowParserMixin.parseReturnStatement (/tmp/kavia/workspace/code-generation/tictactoeweb-620896-aa8990a6/tic_tac_toe_frontend/node_modules/@babel/parser/lib/index.js:12786:28)
    at FlowParserMixin.parseStatementContent (/tmp/kavia/workspace/code-generation/tictactoeweb-620896-aa8990a6/tic_tac_toe_frontend/node_modules/@babel/parser/lib/index.js:12437:21)
    at FlowParserMixin.parseStatementLike (/tmp/kavia/workspace/code-generation/tictactoeweb-620896-aa8990a6/tic_tac_toe_frontend/node_modules/@babel/parser/lib/index.js:12406:17)
    at FlowParserMixin.parseStatementLike (/tmp/kavia/workspace/code-generation/tictactoeweb-620896-aa8990a6/tic_tac_toe_frontend/node_modules/@babel/parser/lib/index.js:5140:24)
    at FlowParserMixin.parseStatementListItem (/tmp/kavia/workspace/code-generation/tictactoeweb-620896-aa8990a6/tic_tac_toe_frontend/node_modules/@babel/parser/lib/index.js:12386:17)
    at FlowParserMixin.parseBlockOrModuleBlockBody (/tmp/kavia/workspace/code-generation/tictactoeweb-620896-aa8990a6/tic_tac_toe_frontend/node_modules/@babel/parser/lib/index.js:12960:61)
    at FlowParserMixin.parseBlockBody (/tmp/kavia/workspace/code-generation/tictactoeweb-620896-aa8990a6/tic_tac_toe_frontend/node_modules/@babel/parser/lib/index.js:12953:10)
    at FlowParserMixin.parseBlock (/tmp/kavia/workspace/code-generation/tictactoeweb-620896-aa8990a6/tic_tac_toe_frontend/node_modules/@babel/parser/lib/index.js:12941:10)
    at FlowParserMixin.parseFunctionBody (/tmp/kavia/workspace/code-generation/tictactoeweb-620896-aa8990a6/tic_tac_toe_frontend/node_modules/@babel/parser/lib/index.js:11783:24)
    at FlowParserMixin.parseFunctionBody (/tmp/kavia/workspace/code-generation/tictactoeweb-620896-aa8990a6/tic_tac_toe_frontend/node_modules/@babel/parser/lib/index.js:5117:11)
    at FlowParserMixin.parseFunctionBodyAndFinish (/tmp/kavia/workspace/code-generation/tictactoeweb-620896-aa8990a6/tic_tac_toe_frontend/node_modules/@babel/parser/lib/index.js:11769:10)
    at FlowParserMixin.parseFunctionBodyAndFinish (/tmp/kavia/workspace/code-generation/tictactoeweb-620896-aa8990a6/tic_tac_toe_frontend/node_modules/@babel/parser/lib/index.js:5125:18)

ERROR in [eslint] 
src/App.js
  Line 155:10:  Parsing error: Expected corresponding JSX closing tag for <button>. (155:10)

webpack compiled with 2 errors
Compiling...
Failed to compile.

[eslint] 
src/App.js
Syntax error: Expected corresponding JSX closing tag for <button>. (155:10) (155:10)
ERROR in ./src/App.js
Module build failed (from ./node_modules/babel-loader/lib/index.js):
SyntaxError: /tmp/kavia/workspace/code-generation/tictactoeweb-620896-aa8990a6/tic_tac_toe_frontend/src/App.js: Expected corresponding JSX closing tag for <button>. (155:10)

  153 |             >
  154 |               {isLoading ? "Loading..." : gameOver ? "Restart" : "Restart"}
> 155 |           </div>
      |           ^
  156 |             </button>
  157 |         </div>
  158 |         <div className="ttt-status" aria-live="polite">
    at constructor (/tmp/kavia/workspace/code-generation/tictactoeweb-620896-aa8990a6/tic_tac_toe_frontend/node_modules/@babel/parser/lib/index.js:360:19)
    at FlowParserMixin.raise (/tmp/kavia/workspace/code-generation/tictactoeweb-620896-aa8990a6/tic_tac_toe_frontend/node_modules/@babel/parser/lib/index.js:3327:19)
    at FlowParserMixin.jsxParseElementAt (/tmp/kavia/workspace/code-generation/tictactoeweb-620896-aa8990a6/tic_tac_toe_frontend/node_modules/@babel/parser/lib/index.js:6900:16)
    at FlowParserMixin.jsxParseElementAt (/tmp/kavia/workspace/code-generation/tictactoeweb-620896-aa8990a6/tic_tac_toe_frontend/node_modules/@babel/parser/lib/index.js:6871:32)
    at FlowParserMixin.jsxParseElementAt (/tmp/kavia/workspace/code-generation/tictactoeweb-620896-aa8990a6/tic_tac_toe_frontend/node_modules/@babel/parser/lib/index.js:6871:32)
    at FlowParserMixin.jsxParseElementAt (/tmp/kavia/workspace/code-generation/tictactoeweb-620896-aa8990a6/tic_tac_toe_frontend/node_modules/@babel/parser/lib/index.js:6871:32)
    at FlowParserMixin.jsxParseElementAt (/tmp/kavia/workspace/code-generation/tictactoeweb-620896-aa8990a6/tic_tac_toe_frontend/node_modules/@babel/parser/lib/index.js:6871:32)
    at FlowParserMixin.jsxParseElement (/tmp/kavia/workspace/code-generation/tictactoeweb-620896-aa8990a6/tic_tac_toe_frontend/node_modules/@babel/parser/lib/index.js:6922:17)
    at FlowParserMixin.parseExprAtom (/tmp/kavia/workspace/code-generation/tictactoeweb-620896-aa8990a6/tic_tac_toe_frontend/node_modules/@babel/parser/lib/index.js:6932:19)
    at FlowParserMixin.parseExprSubscripts (/tmp/kavia/workspace/code-generation/tictactoeweb-620896-aa8990a6/tic_tac_toe_frontend/node_modules/@babel/parser/lib/index.js:10758:23)
    at FlowParserMixin.parseUpdate (/tmp/kavia/workspace/code-generation/tictactoeweb-620896-aa8990a6/tic_tac_toe_frontend/node_modules/@babel/parser/lib/index.js:10743:21)
    at FlowParserMixin.parseMaybeUnary (/tmp/kavia/workspace/code-generation/tictactoeweb-620896-aa8990a6/tic_tac_toe_frontend/node_modules/@babel/parser/lib/index.js:10723:23)
    at FlowParserMixin.parseMaybeUnaryOrPrivate (/tmp/kavia/workspace/code-generation/tictactoeweb-620896-aa8990a6/tic_tac_toe_frontend/node_modules/@babel/parser/lib/index.js:10576:61)
    at FlowParserMixin.parseExprOps (/tmp/kavia/workspace/code-generation/tictactoeweb-620896-aa8990a6/tic_tac_toe_frontend/node_modules/@babel/parser/lib/index.js:10581:23)
    at FlowParserMixin.parseMaybeConditional (/tmp/kavia/workspace/code-generation/tictactoeweb-620896-aa8990a6/tic_tac_toe_frontend/node_modules/@babel/parser/lib/index.js:10558:23)
    at FlowParserMixin.parseMaybeAssign (/tmp/kavia/workspace/code-generation/tictactoeweb-620896-aa8990a6/tic_tac_toe_frontend/node_modules/@babel/parser/lib/index.js:10521:21)
    at /tmp/kavia/workspace/code-generation/tictactoeweb-620896-aa8990a6/tic_tac_toe_frontend/node_modules/@babel/parser/lib/index.js:5722:39
    at FlowParserMixin.tryParse (/tmp/kavia/workspace/code-generation/tictactoeweb-620896-aa8990a6/tic_tac_toe_frontend/node_modules/@babel/parser/lib/index.js:3665:20)
    at FlowParserMixin.parseMaybeAssign (/tmp/kavia/workspace/code-generation/tictactoeweb-620896-aa8990a6/tic_tac_toe_frontend/node_modules/@babel/parser/lib/index.js:5722:18)
    at /tmp/kavia/workspace/code-generation/tictactoeweb-620896-aa8990a6/tic_tac_toe_frontend/node_modules/@babel/parser/lib/index.js:10491:39
    at FlowParserMixin.allowInAnd (/tmp/kavia/workspace/code-generation/tictactoeweb-620896-aa8990a6/tic_tac_toe_frontend/node_modules/@babel/parser/lib/index.js:12100:12)
    at FlowParserMixin.parseMaybeAssignAllowIn (/tmp/kavia/workspace/code-generation/tictactoeweb-620896-aa8990a6/tic_tac_toe_frontend/node_modules/@babel/parser/lib/index.js:10491:17)
    at FlowParserMixin.parseParenAndDistinguishExpression (/tmp/kavia/workspace/code-generation/tictactoeweb-620896-aa8990a6/tic_tac_toe_frontend/node_modules/@babel/parser/lib/index.js:11359:28)
    at FlowParserMixin.parseParenAndDistinguishExpression (/tmp/kavia/workspace/code-generation/tictactoeweb-620896-aa8990a6/tic_tac_toe_frontend/node_modules/@babel/parser/lib/index.js:5815:18)
    at FlowParserMixin.parseExprAtom (/tmp/kavia/workspace/code-generation/tictactoeweb-620896-aa8990a6/tic_tac_toe_frontend/node_modules/@babel/parser/lib/index.js:11006:23)
    at FlowParserMixin.parseExprAtom (/tmp/kavia/workspace/code-generation/tictactoeweb-620896-aa8990a6/tic_tac_toe_frontend/node_modules/@babel/parser/lib/index.js:6937:20)
    at FlowParserMixin.parseExprSubscripts (/tmp/kavia/workspace/code-generation/tictactoeweb-620896-aa8990a6/tic_tac_toe_frontend/node_modules/@babel/parser/lib/index.js:10758:23)
    at FlowParserMixin.parseUpdate (/tmp/kavia/workspace/code-generation/tictactoeweb-620896-aa8990a6/tic_tac_toe_frontend/node_modules/@babel/parser/lib/index.js:10743:21)
    at FlowParserMixin.parseMaybeUnary (/tmp/kavia/workspace/code-generation/tictactoeweb-620896-aa8990a6/tic_tac_toe_frontend/node_modules/@babel/parser/lib/index.js:10723:23)
    at FlowParserMixin.parseMaybeUnaryOrPrivate (/tmp/kavia/workspace/code-generation/tictactoeweb-620896-aa8990a6/tic_tac_toe_frontend/node_modules/@babel/parser/lib/index.js:10576:61)
    at FlowParserMixin.parseExprOps (/tmp/kavia/workspace/code-generation/tictactoeweb-620896-aa8990a6/tic_tac_toe_frontend/node_modules/@babel/parser/lib/index.js:10581:23)
    at FlowParserMixin.parseMaybeConditional (/tmp/kavia/workspace/code-generation/tictactoeweb-620896-aa8990a6/tic_tac_toe_frontend/node_modules/@babel/parser/lib/index.js:10558:23)
    at FlowParserMixin.parseMaybeAssign (/tmp/kavia/workspace/code-generation/tictactoeweb-620896-aa8990a6/tic_tac_toe_frontend/node_modules/@babel/parser/lib/index.js:10521:21)
    at FlowParserMixin.parseMaybeAssign (/tmp/kavia/workspace/code-generation/tictactoeweb-620896-aa8990a6/tic_tac_toe_frontend/node_modules/@babel/parser/lib/index.js:5773:18)
    at FlowParserMixin.parseExpressionBase (/tmp/kavia/workspace/code-generation/tictactoeweb-620896-aa8990a6/tic_tac_toe_frontend/node_modules/@babel/parser/lib/index.js:10475:23)
    at /tmp/kavia/workspace/code-generation/tictactoeweb-620896-aa8990a6/tic_tac_toe_frontend/node_modules/@babel/parser/lib/index.js:10471:39
    at FlowParserMixin.allowInAnd (/tmp/kavia/workspace/code-generation/tictactoeweb-620896-aa8990a6/tic_tac_toe_frontend/node_modules/@babel/parser/lib/index.js:12095:16)
    at FlowParserMixin.parseExpression (/tmp/kavia/workspace/code-generation/tictactoeweb-620896-aa8990a6/tic_tac_toe_frontend/node_modules/@babel/parser/lib/index.js:10471:17)
    at FlowParserMixin.parseReturnStatement (/tmp/kavia/workspace/code-generation/tictactoeweb-620896-aa8990a6/tic_tac_toe_frontend/node_modules/@babel/parser/lib/index.js:12786:28)
    at FlowParserMixin.parseStatementContent (/tmp/kavia/workspace/code-generation/tictactoeweb-620896-aa8990a6/tic_tac_toe_frontend/node_modules/@babel/parser/lib/index.js:12437:21)
    at FlowParserMixin.parseStatementLike (/tmp/kavia/workspace/code-generation/tictactoeweb-620896-aa8990a6/tic_tac_toe_frontend/node_modules/@babel/parser/lib/index.js:12406:17)
    at FlowParserMixin.parseStatementLike (/tmp/kavia/workspace/code-generation/tictactoeweb-620896-aa8990a6/tic_tac_toe_frontend/node_modules/@babel/parser/lib/index.js:5140:24)
    at FlowParserMixin.parseStatementListItem (/tmp/kavia/workspace/code-generation/tictactoeweb-620896-aa8990a6/tic_tac_toe_frontend/node_modules/@babel/parser/lib/index.js:12386:17)
    at FlowParserMixin.parseBlockOrModuleBlockBody (/tmp/kavia/workspace/code-generation/tictactoeweb-620896-aa8990a6/tic_tac_toe_frontend/node_modules/@babel/parser/lib/index.js:12960:61)
    at FlowParserMixin.parseBlockBody (/tmp/kavia/workspace/code-generation/tictactoeweb-620896-aa8990a6/tic_tac_toe_frontend/node_modules/@babel/parser/lib/index.js:12953:10)
    at FlowParserMixin.parseBlock (/tmp/kavia/workspace/code-generation/tictactoeweb-620896-aa8990a6/tic_tac_toe_frontend/node_modules/@babel/parser/lib/index.js:12941:10)
    at FlowParserMixin.parseFunctionBody (/tmp/kavia/workspace/code-generation/tictactoeweb-620896-aa8990a6/tic_tac_toe_frontend/node_modules/@babel/parser/lib/index.js:11783:24)
    at FlowParserMixin.parseFunctionBody (/tmp/kavia/workspace/code-generation/tictactoeweb-620896-aa8990a6/tic_tac_toe_frontend/node_modules/@babel/parser/lib/index.js:5117:11)
    at FlowParserMixin.parseFunctionBodyAndFinish (/tmp/kavia/workspace/code-generation/tictactoeweb-620896-aa8990a6/tic_tac_toe_frontend/node_modules/@babel/parser/lib/index.js:11769:10)
    at FlowParserMixin.parseFunctionBodyAndFinish (/tmp/kavia/workspace/code-generation/tictactoeweb-620896-aa8990a6/tic_tac_toe_frontend/node_modules/@babel/parser/lib/index.js:5125:18)

ERROR in [eslint] 
src/App.js
  Line 155:10:  Parsing error: Expected corresponding JSX closing tag for <button>. (155:10)

webpack compiled with 2 errors
Compiling...
Compiled successfully!
webpack compiled successfully
Compiling...
Failed to compile.

Syntax error: /tmp/kavia/workspace/code-generation/tictactoeweb-620896-aa8990a6/tic_tac_toe_frontend/src/App.css Unclosed block (1:1)
> 1 | :root {
    | ^
  2 |   --primary: #1a73e8;
  3 |   --accent: #ea4335;
ERROR in ./src/App.css (./node_modules/css-loader/dist/cjs.js??ruleSet[1].rules[1].oneOf[5].use[1]!./node_modules/postcss-loader/dist/cjs.js??ruleSet[1].rules[1].oneOf[5].use[2]!./node_modules/source-map-loader/dist/cjs.js!./src/App.css)
Module build failed (from ./node_modules/postcss-loader/dist/cjs.js):
SyntaxError

(1:1) /tmp/kavia/workspace/code-generation/tictactoeweb-620896-aa8990a6/tic_tac_toe_frontend/src/App.css Unclosed block

> 1 | :root {
    | ^
  2 |   --primary: #1a73e8;
  3 |   --accent: #ea4335;

webpack compiled with 1 error
Compiling...
Failed to compile.

Syntax error: /tmp/kavia/workspace/code-generation/tictactoeweb-620896-aa8990a6/tic_tac_toe_frontend/src/App.css Unclosed block (1:1)
> 1 | :root {
    | ^
  2 |   --primary: #1a73e8;
  3 |   --accent: #ea4335;
ERROR in ./src/App.css (./node_modules/css-loader/dist/cjs.js??ruleSet[1].rules[1].oneOf[5].use[1]!./node_modules/postcss-loader/dist/cjs.js??ruleSet[1].rules[1].oneOf[5].use[2]!./node_modules/source-map-loader/dist/cjs.js!./src/App.css)
Module build failed (from ./node_modules/postcss-loader/dist/cjs.js):
SyntaxError

(1:1) /tmp/kavia/workspace/code-generation/tictactoeweb-620896-aa8990a6/tic_tac_toe_frontend/src/App.css Unclosed block

> 1 | :root {
    | ^
  2 |   --primary: #1a73e8;
  3 |   --accent: #ea4335;

webpack compiled with 1 error
Compiling...
Failed to compile.

Syntax error: /tmp/kavia/workspace/code-generation/tictactoeweb-620896-aa8990a6/tic_tac_toe_frontend/src/App.css Unclosed block (1:1)
> 1 | :root {
    | ^
  2 |   --primary: #1a73e8;
  3 |   --accent: #ea4335;
ERROR in ./src/App.css (./node_modules/css-loader/dist/cjs.js??ruleSet[1].rules[1].oneOf[5].use[1]!./node_modules/postcss-loader/dist/cjs.js??ruleSet[1].rules[1].oneOf[5].use[2]!./node_modules/source-map-loader/dist/cjs.js!./src/App.css)
Module build failed (from ./node_modules/postcss-loader/dist/cjs.js):
SyntaxError

(1:1) /tmp/kavia/workspace/code-generation/tictactoeweb-620896-aa8990a6/tic_tac_toe_frontend/src/App.css Unclosed block

> 1 | :root {
    | ^
  2 |   --primary: #1a73e8;
  3 |   --accent: #ea4335;

webpack compiled with 1 error
Compiling...
Failed to compile.

Syntax error: /tmp/kavia/workspace/code-generation/tictactoeweb-620896-aa8990a6/tic_tac_toe_frontend/src/App.css Unclosed block (13:1)
  11 | }
  12 | 
> 13 | body {
     | ^
  14 |
ERROR in ./src/App.css (./node_modules/css-loader/dist/cjs.js??ruleSet[1].rules[1].oneOf[5].use[1]!./node_modules/postcss-loader/dist/cjs.js??ruleSet[1].rules[1].oneOf[5].use[2]!./node_modules/source-map-loader/dist/cjs.js!./src/App.css)
Module build failed (from ./node_modules/postcss-loader/dist/cjs.js):
SyntaxError

(13:1) /tmp/kavia/workspace/code-generation/tictactoeweb-620896-aa8990a6/tic_tac_toe_frontend/src/App.css Unclosed block

  11 | }
  12 | 
> 13 | body {
     | ^
  14 |

webpack compiled with 1 error
Compiling...
Failed to compile.

Syntax error: /tmp/kavia/workspace/code-generation/tictactoeweb-620896-aa8990a6/tic_tac_toe_frontend/src/App.css Unclosed block (17:1)
  15 | }
  16 | 
> 17 | .App {
     | ^
  18 |
ERROR in ./src/App.css (./node_modules/css-loader/dist/cjs.js??ruleSet[1].rules[1].oneOf[5].use[1]!./node_modules/postcss-loader/dist/cjs.js??ruleSet[1].rules[1].oneOf[5].use[2]!./node_modules/source-map-loader/dist/cjs.js!./src/App.css)
Module build failed (from ./node_modules/postcss-loader/dist/cjs.js):
SyntaxError

(17:1) /tmp/kavia/workspace/code-generation/tictactoeweb-620896-aa8990a6/tic_tac_toe_frontend/src/App.css Unclosed block

  15 | }
  16 | 
> 17 | .App {
     | ^
  18 |

webpack compiled with 1 error
Compiling...
Failed to compile.

Syntax error: /tmp/kavia/workspace/code-generation/tictactoeweb-620896-aa8990a6/tic_tac_toe_frontend/src/App.css Unclosed block (17:1)
  15 | }
  16 | 
> 17 | .App {
     | ^
  18 |   min-height: 100vh;
  19 |   background: var(--ttt-bg);
ERROR in ./src/App.css (./node_modules/css-loader/dist/cjs.js??ruleSet[1].rules[1].oneOf[5].use[1]!./node_modules/postcss-loader/dist/cjs.js??ruleSet[1].rules[1].oneOf[5].use[2]!./node_modules/source-map-loader/dist/cjs.js!./src/App.css)
Module build failed (from ./node_modules/postcss-loader/dist/cjs.js):
SyntaxError

(17:1) /tmp/kavia/workspace/code-generation/tictactoeweb-620896-aa8990a6/tic_tac_toe_frontend/src/App.css Unclosed block

  15 | }
  16 | 
> 17 | .App {
     | ^
  18 |   min-height: 100vh;
  19 |   background: var(--ttt-bg);

webpack compiled with 1 error
Compiling...
Failed to compile.

Syntax error: /tmp/kavia/workspace/code-generation/tictactoeweb-620896-aa8990a6/tic_tac_toe_frontend/src/App.css Unclosed block (17:1)
  15 | }
  16 | 
> 17 | .App {
     | ^
  18 |   min-height: 100vh;
  19 |   background: var(--ttt-bg);
ERROR in ./src/App.css (./node_modules/css-loader/dist/cjs.js??ruleSet[1].rules[1].oneOf[5].use[1]!./node_modules/postcss-loader/dist/cjs.js??ruleSet[1].rules[1].oneOf[5].use[2]!./node_modules/source-map-loader/dist/cjs.js!./src/App.css)
Module build failed (from ./node_modules/postcss-loader/dist/cjs.js):
SyntaxError

(17:1) /tmp/kavia/workspace/code-generation/tictactoeweb-620896-aa8990a6/tic_tac_toe_frontend/src/App.css Unclosed block

  15 | }
  16 | 
> 17 | .App {
     | ^
  18 |   min-height: 100vh;
  19 |   background: var(--ttt-bg);

webpack compiled with 1 error
Compiling...
Compiled successfully!
webpack compiled successfully
Compiling...
Failed to compile.

Syntax error: /tmp/kavia/workspace/code-generation/tictactoeweb-620896-aa8990a6/tic_tac_toe_frontend/src/App.css Unclosed block (24:1)
  22 | }
  23 | 
> 24 | .ttt-center {
     | ^
  25 |   display: flex;
  26 |
ERROR in ./src/App.css (./node_modules/css-loader/dist/cjs.js??ruleSet[1].rules[1].oneOf[5].use[1]!./node_modules/postcss-loader/dist/cjs.js??ruleSet[1].rules[1].oneOf[5].use[2]!./node_modules/source-map-loader/dist/cjs.js!./src/App.css)
Module build failed (from ./node_modules/postcss-loader/dist/cjs.js):
SyntaxError

(24:1) /tmp/kavia/workspace/code-generation/tictactoeweb-620896-aa8990a6/tic_tac_toe_frontend/src/App.css Unclosed block

  22 | }
  23 | 
> 24 | .ttt-center {
     | ^
  25 |   display: flex;
  26 |

webpack compiled with 1 error
Compiling...
Failed to compile.

Syntax error: /tmp/kavia/workspace/code-generation/tictactoeweb-620896-aa8990a6/tic_tac_toe_frontend/src/App.css Unclosed block (24:1)
  22 | }
  23 | 
> 24 | .ttt-center {
     | ^
  25 |   display: flex;
  26 |   flex-direction: column;
ERROR in ./src/App.css (./node_modules/css-loader/dist/cjs.js??ruleSet[1].rules[1].oneOf[5].use[1]!./node_modules/postcss-loader/dist/cjs.js??ruleSet[1].rules[1].oneOf[5].use[2]!./node_modules/source-map-loader/dist/cjs.js!./src/App.css)
Module build failed (from ./node_modules/postcss-loader/dist/cjs.js):
SyntaxError

(24:1) /tmp/kavia/workspace/code-generation/tictactoeweb-620896-aa8990a6/tic_tac_toe_frontend/src/App.css Unclosed block

  22 | }
  23 | 
> 24 | .ttt-center {
     | ^
  25 |   display: flex;
  26 |   flex-direction: column;

webpack compiled with 1 error
Compiling...
Compiled successfully!
webpack compiled successfully
Compiling...
Failed to compile.

Syntax error: /tmp/kavia/workspace/code-generation/tictactoeweb-620896-aa8990a6/tic_tac_toe_frontend/src/App.css Unclosed block (32:1)
  30 | }
  31 | 
> 32 | .ttt-header {
     | ^
  33 |
ERROR in ./src/App.css (./node_modules/css-loader/dist/cjs.js??ruleSet[1].rules[1].oneOf[5].use[1]!./node_modules/postcss-loader/dist/cjs.js??ruleSet[1].rules[1].oneOf[5].use[2]!./node_modules/source-map-loader/dist/cjs.js!./src/App.css)
Module build failed (from ./node_modules/postcss-loader/dist/cjs.js):
SyntaxError

(32:1) /tmp/kavia/workspace/code-generation/tictactoeweb-620896-aa8990a6/tic_tac_toe_frontend/src/App.css Unclosed block

  30 | }
  31 | 
> 32 | .ttt-header {
     | ^
  33 |

webpack compiled with 1 error
Compiling...
Failed to compile.

Syntax error: /tmp/kavia/workspace/code-generation/tictactoeweb-620896-aa8990a6/tic_tac_toe_frontend/src/App.css Unclosed block (32:1)
  30 | }
  31 | 
> 32 | .ttt-header {
     | ^
  33 |   display: flex;
  34 |
ERROR in ./src/App.css (./node_modules/css-loader/dist/cjs.js??ruleSet[1].rules[1].oneOf[5].use[1]!./node_modules/postcss-loader/dist/cjs.js??ruleSet[1].rules[1].oneOf[5].use[2]!./node_modules/source-map-loader/dist/cjs.js!./src/App.css)
Module build failed (from ./node_modules/postcss-loader/dist/cjs.js):
SyntaxError

(32:1) /tmp/kavia/workspace/code-generation/tictactoeweb-620896-aa8990a6/tic_tac_toe_frontend/src/App.css Unclosed block

  30 | }
  31 | 
> 32 | .ttt-header {
     | ^
  33 |   display: flex;
  34 |

webpack compiled with 1 error
Compiling...
Failed to compile.

Syntax error: /tmp/kavia/workspace/code-generation/tictactoeweb-620896-aa8990a6/tic_tac_toe_frontend/src/App.css Unclosed block (32:1)
  30 | }
  31 | 
> 32 | .ttt-header {
     | ^
  33 |   display: flex;
  34 |   flex-direction: column;
ERROR in ./src/App.css (./node_modules/css-loader/dist/cjs.js??ruleSet[1].rules[1].oneOf[5].use[1]!./node_modules/postcss-loader/dist/cjs.js??ruleSet[1].rules[1].oneOf[5].use[2]!./node_modules/source-map-loader/dist/cjs.js!./src/App.css)
Module build failed (from ./node_modules/postcss-loader/dist/cjs.js):
SyntaxError

(32:1) /tmp/kavia/workspace/code-generation/tictactoeweb-620896-aa8990a6/tic_tac_toe_frontend/src/App.css Unclosed block

  30 | }
  31 | 
> 32 | .ttt-header {
     | ^
  33 |   display: flex;
  34 |   flex-direction: column;

webpack compiled with 1 error
Compiling...
Compiled successfully!
webpack compiled successfully
Compiling...
Failed to compile.

Syntax error: /tmp/kavia/workspace/code-generation/tictactoeweb-620896-aa8990a6/tic_tac_toe_frontend/src/App.css Unclosed block (39:1)
  37 | }
  38 | 
> 39 | .ttt-title {
     | ^
  40 |   font-size: 2.6rem;
  41 |   font-weight: 700;
ERROR in ./src/App.css (./node_modules/css-loader/dist/cjs.js??ruleSet[1].rules[1].oneOf[5].use[1]!./node_modules/postcss-loader/dist/cjs.js??ruleSet[1].rules[1].oneOf[5].use[2]!./node_modules/source-map-loader/dist/cjs.js!./src/App.css)
Module build failed (from ./node_modules/postcss-loader/dist/cjs.js):
SyntaxError

(39:1) /tmp/kavia/workspace/code-generation/tictactoeweb-620896-aa8990a6/tic_tac_toe_frontend/src/App.css Unclosed block

  37 | }
  38 | 
> 39 | .ttt-title {
     | ^
  40 |   font-size: 2.6rem;
  41 |   font-weight: 700;

webpack compiled with 1 error
Compiling...
Failed to compile.

Syntax error: /tmp/kavia/workspace/code-generation/tictactoeweb-620896-aa8990a6/tic_tac_toe_frontend/src/App.css Unclosed block (39:1)
  37 | }
  38 | 
> 39 | .ttt-title {
     | ^
  40 |   font-size: 2.6rem;
  41 |   font-weight: 700;
ERROR in ./src/App.css (./node_modules/css-loader/dist/cjs.js??ruleSet[1].rules[1].oneOf[5].use[1]!./node_modules/postcss-loader/dist/cjs.js??ruleSet[1].rules[1].oneOf[5].use[2]!./node_modules/source-map-loader/dist/cjs.js!./src/App.css)
Module build failed (from ./node_modules/postcss-loader/dist/cjs.js):
SyntaxError

(39:1) /tmp/kavia/workspace/code-generation/tictactoeweb-620896-aa8990a6/tic_tac_toe_frontend/src/App.css Unclosed block

  37 | }
  38 | 
> 39 | .ttt-title {
     | ^
  40 |   font-size: 2.6rem;
  41 |   font-weight: 700;

webpack compiled with 1 error
Compiling...
Failed to compile.

Syntax error: /tmp/kavia/workspace/code-generation/tictactoeweb-620896-aa8990a6/tic_tac_toe_frontend/src/App.css Unclosed block (39:1)
  37 | }
  38 | 
> 39 | .ttt-title {
     | ^
  40 |   font-size: 2.6rem;
  41 |   font-weight: 700;
ERROR in ./src/App.css (./node_modules/css-loader/dist/cjs.js??ruleSet[1].rules[1].oneOf[5].use[1]!./node_modules/postcss-loader/dist/cjs.js??ruleSet[1].rules[1].oneOf[5].use[2]!./node_modules/source-map-loader/dist/cjs.js!./src/App.css)
Module build failed (from ./node_modules/postcss-loader/dist/cjs.js):
SyntaxError

(39:1) /tmp/kavia/workspace/code-generation/tictactoeweb-620896-aa8990a6/tic_tac_toe_frontend/src/App.css Unclosed block

  37 | }
  38 | 
> 39 | .ttt-title {
     | ^
  40 |   font-size: 2.6rem;
  41 |   font-weight: 700;

webpack compiled with 1 error
Compiling...
Failed to compile.

Syntax error: /tmp/kavia/workspace/code-generation/tictactoeweb-620896-aa8990a6/tic_tac_toe_frontend/src/App.css Unclosed block (39:1)
  37 | }
  38 | 
> 39 | .ttt-title {
     | ^
  40 |   font-size: 2.6rem;
  41 |   font-weight: 700;
ERROR in ./src/App.css (./node_modules/css-loader/dist/cjs.js??ruleSet[1].rules[1].oneOf[5].use[1]!./node_modules/postcss-loader/dist/cjs.js??ruleSet[1].rules[1].oneOf[5].use[2]!./node_modules/source-map-loader/dist/cjs.js!./src/App.css)
Module build failed (from ./node_modules/postcss-loader/dist/cjs.js):
SyntaxError

(39:1) /tmp/kavia/workspace/code-generation/tictactoeweb-620896-aa8990a6/tic_tac_toe_frontend/src/App.css Unclosed block

  37 | }
  38 | 
> 39 | .ttt-title {
     | ^
  40 |   font-size: 2.6rem;
  41 |   font-weight: 700;

webpack compiled with 1 error
Compiling...
Failed to compile.

Syntax error: /tmp/kavia/workspace/code-generation/tictactoeweb-620896-aa8990a6/tic_tac_toe_frontend/src/App.css Unclosed block (39:1)
  37 | }
  38 | 
> 39 | .ttt-title {
     | ^
  40 |   font-size: 2.6rem;
  41 |   font-weight: 700;
ERROR in ./src/App.css (./node_modules/css-loader/dist/cjs.js??ruleSet[1].rules[1].oneOf[5].use[1]!./node_modules/postcss-loader/dist/cjs.js??ruleSet[1].rules[1].oneOf[5].use[2]!./node_modules/source-map-loader/dist/cjs.js!./src/App.css)
Module build failed (from ./node_modules/postcss-loader/dist/cjs.js):
SyntaxError

(39:1) /tmp/kavia/workspace/code-generation/tictactoeweb-620896-aa8990a6/tic_tac_toe_frontend/src/App.css Unclosed block

  37 | }
  38 | 
> 39 | .ttt-title {
     | ^
  40 |   font-size: 2.6rem;
  41 |   font-weight: 700;

webpack compiled with 1 error
Compiling...
Compiled successfully!
webpack compiled successfully
Compiling...
Failed to compile.

Syntax error: /tmp/kavia/workspace/code-generation/tictactoeweb-620896-aa8990a6/tic_tac_toe_frontend/src/App.css Unclosed block (48:1)
  46 |   line-height: 1.2;
  47 | }
> 48 | .ttt-title span {
     | ^
  49 |
ERROR in ./src/App.css (./node_modules/css-loader/dist/cjs.js??ruleSet[1].rules[1].oneOf[5].use[1]!./node_modules/postcss-loader/dist/cjs.js??ruleSet[1].rules[1].oneOf[5].use[2]!./node_modules/source-map-loader/dist/cjs.js!./src/App.css)
Module build failed (from ./node_modules/postcss-loader/dist/cjs.js):
SyntaxError

(48:1) /tmp/kavia/workspace/code-generation/tictactoeweb-620896-aa8990a6/tic_tac_toe_frontend/src/App.css Unclosed block

  46 |   line-height: 1.2;
  47 | }
> 48 | .ttt-title span {
     | ^
  49 |

webpack compiled with 1 error
Compiling...
Failed to compile.

Syntax error: /tmp/kavia/workspace/code-generation/tictactoeweb-620896-aa8990a6/tic_tac_toe_frontend/src/App.css Unclosed block (52:1)
  50 | }
  51 | 
> 52 | .ttt-controls {
     | ^
  53 |
ERROR in ./src/App.css (./node_modules/css-loader/dist/cjs.js??ruleSet[1].rules[1].oneOf[5].use[1]!./node_modules/postcss-loader/dist/cjs.js??ruleSet[1].rules[1].oneOf[5].use[2]!./node_modules/source-map-loader/dist/cjs.js!./src/App.css)
Module build failed (from ./node_modules/postcss-loader/dist/cjs.js):
SyntaxError

(52:1) /tmp/kavia/workspace/code-generation/tictactoeweb-620896-aa8990a6/tic_tac_toe_frontend/src/App.css Unclosed block

  50 | }
  51 | 
> 52 | .ttt-controls {
     | ^
  53 |

webpack compiled with 1 error
Compiling...
Failed to compile.

Syntax error: /tmp/kavia/workspace/code-generation/tictactoeweb-620896-aa8990a6/tic_tac_toe_frontend/src/App.css Unclosed block (52:1)
  50 | }
  51 | 
> 52 | .ttt-controls {
     | ^
  53 |   display: flex;
  54 |
ERROR in ./src/App.css (./node_modules/css-loader/dist/cjs.js??ruleSet[1].rules[1].oneOf[5].use[1]!./node_modules/postcss-loader/dist/cjs.js??ruleSet[1].rules[1].oneOf[5].use[2]!./node_modules/source-map-loader/dist/cjs.js!./src/App.css)
Module build failed (from ./node_modules/postcss-loader/dist/cjs.js):
SyntaxError

(52:1) /tmp/kavia/workspace/code-generation/tictactoeweb-620896-aa8990a6/tic_tac_toe_frontend/src/App.css Unclosed block

  50 | }
  51 | 
> 52 | .ttt-controls {
     | ^
  53 |   display: flex;
  54 |

webpack compiled with 1 error
Compiling...
Compiled successfully!
webpack compiled successfully
Compiling...
Failed to compile.

Syntax error: /tmp/kavia/workspace/code-generation/tictactoeweb-620896-aa8990a6/tic_tac_toe_frontend/src/App.css Unclosed block (57:1)
  55 | }
  56 | 
> 57 | .ttt-btn {
     | ^
  58 |
ERROR in ./src/App.css (./node_modules/css-loader/dist/cjs.js??ruleSet[1].rules[1].oneOf[5].use[1]!./node_modules/postcss-loader/dist/cjs.js??ruleSet[1].rules[1].oneOf[5].use[2]!./node_modules/source-map-loader/dist/cjs.js!./src/App.css)
Module build failed (from ./node_modules/postcss-loader/dist/cjs.js):
SyntaxError

(57:1) /tmp/kavia/workspace/code-generation/tictactoeweb-620896-aa8990a6/tic_tac_toe_frontend/src/App.css Unclosed block

  55 | }
  56 | 
> 57 | .ttt-btn {
     | ^
  58 |

webpack compiled with 1 error
Compiling...
Failed to compile.

Syntax error: /tmp/kavia/workspace/code-generation/tictactoeweb-620896-aa8990a6/tic_tac_toe_frontend/src/App.css Unclosed block (57:1)
  55 | }
  56 | 
> 57 | .ttt-btn {
     | ^
  58 |   appearance: none;
  59 |
ERROR in ./src/App.css (./node_modules/css-loader/dist/cjs.js??ruleSet[1].rules[1].oneOf[5].use[1]!./node_modules/postcss-loader/dist/cjs.js??ruleSet[1].rules[1].oneOf[5].use[2]!./node_modules/source-map-loader/dist/cjs.js!./src/App.css)
Module build failed (from ./node_modules/postcss-loader/dist/cjs.js):
SyntaxError

(57:1) /tmp/kavia/workspace/code-generation/tictactoeweb-620896-aa8990a6/tic_tac_toe_frontend/src/App.css Unclosed block

  55 | }
  56 | 
> 57 | .ttt-btn {
     | ^
  58 |   appearance: none;
  59 |

webpack compiled with 1 error
Compiling...
Failed to compile.

Syntax error: /tmp/kavia/workspace/code-generation/tictactoeweb-620896-aa8990a6/tic_tac_toe_frontend/src/App.css Unclosed block (57:1)
  55 | }
  56 | 
> 57 | .ttt-btn {
     | ^
  58 |   appearance: none;
  59 |   border: none;
ERROR in ./src/App.css (./node_modules/css-loader/dist/cjs.js??ruleSet[1].rules[1].oneOf[5].use[1]!./node_modules/postcss-loader/dist/cjs.js??ruleSet[1].rules[1].oneOf[5].use[2]!./node_modules/source-map-loader/dist/cjs.js!./src/App.css)
Module build failed (from ./node_modules/postcss-loader/dist/cjs.js):
SyntaxError

(57:1) /tmp/kavia/workspace/code-generation/tictactoeweb-620896-aa8990a6/tic_tac_toe_frontend/src/App.css Unclosed block

  55 | }
  56 | 
> 57 | .ttt-btn {
     | ^
  58 |   appearance: none;
  59 |   border: none;

webpack compiled with 1 error
Compiling...
Failed to compile.

Syntax error: /tmp/kavia/workspace/code-generation/tictactoeweb-620896-aa8990a6/tic_tac_toe_frontend/src/App.css Unclosed block (57:1)
  55 | }
  56 | 
> 57 | .ttt-btn {
     | ^
  58 |   appearance: none;
  59 |   border: none;
ERROR in ./src/App.css (./node_modules/css-loader/dist/cjs.js??ruleSet[1].rules[1].oneOf[5].use[1]!./node_modules/postcss-loader/dist/cjs.js??ruleSet[1].rules[1].oneOf[5].use[2]!./node_modules/source-map-loader/dist/cjs.js!./src/App.css)
Module build failed (from ./node_modules/postcss-loader/dist/cjs.js):
SyntaxError

(57:1) /tmp/kavia/workspace/code-generation/tictactoeweb-620896-aa8990a6/tic_tac_toe_frontend/src/App.css Unclosed block

  55 | }
  56 | 
> 57 | .ttt-btn {
     | ^
  58 |   appearance: none;
  59 |   border: none;

webpack compiled with 1 error
Compiling...
Failed to compile.

Syntax error: /tmp/kavia/workspace/code-generation/tictactoeweb-620896-aa8990a6/tic_tac_toe_frontend/src/App.css Unclosed block (57:1)
  55 | }
  56 | 
> 57 | .ttt-btn {
     | ^
  58 |   appearance: none;
  59 |   border: none;
ERROR in ./src/App.css (./node_modules/css-loader/dist/cjs.js??ruleSet[1].rules[1].oneOf[5].use[1]!./node_modules/postcss-loader/dist/cjs.js??ruleSet[1].rules[1].oneOf[5].use[2]!./node_modules/source-map-loader/dist/cjs.js!./src/App.css)
Module build failed (from ./node_modules/postcss-loader/dist/cjs.js):
SyntaxError

(57:1) /tmp/kavia/workspace/code-generation/tictactoeweb-620896-aa8990a6/tic_tac_toe_frontend/src/App.css Unclosed block

  55 | }
  56 | 
> 57 | .ttt-btn {
     | ^
  58 |   appearance: none;
  59 |   border: none;

webpack compiled with 1 error
Compiling...
Failed to compile.

Syntax error: /tmp/kavia/workspace/code-generation/tictactoeweb-620896-aa8990a6/tic_tac_toe_frontend/src/App.css Unclosed block (57:1)
  55 | }
  56 | 
> 57 | .ttt-btn {
     | ^
  58 |   appearance: none;
  59 |   border: none;
ERROR in ./src/App.css (./node_modules/css-loader/dist/cjs.js??ruleSet[1].rules[1].oneOf[5].use[1]!./node_modules/postcss-loader/dist/cjs.js??ruleSet[1].rules[1].oneOf[5].use[2]!./node_modules/source-map-loader/dist/cjs.js!./src/App.css)
Module build failed (from ./node_modules/postcss-loader/dist/cjs.js):
SyntaxError

(57:1) /tmp/kavia/workspace/code-generation/tictactoeweb-620896-aa8990a6/tic_tac_toe_frontend/src/App.css Unclosed block

  55 | }
  56 | 
> 57 | .ttt-btn {
     | ^
  58 |   appearance: none;
  59 |   border: none;

webpack compiled with 1 error
Compiling...
Failed to compile.

Syntax error: /tmp/kavia/workspace/code-generation/tictactoeweb-620896-aa8990a6/tic_tac_toe_frontend/src/App.css Unclosed block (57:1)
  55 | }
  56 | 
> 57 | .ttt-btn {
     | ^
  58 |   appearance: none;
  59 |   border: none;
ERROR in ./src/App.css (./node_modules/css-loader/dist/cjs.js??ruleSet[1].rules[1].oneOf[5].use[1]!./node_modules/postcss-loader/dist/cjs.js??ruleSet[1].rules[1].oneOf[5].use[2]!./node_modules/source-map-loader/dist/cjs.js!./src/App.css)
Module build failed (from ./node_modules/postcss-loader/dist/cjs.js):
SyntaxError

(57:1) /tmp/kavia/workspace/code-generation/tictactoeweb-620896-aa8990a6/tic_tac_toe_frontend/src/App.css Unclosed block

  55 | }
  56 | 
> 57 | .ttt-btn {
     | ^
  58 |   appearance: none;
  59 |   border: none;

webpack compiled with 1 error
Compiling...
Failed to compile.

Syntax error: /tmp/kavia/workspace/code-generation/tictactoeweb-620896-aa8990a6/tic_tac_toe_frontend/src/App.css Unclosed block (57:1)
  55 | }
  56 | 
> 57 | .ttt-btn {
     | ^
  58 |   appearance: none;
  59 |   border: none;
ERROR in ./src/App.css (./node_modules/css-loader/dist/cjs.js??ruleSet[1].rules[1].oneOf[5].use[1]!./node_modules/postcss-loader/dist/cjs.js??ruleSet[1].rules[1].oneOf[5].use[2]!./node_modules/source-map-loader/dist/cjs.js!./src/App.css)
Module build failed (from ./node_modules/postcss-loader/dist/cjs.js):
SyntaxError

(57:1) /tmp/kavia/workspace/code-generation/tictactoeweb-620896-aa8990a6/tic_tac_toe_frontend/src/App.css Unclosed block

  55 | }
  56 | 
> 57 | .ttt-btn {
     | ^
  58 |   appearance: none;
  59 |   border: none;

webpack compiled with 1 error
Compiling...
Failed to compile.

Syntax error: /tmp/kavia/workspace/code-generation/tictactoeweb-620896-aa8990a6/tic_tac_toe_frontend/src/App.css Unclosed block (57:1)
  55 | }
  56 | 
> 57 | .ttt-btn {
     | ^
  58 |   appearance: none;
  59 |   border: none;
ERROR in ./src/App.css (./node_modules/css-loader/dist/cjs.js??ruleSet[1].rules[1].oneOf[5].use[1]!./node_modules/postcss-loader/dist/cjs.js??ruleSet[1].rules[1].oneOf[5].use[2]!./node_modules/source-map-loader/dist/cjs.js!./src/App.css)
Module build failed (from ./node_modules/postcss-loader/dist/cjs.js):
SyntaxError

(57:1) /tmp/kavia/workspace/code-generation/tictactoeweb-620896-aa8990a6/tic_tac_toe_frontend/src/App.css Unclosed block

  55 | }
  56 | 
> 57 | .ttt-btn {
     | ^
  58 |   appearance: none;
  59 |   border: none;

webpack compiled with 1 error
Compiling...
Failed to compile.

Syntax error: /tmp/kavia/workspace/code-generation/tictactoeweb-620896-aa8990a6/tic_tac_toe_frontend/src/App.css Unclosed block (57:1)
  55 | }
  56 | 
> 57 | .ttt-btn {
     | ^
  58 |   appearance: none;
  59 |   border: none;
ERROR in ./src/App.css (./node_modules/css-loader/dist/cjs.js??ruleSet[1].rules[1].oneOf[5].use[1]!./node_modules/postcss-loader/dist/cjs.js??ruleSet[1].rules[1].oneOf[5].use[2]!./node_modules/source-map-loader/dist/cjs.js!./src/App.css)
Module build failed (from ./node_modules/postcss-loader/dist/cjs.js):
SyntaxError

(57:1) /tmp/kavia/workspace/code-generation/tictactoeweb-620896-aa8990a6/tic_tac_toe_frontend/src/App.css Unclosed block

  55 | }
  56 | 
> 57 | .ttt-btn {
     | ^
  58 |   appearance: none;
  59 |   border: none;

webpack compiled with 1 error
Compiling...
Failed to compile.

Syntax error: /tmp/kavia/workspace/code-generation/tictactoeweb-620896-aa8990a6/tic_tac_toe_frontend/src/App.css Unclosed block (57:1)
  55 | }
  56 | 
> 57 | .ttt-btn {
     | ^
  58 |   appearance: none;
  59 |   border: none;
ERROR in ./src/App.css (./node_modules/css-loader/dist/cjs.js??ruleSet[1].rules[1].oneOf[5].use[1]!./node_modules/postcss-loader/dist/cjs.js??ruleSet[1].rules[1].oneOf[5].use[2]!./node_modules/source-map-loader/dist/cjs.js!./src/App.css)
Module build failed (from ./node_modules/postcss-loader/dist/cjs.js):
SyntaxError

(57:1) /tmp/kavia/workspace/code-generation/tictactoeweb-620896-aa8990a6/tic_tac_toe_frontend/src/App.css Unclosed block

  55 | }
  56 | 
> 57 | .ttt-btn {
     | ^
  58 |   appearance: none;
  59 |   border: none;

webpack compiled with 1 error
Compiling...
Failed to compile.

Syntax error: /tmp/kavia/workspace/code-generation/tictactoeweb-620896-aa8990a6/tic_tac_toe_frontend/src/App.css Unclosed block (57:1)
  55 | }
  56 | 
> 57 | .ttt-btn {
     | ^
  58 |   appearance: none;
  59 |   border: none;
ERROR in ./src/App.css (./node_modules/css-loader/dist/cjs.js??ruleSet[1].rules[1].oneOf[5].use[1]!./node_modules/postcss-loader/dist/cjs.js??ruleSet[1].rules[1].oneOf[5].use[2]!./node_modules/source-map-loader/dist/cjs.js!./src/App.css)
Module build failed (from ./node_modules/postcss-loader/dist/cjs.js):
SyntaxError

(57:1) /tmp/kavia/workspace/code-generation/tictactoeweb-620896-aa8990a6/tic_tac_toe_frontend/src/App.css Unclosed block

  55 | }
  56 | 
> 57 | .ttt-btn {
     | ^
  58 |   appearance: none;
  59 |   border: none;

webpack compiled with 1 error
Compiling...
Failed to compile.

Syntax error: /tmp/kavia/workspace/code-generation/tictactoeweb-620896-aa8990a6/tic_tac_toe_frontend/src/App.css Unclosed block (57:1)
  55 | }
  56 | 
> 57 | .ttt-btn {
     | ^
  58 |   appearance: none;
  59 |   border: none;
ERROR in ./src/App.css (./node_modules/css-loader/dist/cjs.js??ruleSet[1].rules[1].oneOf[5].use[1]!./node_modules/postcss-loader/dist/cjs.js??ruleSet[1].rules[1].oneOf[5].use[2]!./node_modules/source-map-loader/dist/cjs.js!./src/App.css)
Module build failed (from ./node_modules/postcss-loader/dist/cjs.js):
SyntaxError

(57:1) /tmp/kavia/workspace/code-generation/tictactoeweb-620896-aa8990a6/tic_tac_toe_frontend/src/App.css Unclosed block

  55 | }
  56 | 
> 57 | .ttt-btn {
     | ^
  58 |   appearance: none;
  59 |   border: none;

webpack compiled with 1 error
Compiling...
Compiled successfully!
webpack compiled successfully
Compiling...
Failed to compile.

Syntax error: /tmp/kavia/workspace/code-generation/tictactoeweb-620896-aa8990a6/tic_tac_toe_frontend/src/App.css Unclosed block (72:1)
  70 |   box-shadow: 0 1px 6px rgba(46,62,81,0.03);
  71 | }
> 72 | .ttt-btn:hover:not(:disabled) {
     | ^
  73 |   background: #1763c6;
  74 |
ERROR in ./src/App.css (./node_modules/css-loader/dist/cjs.js??ruleSet[1].rules[1].oneOf[5].use[1]!./node_modules/postcss-loader/dist/cjs.js??ruleSet[1].rules[1].oneOf[5].use[2]!./node_modules/source-map-loader/dist/cjs.js!./src/App.css)
Module build failed (from ./node_modules/postcss-loader/dist/cjs.js):
SyntaxError

(72:1) /tmp/kavia/workspace/code-generation/tictactoeweb-620896-aa8990a6/tic_tac_toe_frontend/src/App.css Unclosed block

  70 |   box-shadow: 0 1px 6px rgba(46,62,81,0.03);
  71 | }
> 72 | .ttt-btn:hover:not(:disabled) {
     | ^
  73 |   background: #1763c6;
  74 |

webpack compiled with 1 error
Compiling...
Failed to compile.

Syntax error: /tmp/kavia/workspace/code-generation/tictactoeweb-620896-aa8990a6/tic_tac_toe_frontend/src/App.css Unclosed block (76:1)
  74 |   box-shadow: 0 3px 16px rgba(50,60,100,0.08);
  75 | }
> 76 | .ttt-btn:disabled {
     | ^
  77 |
ERROR in ./src/App.css (./node_modules/css-loader/dist/cjs.js??ruleSet[1].rules[1].oneOf[5].use[1]!./node_modules/postcss-loader/dist/cjs.js??ruleSet[1].rules[1].oneOf[5].use[2]!./node_modules/source-map-loader/dist/cjs.js!./src/App.css)
Module build failed (from ./node_modules/postcss-loader/dist/cjs.js):
SyntaxError

(76:1) /tmp/kavia/workspace/code-generation/tictactoeweb-620896-aa8990a6/tic_tac_toe_frontend/src/App.css Unclosed block

  74 |   box-shadow: 0 3px 16px rgba(50,60,100,0.08);
  75 | }
> 76 | .ttt-btn:disabled {
     | ^
  77 |

webpack compiled with 1 error
Compiling...
Compiled successfully!
webpack compiled successfully
Compiling...
Failed to compile.

Syntax error: /tmp/kavia/workspace/code-generation/tictactoeweb-620896-aa8990a6/tic_tac_toe_frontend/src/App.css Unclosed block (81:1)
  79 | }
  80 | 
> 81 | .ttt-status {
     | ^
  82 |
ERROR in ./src/App.css (./node_modules/css-loader/dist/cjs.js??ruleSet[1].rules[1].oneOf[5].use[1]!./node_modules/postcss-loader/dist/cjs.js??ruleSet[1].rules[1].oneOf[5].use[2]!./node_modules/source-map-loader/dist/cjs.js!./src/App.css)
Module build failed (from ./node_modules/postcss-loader/dist/cjs.js):
SyntaxError

(81:1) /tmp/kavia/workspace/code-generation/tictactoeweb-620896-aa8990a6/tic_tac_toe_frontend/src/App.css Unclosed block

  79 | }
  80 | 
> 81 | .ttt-status {
     | ^
  82 |

webpack compiled with 1 error
Compiling...
Failed to compile.

Syntax error: /tmp/kavia/workspace/code-generation/tictactoeweb-620896-aa8990a6/tic_tac_toe_frontend/src/App.css Unclosed block (81:1)
  79 | }
  80 | 
> 81 | .ttt-status {
     | ^
  82 |   min-height: 28px;
  83 |   font-size: 1.13rem;
ERROR in ./src/App.css (./node_modules/css-loader/dist/cjs.js??ruleSet[1].rules[1].oneOf[5].use[1]!./node_modules/postcss-loader/dist/cjs.js??ruleSet[1].rules[1].oneOf[5].use[2]!./node_modules/source-map-loader/dist/cjs.js!./src/App.css)
Module build failed (from ./node_modules/postcss-loader/dist/cjs.js):
SyntaxError

(81:1) /tmp/kavia/workspace/code-generation/tictactoeweb-620896-aa8990a6/tic_tac_toe_frontend/src/App.css Unclosed block

  79 | }
  80 | 
> 81 | .ttt-status {
     | ^
  82 |   min-height: 28px;
  83 |   font-size: 1.13rem;

webpack compiled with 1 error
Compiling...
Failed to compile.

Syntax error: /tmp/kavia/workspace/code-generation/tictactoeweb-620896-aa8990a6/tic_tac_toe_frontend/src/App.css Unclosed block (81:1)
  79 | }
  80 | 
> 81 | .ttt-status {
     | ^
  82 |   min-height: 28px;
  83 |   font-size: 1.13rem;
ERROR in ./src/App.css (./node_modules/css-loader/dist/cjs.js??ruleSet[1].rules[1].oneOf[5].use[1]!./node_modules/postcss-loader/dist/cjs.js??ruleSet[1].rules[1].oneOf[5].use[2]!./node_modules/source-map-loader/dist/cjs.js!./src/App.css)
Module build failed (from ./node_modules/postcss-loader/dist/cjs.js):
SyntaxError

(81:1) /tmp/kavia/workspace/code-generation/tictactoeweb-620896-aa8990a6/tic_tac_toe_frontend/src/App.css Unclosed block

  79 | }
  80 | 
> 81 | .ttt-status {
     | ^
  82 |   min-height: 28px;
  83 |   font-size: 1.13rem;

webpack compiled with 1 error
Compiling...
Failed to compile.

Syntax error: /tmp/kavia/workspace/code-generation/tictactoeweb-620896-aa8990a6/tic_tac_toe_frontend/src/App.css Unclosed block (90:1)
  88 | }
  89 | 
> 90 | .ttt-board {
     | ^
  91 |
ERROR in ./src/App.css (./node_modules/css-loader/dist/cjs.js??ruleSet[1].rules[1].oneOf[5].use[1]!./node_modules/postcss-loader/dist/cjs.js??ruleSet[1].rules[1].oneOf[5].use[2]!./node_modules/source-map-loader/dist/cjs.js!./src/App.css)
Module build failed (from ./node_modules/postcss-loader/dist/cjs.js):
SyntaxError

(90:1) /tmp/kavia/workspace/code-generation/tictactoeweb-620896-aa8990a6/tic_tac_toe_frontend/src/App.css Unclosed block

  88 | }
  89 | 
> 90 | .ttt-board {
     | ^
  91 |

webpack compiled with 1 error
Compiling...
Failed to compile.

Syntax error: /tmp/kavia/workspace/code-generation/tictactoeweb-620896-aa8990a6/tic_tac_toe_frontend/src/App.css Unclosed block (90:1)
  88 | }
  89 | 
> 90 | .ttt-board {
     | ^
  91 |
ERROR in ./src/App.css (./node_modules/css-loader/dist/cjs.js??ruleSet[1].rules[1].oneOf[5].use[1]!./node_modules/postcss-loader/dist/cjs.js??ruleSet[1].rules[1].oneOf[5].use[2]!./node_modules/source-map-loader/dist/cjs.js!./src/App.css)
Module build failed (from ./node_modules/postcss-loader/dist/cjs.js):
SyntaxError

(90:1) /tmp/kavia/workspace/code-generation/tictactoeweb-620896-aa8990a6/tic_tac_toe_frontend/src/App.css Unclosed block

  88 | }
  89 | 
> 90 | .ttt-board {
     | ^
  91 |

webpack compiled with 1 error
Compiling...
Failed to compile.

Syntax error: /tmp/kavia/workspace/code-generation/tictactoeweb-620896-aa8990a6/tic_tac_toe_frontend/src/App.css Unclosed block (90:1)
  88 | }
  89 | 
> 90 | .ttt-board {
     | ^
  91 |   width: calc(var(--ttt-cell-size) * 3);
  92 |
ERROR in ./src/App.css (./node_modules/css-loader/dist/cjs.js??ruleSet[1].rules[1].oneOf[5].use[1]!./node_modules/postcss-loader/dist/cjs.js??ruleSet[1].rules[1].oneOf[5].use[2]!./node_modules/source-map-loader/dist/cjs.js!./src/App.css)
Module build failed (from ./node_modules/postcss-loader/dist/cjs.js):
SyntaxError

(90:1) /tmp/kavia/workspace/code-generation/tictactoeweb-620896-aa8990a6/tic_tac_toe_frontend/src/App.css Unclosed block

  88 | }
  89 | 
> 90 | .ttt-board {
     | ^
  91 |   width: calc(var(--ttt-cell-size) * 3);
  92 |

webpack compiled with 1 error
Compiling...
Failed to compile.

Syntax error: /tmp/kavia/workspace/code-generation/tictactoeweb-620896-aa8990a6/tic_tac_toe_frontend/src/App.css Unclosed block (90:1)
  88 | }
  89 | 
> 90 | .ttt-board {
     | ^
  91 |   width: calc(var(--ttt-cell-size) * 3);
  92 |   height: calc(var(--ttt-cell-size) * 3);
ERROR in ./src/App.css (./node_modules/css-loader/dist/cjs.js??ruleSet[1].rules[1].oneOf[5].use[1]!./node_modules/postcss-loader/dist/cjs.js??ruleSet[1].rules[1].oneOf[5].use[2]!./node_modules/source-map-loader/dist/cjs.js!./src/App.css)
Module build failed (from ./node_modules/postcss-loader/dist/cjs.js):
SyntaxError

(90:1) /tmp/kavia/workspace/code-generation/tictactoeweb-620896-aa8990a6/tic_tac_toe_frontend/src/App.css Unclosed block

  88 | }
  89 | 
> 90 | .ttt-board {
     | ^
  91 |   width: calc(var(--ttt-cell-size) * 3);
  92 |   height: calc(var(--ttt-cell-size) * 3);

webpack compiled with 1 error
Compiling...
Failed to compile.

Syntax error: /tmp/kavia/workspace/code-generation/tictactoeweb-620896-aa8990a6/tic_tac_toe_frontend/src/App.css Unclosed block (90:1)
  88 | }
  89 | 
> 90 | .ttt-board {
     | ^
  91 |   width: calc(var(--ttt-cell-size) * 3);
  92 |   height: calc(var(--ttt-cell-size) * 3);
ERROR in ./src/App.css (./node_modules/css-loader/dist/cjs.js??ruleSet[1].rules[1].oneOf[5].use[1]!./node_modules/postcss-loader/dist/cjs.js??ruleSet[1].rules[1].oneOf[5].use[2]!./node_modules/source-map-loader/dist/cjs.js!./src/App.css)
Module build failed (from ./node_modules/postcss-loader/dist/cjs.js):
SyntaxError

(90:1) /tmp/kavia/workspace/code-generation/tictactoeweb-620896-aa8990a6/tic_tac_toe_frontend/src/App.css Unclosed block

  88 | }
  89 | 
> 90 | .ttt-board {
     | ^
  91 |   width: calc(var(--ttt-cell-size) * 3);
  92 |   height: calc(var(--ttt-cell-size) * 3);

webpack compiled with 1 error
Compiling...
Failed to compile.

Syntax error: /tmp/kavia/workspace/code-generation/tictactoeweb-620896-aa8990a6/tic_tac_toe_frontend/src/App.css Unclosed block (90:1)
  88 | }
  89 | 
> 90 | .ttt-board {
     | ^
  91 |   width: calc(var(--ttt-cell-size) * 3);
  92 |   height: calc(var(--ttt-cell-size) * 3);
ERROR in ./src/App.css (./node_modules/css-loader/dist/cjs.js??ruleSet[1].rules[1].oneOf[5].use[1]!./node_modules/postcss-loader/dist/cjs.js??ruleSet[1].rules[1].oneOf[5].use[2]!./node_modules/source-map-loader/dist/cjs.js!./src/App.css)
Module build failed (from ./node_modules/postcss-loader/dist/cjs.js):
SyntaxError

(90:1) /tmp/kavia/workspace/code-generation/tictactoeweb-620896-aa8990a6/tic_tac_toe_frontend/src/App.css Unclosed block

  88 | }
  89 | 
> 90 | .ttt-board {
     | ^
  91 |   width: calc(var(--ttt-cell-size) * 3);
  92 |   height: calc(var(--ttt-cell-size) * 3);

webpack compiled with 1 error
Compiling...
Failed to compile.

Syntax error: /tmp/kavia/workspace/code-generation/tictactoeweb-620896-aa8990a6/tic_tac_toe_frontend/src/App.css Unclosed block (90:1)
  88 | }
  89 | 
> 90 | .ttt-board {
     | ^
  91 |   width: calc(var(--ttt-cell-size) * 3);
  92 |   height: calc(var(--ttt-cell-size) * 3);
ERROR in ./src/App.css (./node_modules/css-loader/dist/cjs.js??ruleSet[1].rules[1].oneOf[5].use[1]!./node_modules/postcss-loader/dist/cjs.js??ruleSet[1].rules[1].oneOf[5].use[2]!./node_modules/source-map-loader/dist/cjs.js!./src/App.css)
Module build failed (from ./node_modules/postcss-loader/dist/cjs.js):
SyntaxError

(90:1) /tmp/kavia/workspace/code-generation/tictactoeweb-620896-aa8990a6/tic_tac_toe_frontend/src/App.css Unclosed block

  88 | }
  89 | 
> 90 | .ttt-board {
     | ^
  91 |   width: calc(var(--ttt-cell-size) * 3);
  92 |   height: calc(var(--ttt-cell-size) * 3);

webpack compiled with 1 error
Compiling...
Failed to compile.

Syntax error: /tmp/kavia/workspace/code-generation/tictactoeweb-620896-aa8990a6/tic_tac_toe_frontend/src/App.css Unclosed block (90:1)
  88 | }
  89 | 
> 90 | .ttt-board {
     | ^
  91 |   width: calc(var(--ttt-cell-size) * 3);
  92 |   height: calc(var(--ttt-cell-size) * 3);
ERROR in ./src/App.css (./node_modules/css-loader/dist/cjs.js??ruleSet[1].rules[1].oneOf[5].use[1]!./node_modules/postcss-loader/dist/cjs.js??ruleSet[1].rules[1].oneOf[5].use[2]!./node_modules/source-map-loader/dist/cjs.js!./src/App.css)
Module build failed (from ./node_modules/postcss-loader/dist/cjs.js):
SyntaxError

(90:1) /tmp/kavia/workspace/code-generation/tictactoeweb-620896-aa8990a6/tic_tac_toe_frontend/src/App.css Unclosed block

  88 | }
  89 | 
> 90 | .ttt-board {
     | ^
  91 |   width: calc(var(--ttt-cell-size) * 3);
  92 |   height: calc(var(--ttt-cell-size) * 3);

webpack compiled with 1 error
Compiling...
Failed to compile.

Syntax error: /tmp/kavia/workspace/code-generation/tictactoeweb-620896-aa8990a6/tic_tac_toe_frontend/src/App.css Unclosed block (103:1)
  101 | }
  102 | 
> 103 | .ttt-cell {
      | ^
  104 |
ERROR in ./src/App.css (./node_modules/css-loader/dist/cjs.js??ruleSet[1].rules[1].oneOf[5].use[1]!./node_modules/postcss-loader/dist/cjs.js??ruleSet[1].rules[1].oneOf[5].use[2]!./node_modules/source-map-loader/dist/cjs.js!./src/App.css)
Module build failed (from ./node_modules/postcss-loader/dist/cjs.js):
SyntaxError

(103:1) /tmp/kavia/workspace/code-generation/tictactoeweb-620896-aa8990a6/tic_tac_toe_frontend/src/App.css Unclosed block

  101 | }
  102 | 
> 103 | .ttt-cell {
      | ^
  104 |

webpack compiled with 1 error
Compiling...
Failed to compile.

Syntax error: /tmp/kavia/workspace/code-generation/tictactoeweb-620896-aa8990a6/tic_tac_toe_frontend/src/App.css Unclosed block (103:1)
  101 | }
  102 | 
> 103 | .ttt-cell {
      | ^
  104 |   border: 1.5px solid var(--ttt-cell-border);
  105 |
ERROR in ./src/App.css (./node_modules/css-loader/dist/cjs.js??ruleSet[1].rules[1].oneOf[5].use[1]!./node_modules/postcss-loader/dist/cjs.js??ruleSet[1].rules[1].oneOf[5].use[2]!./node_modules/source-map-loader/dist/cjs.js!./src/App.css)
Module build failed (from ./node_modules/postcss-loader/dist/cjs.js):
SyntaxError

(103:1) /tmp/kavia/workspace/code-generation/tictactoeweb-620896-aa8990a6/tic_tac_toe_frontend/src/App.css Unclosed block

  101 | }
  102 | 
> 103 | .ttt-cell {
      | ^
  104 |   border: 1.5px solid var(--ttt-cell-border);
  105 |

webpack compiled with 1 error
Compiling...
Failed to compile.

Syntax error: /tmp/kavia/workspace/code-generation/tictactoeweb-620896-aa8990a6/tic_tac_toe_frontend/src/App.css Unclosed block (103:1)
  101 | }
  102 | 
> 103 | .ttt-cell {
      | ^
  104 |   border: 1.5px solid var(--ttt-cell-border);
  105 |   outline: none;
ERROR in ./src/App.css (./node_modules/css-loader/dist/cjs.js??ruleSet[1].rules[1].oneOf[5].use[1]!./node_modules/postcss-loader/dist/cjs.js??ruleSet[1].rules[1].oneOf[5].use[2]!./node_modules/source-map-loader/dist/cjs.js!./src/App.css)
Module build failed (from ./node_modules/postcss-loader/dist/cjs.js):
SyntaxError

(103:1) /tmp/kavia/workspace/code-generation/tictactoeweb-620896-aa8990a6/tic_tac_toe_frontend/src/App.css Unclosed block

  101 | }
  102 | 
> 103 | .ttt-cell {
      | ^
  104 |   border: 1.5px solid var(--ttt-cell-border);
  105 |   outline: none;

webpack compiled with 1 error
Compiling...
Failed to compile.

Syntax error: /tmp/kavia/workspace/code-generation/tictactoeweb-620896-aa8990a6/tic_tac_toe_frontend/src/App.css Unclosed block (103:1)
  101 | }
  102 | 
> 103 | .ttt-cell {
      | ^
  104 |   border: 1.5px solid var(--ttt-cell-border);
  105 |   outline: none;
ERROR in ./src/App.css (./node_modules/css-loader/dist/cjs.js??ruleSet[1].rules[1].oneOf[5].use[1]!./node_modules/postcss-loader/dist/cjs.js??ruleSet[1].rules[1].oneOf[5].use[2]!./node_modules/source-map-loader/dist/cjs.js!./src/App.css)
Module build failed (from ./node_modules/postcss-loader/dist/cjs.js):
SyntaxError

(103:1) /tmp/kavia/workspace/code-generation/tictactoeweb-620896-aa8990a6/tic_tac_toe_frontend/src/App.css Unclosed block

  101 | }
  102 | 
> 103 | .ttt-cell {
      | ^
  104 |   border: 1.5px solid var(--ttt-cell-border);
  105 |   outline: none;

webpack compiled with 1 error
Compiling...
Failed to compile.

Syntax error: /tmp/kavia/workspace/code-generation/tictactoeweb-620896-aa8990a6/tic_tac_toe_frontend/src/App.css Unclosed block (103:1)
  101 | }
  102 | 
> 103 | .ttt-cell {
      | ^
  104 |   border: 1.5px solid var(--ttt-cell-border);
  105 |   outline: none;
ERROR in ./src/App.css (./node_modules/css-loader/dist/cjs.js??ruleSet[1].rules[1].oneOf[5].use[1]!./node_modules/postcss-loader/dist/cjs.js??ruleSet[1].rules[1].oneOf[5].use[2]!./node_modules/source-map-loader/dist/cjs.js!./src/App.css)
Module build failed (from ./node_modules/postcss-loader/dist/cjs.js):
SyntaxError

(103:1) /tmp/kavia/workspace/code-generation/tictactoeweb-620896-aa8990a6/tic_tac_toe_frontend/src/App.css Unclosed block

  101 | }
  102 | 
> 103 | .ttt-cell {
      | ^
  104 |   border: 1.5px solid var(--ttt-cell-border);
  105 |   outline: none;

webpack compiled with 1 error
Compiling...
Failed to compile.

Syntax error: /tmp/kavia/workspace/code-generation/tictactoeweb-620896-aa8990a6/tic_tac_toe_frontend/src/App.css Unclosed block (103:1)
  101 | }
  102 | 
> 103 | .ttt-cell {
      | ^
  104 |   border: 1.5px solid var(--ttt-cell-border);
  105 |   outline: none;
ERROR in ./src/App.css (./node_modules/css-loader/dist/cjs.js??ruleSet[1].rules[1].oneOf[5].use[1]!./node_modules/postcss-loader/dist/cjs.js??ruleSet[1].rules[1].oneOf[5].use[2]!./node_modules/source-map-loader/dist/cjs.js!./src/App.css)
Module build failed (from ./node_modules/postcss-loader/dist/cjs.js):
SyntaxError

(103:1) /tmp/kavia/workspace/code-generation/tictactoeweb-620896-aa8990a6/tic_tac_toe_frontend/src/App.css Unclosed block

  101 | }
  102 | 
> 103 | .ttt-cell {
      | ^
  104 |   border: 1.5px solid var(--ttt-cell-border);
  105 |   outline: none;

webpack compiled with 1 error
Compiling...
Failed to compile.

Syntax error: /tmp/kavia/workspace/code-generation/tictactoeweb-620896-aa8990a6/tic_tac_toe_frontend/src/App.css Unclosed block (103:1)
  101 | }
  102 | 
> 103 | .ttt-cell {
      | ^
  104 |   border: 1.5px solid var(--ttt-cell-border);
  105 |   outline: none;
ERROR in ./src/App.css (./node_modules/css-loader/dist/cjs.js??ruleSet[1].rules[1].oneOf[5].use[1]!./node_modules/postcss-loader/dist/cjs.js??ruleSet[1].rules[1].oneOf[5].use[2]!./node_modules/source-map-loader/dist/cjs.js!./src/App.css)
Module build failed (from ./node_modules/postcss-loader/dist/cjs.js):
SyntaxError

(103:1) /tmp/kavia/workspace/code-generation/tictactoeweb-620896-aa8990a6/tic_tac_toe_frontend/src/App.css Unclosed block

  101 | }
  102 | 
> 103 | .ttt-cell {
      | ^
  104 |   border: 1.5px solid var(--ttt-cell-border);
  105 |   outline: none;

webpack compiled with 1 error
Compiling...
Compiled successfully!
webpack compiled successfully
Compiling...
Failed to compile.

Syntax error: /tmp/kavia/workspace/code-generation/tictactoeweb-620896-aa8990a6/tic_tac_toe_frontend/src/App.css Unclosed block (119:1)
  117 |   margin: 0;
  118 | }
> 119 | .ttt-cell.filled {
      | ^
  120 |
ERROR in ./src/App.css (./node_modules/css-loader/dist/cjs.js??ruleSet[1].rules[1].oneOf[5].use[1]!./node_modules/postcss-loader/dist/cjs.js??ruleSet[1].rules[1].oneOf[5].use[2]!./node_modules/source-map-loader/dist/cjs.js!./src/App.css)
Module build failed (from ./node_modules/postcss-loader/dist/cjs.js):
SyntaxError

(119:1) /tmp/kavia/workspace/code-generation/tictactoeweb-620896-aa8990a6/tic_tac_toe_frontend/src/App.css Unclosed block

  117 |   margin: 0;
  118 | }
> 119 | .ttt-cell.filled {
      | ^
  120 |

webpack compiled with 1 error
Compiling...
Failed to compile.

Syntax error: /tmp/kavia/workspace/code-generation/tictactoeweb-620896-aa8990a6/tic_tac_toe_frontend/src/App.css Unclosed block (119:1)
  117 |   margin: 0;
  118 | }
> 119 | .ttt-cell.filled {
      | ^
  120 |   cursor: not-allowed;
  121 |
ERROR in ./src/App.css (./node_modules/css-loader/dist/cjs.js??ruleSet[1].rules[1].oneOf[5].use[1]!./node_modules/postcss-loader/dist/cjs.js??ruleSet[1].rules[1].oneOf[5].use[2]!./node_modules/source-map-loader/dist/cjs.js!./src/App.css)
Module build failed (from ./node_modules/postcss-loader/dist/cjs.js):
SyntaxError

(119:1) /tmp/kavia/workspace/code-generation/tictactoeweb-620896-aa8990a6/tic_tac_toe_frontend/src/App.css Unclosed block

  117 |   margin: 0;
  118 | }
> 119 | .ttt-cell.filled {
      | ^
  120 |   cursor: not-allowed;
  121 |

webpack compiled with 1 error
Compiling...
Compiled successfully!
webpack compiled successfully
Compiling...
Failed to compile.

Syntax error: /tmp/kavia/workspace/code-generation/tictactoeweb-620896-aa8990a6/tic_tac_toe_frontend/src/App.css Unclosed block (123:1)
  121 |   background: #f2f2f2;
  122 | }
> 123 | .ttt-cell:active:not(.filled) {
      | ^
  124 |
ERROR in ./src/App.css (./node_modules/css-loader/dist/cjs.js??ruleSet[1].rules[1].oneOf[5].use[1]!./node_modules/postcss-loader/dist/cjs.js??ruleSet[1].rules[1].oneOf[5].use[2]!./node_modules/source-map-loader/dist/cjs.js!./src/App.css)
Module build failed (from ./node_modules/postcss-loader/dist/cjs.js):
SyntaxError

(123:1) /tmp/kavia/workspace/code-generation/tictactoeweb-620896-aa8990a6/tic_tac_toe_frontend/src/App.css Unclosed block

  121 |   background: #f2f2f2;
  122 | }
> 123 | .ttt-cell:active:not(.filled) {
      | ^
  124 |

webpack compiled with 1 error
Compiling...
Failed to compile.

Syntax error: /tmp/kavia/workspace/code-generation/tictactoeweb-620896-aa8990a6/tic_tac_toe_frontend/src/App.css Unclosed block (123:1)
  121 |   background: #f2f2f2;
  122 | }
> 123 | .ttt-cell:active:not(.filled) {
      | ^
  124 |   background: #e9f1fd;
  125 |
ERROR in ./src/App.css (./node_modules/css-loader/dist/cjs.js??ruleSet[1].rules[1].oneOf[5].use[1]!./node_modules/postcss-loader/dist/cjs.js??ruleSet[1].rules[1].oneOf[5].use[2]!./node_modules/source-map-loader/dist/cjs.js!./src/App.css)
Module build failed (from ./node_modules/postcss-loader/dist/cjs.js):
SyntaxError

(123:1) /tmp/kavia/workspace/code-generation/tictactoeweb-620896-aa8990a6/tic_tac_toe_frontend/src/App.css Unclosed block

  121 |   background: #f2f2f2;
  122 | }
> 123 | .ttt-cell:active:not(.filled) {
      | ^
  124 |   background: #e9f1fd;
  125 |

webpack compiled with 1 error
Compiling...
Compiled successfully!
webpack compiled successfully
Compiling...
Failed to compile.

Syntax error: /tmp/kavia/workspace/code-generation/tictactoeweb-620896-aa8990a6/tic_tac_toe_frontend/src/App.css Unclosed block (126:1)
  124 |   background: #e9f1fd;
  125 | }
> 126 | .ttt-cell:nth-child(3n) {
      | ^
  127 |
ERROR in ./src/App.css (./node_modules/css-loader/dist/cjs.js??ruleSet[1].rules[1].oneOf[5].use[1]!./node_modules/postcss-loader/dist/cjs.js??ruleSet[1].rules[1].oneOf[5].use[2]!./node_modules/source-map-loader/dist/cjs.js!./src/App.css)
Module build failed (from ./node_modules/postcss-loader/dist/cjs.js):
SyntaxError

(126:1) /tmp/kavia/workspace/code-generation/tictactoeweb-620896-aa8990a6/tic_tac_toe_frontend/src/App.css Unclosed block

  124 |   background: #e9f1fd;
  125 | }
> 126 | .ttt-cell:nth-child(3n) {
      | ^
  127 |

webpack compiled with 1 error
Compiling...
Failed to compile.

Syntax error: /tmp/kavia/workspace/code-generation/tictactoeweb-620896-aa8990a6/tic_tac_toe_frontend/src/App.css Unclosed block (133:1)
  131 | }
  132 | 
> 133 | .ttt-footer {
      | ^
  134 |
ERROR in ./src/App.css (./node_modules/css-loader/dist/cjs.js??ruleSet[1].rules[1].oneOf[5].use[1]!./node_modules/postcss-loader/dist/cjs.js??ruleSet[1].rules[1].oneOf[5].use[2]!./node_modules/source-map-loader/dist/cjs.js!./src/App.css)
Module build failed (from ./node_modules/postcss-loader/dist/cjs.js):
SyntaxError

(133:1) /tmp/kavia/workspace/code-generation/tictactoeweb-620896-aa8990a6/tic_tac_toe_frontend/src/App.css Unclosed block

  131 | }
  132 | 
> 133 | .ttt-footer {
      | ^
  134 |

webpack compiled with 1 error
Compiling...
Failed to compile.

Syntax error: /tmp/kavia/workspace/code-generation/tictactoeweb-620896-aa8990a6/tic_tac_toe_frontend/src/App.css Unclosed block (133:1)
  131 | }
  132 | 
> 133 | .ttt-footer {
      | ^
  134 |   display: flex;
  135 |   align-items: center;
ERROR in ./src/App.css (./node_modules/css-loader/dist/cjs.js??ruleSet[1].rules[1].oneOf[5].use[1]!./node_modules/postcss-loader/dist/cjs.js??ruleSet[1].rules[1].oneOf[5].use[2]!./node_modules/source-map-loader/dist/cjs.js!./src/App.css)
Module build failed (from ./node_modules/postcss-loader/dist/cjs.js):
SyntaxError

(133:1) /tmp/kavia/workspace/code-generation/tictactoeweb-620896-aa8990a6/tic_tac_toe_frontend/src/App.css Unclosed block

  131 | }
  132 | 
> 133 | .ttt-footer {
      | ^
  134 |   display: flex;
  135 |   align-items: center;

webpack compiled with 1 error
Compiling...
Failed to compile.

Syntax error: /tmp/kavia/workspace/code-generation/tictactoeweb-620896-aa8990a6/tic_tac_toe_frontend/src/App.css Unclosed block (133:1)
  131 | }
  132 | 
> 133 | .ttt-footer {
      | ^
  134 |   display: flex;
  135 |   align-items: center;
ERROR in ./src/App.css (./node_modules/css-loader/dist/cjs.js??ruleSet[1].rules[1].oneOf[5].use[1]!./node_modules/postcss-loader/dist/cjs.js??ruleSet[1].rules[1].oneOf[5].use[2]!./node_modules/source-map-loader/dist/cjs.js!./src/App.css)
Module build failed (from ./node_modules/postcss-loader/dist/cjs.js):
SyntaxError

(133:1) /tmp/kavia/workspace/code-generation/tictactoeweb-620896-aa8990a6/tic_tac_toe_frontend/src/App.css Unclosed block

  131 | }
  132 | 
> 133 | .ttt-footer {
      | ^
  134 |   display: flex;
  135 |   align-items: center;

webpack compiled with 1 error
Compiling...
Failed to compile.

Syntax error: /tmp/kavia/workspace/code-generation/tictactoeweb-620896-aa8990a6/tic_tac_toe_frontend/src/App.css Unclosed block (133:1)
  131 | }
  132 | 
> 133 | .ttt-footer {
      | ^
  134 |   display: flex;
  135 |   align-items: center;
ERROR in ./src/App.css (./node_modules/css-loader/dist/cjs.js??ruleSet[1].rules[1].oneOf[5].use[1]!./node_modules/postcss-loader/dist/cjs.js??ruleSet[1].rules[1].oneOf[5].use[2]!./node_modules/source-map-loader/dist/cjs.js!./src/App.css)
Module build failed (from ./node_modules/postcss-loader/dist/cjs.js):
SyntaxError

(133:1) /tmp/kavia/workspace/code-generation/tictactoeweb-620896-aa8990a6/tic_tac_toe_frontend/src/App.css Unclosed block

  131 | }
  132 | 
> 133 | .ttt-footer {
      | ^
  134 |   display: flex;
  135 |   align-items: center;

webpack compiled with 1 error
Compiling...
Failed to compile.

Syntax error: /tmp/kavia/workspace/code-generation/tictactoeweb-620896-aa8990a6/tic_tac_toe_frontend/src/App.css Unclosed block (141:3)
  139 | 
  140 | @media (max-width: 650px) {
> 141 |   :root {
      |   ^
  142 |
ERROR in ./src/App.css (./node_modules/css-loader/dist/cjs.js??ruleSet[1].rules[1].oneOf[5].use[1]!./node_modules/postcss-loader/dist/cjs.js??ruleSet[1].rules[1].oneOf[5].use[2]!./node_modules/source-map-loader/dist/cjs.js!./src/App.css)
Module build failed (from ./node_modules/postcss-loader/dist/cjs.js):
SyntaxError

(141:3) /tmp/kavia/workspace/code-generation/tictactoeweb-620896-aa8990a6/tic_tac_toe_frontend/src/App.css Unclosed block

  139 | 
  140 | @media (max-width: 650px) {
> 141 |   :root {
      |   ^
  142 |

webpack compiled with 1 error
Compiling...
Failed to compile.

Syntax error: /tmp/kavia/workspace/code-generation/tictactoeweb-620896-aa8990a6/tic_tac_toe_frontend/src/App.css Unclosed block (140:1)
  138 | }
  139 | 
> 140 | @media (max-width: 650px) {
      | ^
  141 |   :root {
  142 |     --ttt-cell-size: 56px;
ERROR in ./src/App.css (./node_modules/css-loader/dist/cjs.js??ruleSet[1].rules[1].oneOf[5].use[1]!./node_modules/postcss-loader/dist/cjs.js??ruleSet[1].rules[1].oneOf[5].use[2]!./node_modules/source-map-loader/dist/cjs.js!./src/App.css)
Module build failed (from ./node_modules/postcss-loader/dist/cjs.js):
SyntaxError

(140:1) /tmp/kavia/workspace/code-generation/tictactoeweb-620896-aa8990a6/tic_tac_toe_frontend/src/App.css Unclosed block

  138 | }
  139 | 
> 140 | @media (max-width: 650px) {
      | ^
  141 |   :root {
  142 |     --ttt-cell-size: 56px;

webpack compiled with 1 error
Compiling...
Failed to compile.

Syntax error: /tmp/kavia/workspace/code-generation/tictactoeweb-620896-aa8990a6/tic_tac_toe_frontend/src/App.css Unclosed block (144:3)
  142 |     --ttt-cell-size: 56px;
  143 |   }
> 144 |   .ttt-board {
      |   ^
  145 |     width: calc(var(--ttt-cell-size) * 3);
  146 |
ERROR in ./src/App.css (./node_modules/css-loader/dist/cjs.js??ruleSet[1].rules[1].oneOf[5].use[1]!./node_modules/postcss-loader/dist/cjs.js??ruleSet[1].rules[1].oneOf[5].use[2]!./node_modules/source-map-loader/dist/cjs.js!./src/App.css)
Module build failed (from ./node_modules/postcss-loader/dist/cjs.js):
SyntaxError

(144:3) /tmp/kavia/workspace/code-generation/tictactoeweb-620896-aa8990a6/tic_tac_toe_frontend/src/App.css Unclosed block

  142 |     --ttt-cell-size: 56px;
  143 |   }
> 144 |   .ttt-board {
      |   ^
  145 |     width: calc(var(--ttt-cell-size) * 3);
  146 |

webpack compiled with 1 error
Compiling...
Failed to compile.

Syntax error: /tmp/kavia/workspace/code-generation/tictactoeweb-620896-aa8990a6/tic_tac_toe_frontend/src/App.css Unclosed block (144:3)
  142 |     --ttt-cell-size: 56px;
  143 |   }
> 144 |   .ttt-board {
      |   ^
  145 |     width: calc(var(--ttt-cell-size) * 3);
  146 |
ERROR in ./src/App.css (./node_modules/css-loader/dist/cjs.js??ruleSet[1].rules[1].oneOf[5].use[1]!./node_modules/postcss-loader/dist/cjs.js??ruleSet[1].rules[1].oneOf[5].use[2]!./node_modules/source-map-loader/dist/cjs.js!./src/App.css)
Module build failed (from ./node_modules/postcss-loader/dist/cjs.js):
SyntaxError

(144:3) /tmp/kavia/workspace/code-generation/tictactoeweb-620896-aa8990a6/tic_tac_toe_frontend/src/App.css Unclosed block

  142 |     --ttt-cell-size: 56px;
  143 |   }
> 144 |   .ttt-board {
      |   ^
  145 |     width: calc(var(--ttt-cell-size) * 3);
  146 |

webpack compiled with 1 error
Compiling...
Failed to compile.

Syntax error: /tmp/kavia/workspace/code-generation/tictactoeweb-620896-aa8990a6/tic_tac_toe_frontend/src/App.css Unclosed block (148:3)
  146 |     height: calc(var(--ttt-cell-size) * 3);
  147 |   }
> 148 |   .ttt-title {
      |   ^
  149 |
ERROR in ./src/App.css (./node_modules/css-loader/dist/cjs.js??ruleSet[1].rules[1].oneOf[5].use[1]!./node_modules/postcss-loader/dist/cjs.js??ruleSet[1].rules[1].oneOf[5].use[2]!./node_modules/source-map-loader/dist/cjs.js!./src/App.css)
Module build failed (from ./node_modules/postcss-loader/dist/cjs.js):
SyntaxError

(148:3) /tmp/kavia/workspace/code-generation/tictactoeweb-620896-aa8990a6/tic_tac_toe_frontend/src/App.css Unclosed block

  146 |     height: calc(var(--ttt-cell-size) * 3);
  147 |   }
> 148 |   .ttt-title {
      |   ^
  149 |

webpack compiled with 1 error
Compiling...
Failed to compile.

Syntax error: /tmp/kavia/workspace/code-generation/tictactoeweb-620896-aa8990a6/tic_tac_toe_frontend/src/App.css Unclosed block (151:3)
  149 |     font-size: 1.6rem;
  150 |   }
> 151 |   .ttt-btn {
      |   ^
  152 |
ERROR in ./src/App.css (./node_modules/css-loader/dist/cjs.js??ruleSet[1].rules[1].oneOf[5].use[1]!./node_modules/postcss-loader/dist/cjs.js??ruleSet[1].rules[1].oneOf[5].use[2]!./node_modules/source-map-loader/dist/cjs.js!./src/App.css)
Module build failed (from ./node_modules/postcss-loader/dist/cjs.js):
SyntaxError

(151:3) /tmp/kavia/workspace/code-generation/tictactoeweb-620896-aa8990a6/tic_tac_toe_frontend/src/App.css Unclosed block

  149 |     font-size: 1.6rem;
  150 |   }
> 151 |   .ttt-btn {
      |   ^
  152 |

webpack compiled with 1 error
Compiling...
Failed to compile.

Syntax error: /tmp/kavia/workspace/code-generation/tictactoeweb-620896-aa8990a6/tic_tac_toe_frontend/src/App.css Unclosed block (151:3)
  149 |     font-size: 1.6rem;
  150 |   }
> 151 |   .ttt-btn {
      |   ^
  152 |     font-size: .97rem;
  153 |     padding: 8px 15px;
ERROR in ./src/App.css (./node_modules/css-loader/dist/cjs.js??ruleSet[1].rules[1].oneOf[5].use[1]!./node_modules/postcss-loader/dist/cjs.js??ruleSet[1].rules[1].oneOf[5].use[2]!./node_modules/source-map-loader/dist/cjs.js!./src/App.css)
Module build failed (from ./node_modules/postcss-loader/dist/cjs.js):
SyntaxError

(151:3) /tmp/kavia/workspace/code-generation/tictactoeweb-620896-aa8990a6/tic_tac_toe_frontend/src/App.css Unclosed block

  149 |     font-size: 1.6rem;
  150 |   }
> 151 |   .ttt-btn {
      |   ^
  152 |     font-size: .97rem;
  153 |     padding: 8px 15px;

webpack compiled with 1 error
Compiling...
Compiled successfully!
webpack compiled successfully
Compiling...
Compiled successfully!
webpack compiled successfully
Compiling...
Compiled successfully!
webpack compiled successfully
Compiling...
Compiled successfully!
webpack compiled successfully
Compiling...
Compiled successfully!
webpack compiled successfully
